<?xml version="1.0" encoding="utf-8"?>
<TEI xmlns="http://www.tei-c.org/ns/1.0" xmlns:xsi="http://www.w3.org/2001/XMLSchema-instance" xsi:schemaLocation="http://www.tei-c.org/ns/1.0 http://ride.i-d-e.de/wp-content/uploads/downloads/schema/ride.xsd">
  <teiHeader>
    <fileDesc>
      <titleStmt>
        <title/>
        <respStmt>
          <resp>author</resp>
          <name>
            <persName>
              <forename xml:id="reviewer_forename">Francisco Javier</forename>
              <surname xml:id="reviewer_surname">Álvarez Carbajal</surname>
            </persName>
            <affiliation>
              <orgName xml:id="reviewer_organization">École des Hautes Études en Sciences Sociales</orgName>
              <placeName xml:id="reviewer_place">Lyon</placeName>
            </affiliation>
            <email xml:id="reviewer_email">fran_cois27 (at) hotmail.com</email>
          </name>
        </respStmt>
      </titleStmt>
      <publicationStmt>
        <publisher>Institut für Dokumentologie und Editorik</publisher>
        <date/>
        <idno type="issue">2</idno>
        <idno type="URI">http://ride.i-d-e.de/issue-2/becerro-galicano/</idno>
        <idno type="doi">10.18716/ride.a.2.3</idno>
        <availability>
          <licence>
            <ref target="http://creativecommons.org/licenses/by/4.0/"/>
          </licence>
        </availability>
      </publicationStmt>
      <notesStmt>
        <relatedItem>
          <biblStruct>
            <monogr>
              <title xml:id="resource_title">The digital edition of the Becerro Galicano de San Millán de la Cogolla</title>
              <editor xml:id="resource_editors">David Peterson</editor>
              <respStmt>
                <resp>Editor</resp>
                <persName>
                  <name>David Peterson</name>
                </persName>
              </respStmt>
              <respStmt>
                <resp>Programmer</resp>
                <persName>
                  <name>Josu Landa Ijurko</name>
                </persName>
              </respStmt>
              <respStmt>
                <resp>Contributor</resp>
                <persName>
                  <name>Francesca Tinti</name>
                </persName>
              </respStmt>
              <respStmt>
                <resp>Contributor</resp>
                <persName>
                  <name>Juan José Larrea</name>
                </persName>
              </respStmt>
              <imprint>
                <date xml:id="resource_date_publication">2013</date>
              </imprint>
            </monogr>
            <idno xml:id="resource_uri">http://www.ehu.es/galicano/</idno>
          </biblStruct>
        </relatedItem>
        <note>
          <date xml:id="resource_date_access">2014-11-23</date>
        </note>
      </notesStmt>
      <sourceDesc>
        <p>Auf der Basis von <ref>http://www.i-d-e.de/aktivitaeten/reviews/criteria-for-reviewing-scholarly-digital-editions-version-1-1</ref></p>
      </sourceDesc>
    </fileDesc>
    <encodingDesc>
      <classDecl>
        <taxonomy xml:base="http://www.i-d-e.de/aktivitaeten/reviews/criteria-for-reviewing-scholarly-digital-editions-version-1-1">
          <category xml:id="documentation">
            <category xml:id="bibl_desc">
              <catDesc>
                <ref target="#K1.2">cf. Catalogue 1.2</ref>
              </catDesc>
              <catDesc>Is it easily possible to describe the project bibliographically along the schema "responsible editors, publishing/hosting institution, year(s) of publishing"?</catDesc>
              <catDesc>
                <num type="boolean" value="1"/>
              </catDesc>
            </category>
            <category xml:id="contributors">
              <catDesc>
                <ref target="#K1.4">cf. Catalogue 1.4</ref>
              </catDesc>
              <catDesc>Are the contributors (editors, institutions, associates) of the project fully documented?</catDesc>
              <catDesc>
                <num type="boolean" value="1"/>
              </catDesc>
            </category>
            <category xml:id="contacts">
              <catDesc>
                <ref target="#K1.5">cf. Catalogue 1.5</ref>
              </catDesc>
              <catDesc>Does the project list contact persons?</catDesc>
              <catDesc>
                <num type="boolean" value="1"/>
              </catDesc>
            </category>
            <category xml:id="selection">
              <category xml:id="explained">
                <catDesc>
                  <ref target="#K2.1">cf. Catalogue 2.1</ref>
                </catDesc>
                <catDesc>Is the selection of materials of the project explicitly documented?</catDesc>
                <catDesc>
                  <num type="boolean" value="1"/>
                </catDesc>
              </category>
              <category xml:id="reasonable">
                <catDesc>
                  <ref target="#K2.1">cf. Catalogue 2.1</ref>
                </catDesc>
                <catDesc>Is the selection by and large reasonable?</catDesc>
                <catDesc>
                  <num type="boolean" value="1"/>
                </catDesc>
              </category>
            </category>
            <category xml:id="data_archive">
              <catDesc>
                <ref target="#K4.16">cf. Catalogue 4.16</ref>
              </catDesc>
              <catDesc>Does the documentation include information about the long term sustainability of the basic data (archiving of the data)?</catDesc>
              <catDesc>
                <num type="boolean" value="0"/>
              </catDesc>
            </category>
            <category xml:id="aims">
              <catDesc>
                <ref target="#K3.1">cf. Catalogue 3.1</ref>
              </catDesc>
              <catDesc>Are the aims and purposes of the project explicitly documented?</catDesc>
              <catDesc>
                <num type="boolean" value="1"/>
              </catDesc>
            </category>
            <category xml:id="methods">
              <catDesc>
                <ref target="#K3.1">cf. Catalogue 3.1</ref>
              </catDesc>
              <catDesc>Are the methods employed in the project explicitly documented?</catDesc>
              <catDesc>
                <num type="boolean" value="0"/>
              </catDesc>
            </category>
            <category xml:id="data_model">
              <catDesc>
                <ref target="#K3.7">cf. Catalogue 3.7</ref>
              </catDesc>
              <catDesc>Does the project document which data model (e.g. TEI) has been used and for what reason?</catDesc>
              <catDesc>
                <num type="boolean" value="0"/>
              </catDesc>
            </category>
            <category xml:id="help">
              <catDesc>
                <ref target="#K4.15">cf. Catalogue 4.15</ref>
              </catDesc>
              <catDesc>Does the project offer help texts concerning the use of the project?</catDesc>
              <catDesc>
                <num type="boolean" value="0"/>
              </catDesc>
            </category>
            <category xml:id="citation">
              <catDesc>
                <ref target="#K4.8">cf. Catalogue 4.8</ref>
              </catDesc>
              <catDesc>Does the project supply citation guidelines (i.e. how to cite the project or a part of it)?</catDesc>
              <catDesc>
                <num type="boolean" value="1"/>
              </catDesc>
            </category>
            <category xml:id="complete">
              <catDesc>
                <ref target="#K4.16">cf. Catalogue 4.16</ref>
              </catDesc>
              <catDesc>Does the editon regard itself as a completed project (i.e. not promise further modifications and additions)?</catDesc>
              <catDesc>
                <num type="boolean" value="1"/>
              </catDesc>
            </category>
            <category xml:id="institutional_curation">
              <catDesc>
                <ref target="#K4.13">cf. Catalogue 4.13</ref>
              </catDesc>
              <catDesc>Does the project provide information about institutional support for the curation and sustainability of the project?</catDesc>
              <catDesc>
                <num type="boolean" value="0"/>
              </catDesc>
            </category>
          </category>
          <category xml:id="contents">
            <category xml:id="previous_edition">
              <catDesc>
                <ref target="#K2.2">cf. Catalogue 2.2</ref>
              </catDesc>
              <catDesc>Has the material been previously edited (in print or digitally)?</catDesc>
              <catDesc>
                <num type="boolean" value="1"/>
              </catDesc>
            </category>
            <category xml:id="materials_used">
              <catDesc>
                <ref target="#K2.2">cf. Catalogue 2.2</ref>
              </catDesc>
              <catDesc>Does the edition make use of these previous editions?</catDesc>
              <catDesc>
                <num type="booleanX" value="1"/>
              </catDesc>
            </category>
            <category xml:id="introduction">
              <catDesc>
                <ref target="#K4.15">cf. Catalogue 4.15</ref>
              </catDesc>
              <catDesc>Does the project offer an introduction to the subject-matter (the author(s), the work, its history, the theme, etc.) of the project?</catDesc>
              <catDesc>
                <num type="boolean" value="1"/>
              </catDesc>
            </category>
            <category xml:id="bibliography">
              <catDesc>
                <ref target="#K2.3">cf. Catalogue 2.3</ref>
              </catDesc>
              <catDesc>Does the project offer a bibliography?</catDesc>
              <catDesc>
                <num type="boolean" value="1"/>
              </catDesc>
            </category>
            <category xml:id="commentary">
              <catDesc>
                <ref target="#K2.3">cf. Catalogue 2.3</ref>
              </catDesc>
              <catDesc>Does the project offer a scholarly commentary (e.g. notes on unclear passages, interpretation, etc.)?</catDesc>
              <catDesc>
                <num type="boolean" value="0"/>
              </catDesc>
            </category>
            <category xml:id="contexts">
              <catDesc>
                <ref target="#K2.3">cf. Catalogue 2.3</ref>
              </catDesc>
              <catDesc>Does the project include or link to external resources with contextual material?</catDesc>
              <catDesc>
                <num type="boolean" value="0"/>
              </catDesc>
            </category>
            <category xml:id="images">
              <catDesc>
                <ref target="#K2.3">cf. Catalogue 2.3</ref>
              </catDesc>
              <catDesc>Does the project offer images of digitised sources?</catDesc>
              <catDesc>
                <num type="boolean" value="1"/>
              </catDesc>
            </category>
            <category xml:id="image_quality">
              <catDesc>I<ref target="#K4.6">cf. Catalogue 4.6</ref></catDesc>
              <catDesc>Does the project offer images of an acceptable quality?</catDesc>
              <catDesc>
                <num type="booleanX" value="1"/>
              </catDesc>
            </category>
            <category xml:id="transcriptions">
              <catDesc>
                <ref target="#K2.3">cf. Catalogue 2.3</ref>
              </catDesc>
              <catDesc> Is the text fully transcribed?</catDesc>
              <catDesc>
                <num type="boolean" value="1"/>
              </catDesc>
            </category>
            <category xml:id="text_quality">
              <catDesc>
                <ref target="#K4.6">cf. Catalogue 4.6</ref>
              </catDesc>
              <catDesc>Does the project offer texts of an acceptable quality (typos, errors, etc.)?</catDesc>
              <catDesc>
                <num type="boolean" value="1"/>
              </catDesc>
            </category>
            <category xml:id="indices">
              <catDesc>
                <ref target="#K4.5">cf. Catalogue 4.5</ref>
              </catDesc>
              <catDesc>Does the project feature compilations indices, registers or visualisations that offer alternative ways to access the material?</catDesc>
              <catDesc>
                <num type="boolean" value="1"/>
              </catDesc>
            </category>
            <category xml:id="documents">
              <category xml:id="doc_type">
                <catDesc>
                  <ref target="#K1.3 #K2.1">cf. Catalogue 1.3 and 2.1</ref>
                </catDesc>
                <catDesc>Which kinds of documents are at the basis of the project?</catDesc>
                <category xml:id="single_manuscript">
                  <catDesc>
                    <num type="boolean" value="1"/>
                  </catDesc>
                </category>
                <category xml:id="single_work">
                  <catDesc>
                    <num type="boolean" value="0"/>
                  </catDesc>
                </category>
                <category xml:id="collection_of_texts">
                  <catDesc>
                    <num type="boolean" value="0"/>
                  </catDesc>
                </category>
                <category xml:id="collected_works">
                  <catDesc>
                    <num type="boolean" value="0"/>
                  </catDesc>
                </category>
                <category xml:id="papers">
                  <catDesc>
                    <num type="boolean" value="0"/>
                  </catDesc>
                </category>
                <category xml:id="archival_holding">
                  <catDesc>
                    <num type="boolean" value="0"/>
                  </catDesc>
                </category>
                <category xml:id="charters">
                  <catDesc>
                    <num type="boolean" value="1"/>
                  </catDesc>
                </category>
                <category xml:id="letters">
                  <catDesc>
                    <num type="boolean" value="0"/>
                  </catDesc>
                </category>
                <category xml:id="diary">
                  <catDesc>
                    <num type="boolean" value="0"/>
                  </catDesc>
                </category>
                <category corresp="#other">
                  <catDesc>
                    <num type="boolean" value="1"/>
                  </catDesc>
                  <category corresp="#free">
                    <gloss>Cartulary, a single codex containing hundreds of charters</gloss>
                  </category>
                </category>
              </category>
              <category xml:id="doc_time">
                <catDesc>
                  <ref target="#K1.3 #K2.1">cf. Catalogue 1.3 and 2.1</ref>
                </catDesc>
                <catDesc>What era(s) do the documents belong to?</catDesc>
                <category xml:id="classics">
                  <catDesc>
                    <num type="boolean" value="0"/>
                  </catDesc>
                </category>
                <category xml:id="medieval">
                  <catDesc>
                    <num type="boolean" value="1"/>
                  </catDesc>
                </category>
                <category xml:id="early_modern">
                  <catDesc>
                    <num type="boolean" value="0"/>
                  </catDesc>
                </category>
                <category xml:id="modern">
                  <catDesc>
                    <num type="boolean" value="0"/>
                  </catDesc>
                </category>
              </category>
            </category>
            <category xml:id="subject">
              <catDesc>
                <ref target="#K1.3">cf. Catalogue 1.3</ref>
              </catDesc>
              <catDesc>Which perspective(s) do the editors take towards the edited material? How can the edition be classified in general terms?</catDesc>
              <category xml:id="history">
                <catDesc>
                  <num type="boolean" value="0"/>
                </catDesc>
              </category>
              <category xml:id="philology_literary_studies">
                <catDesc>
                  <num type="boolean" value="1"/>
                </catDesc>
              </category>
              <category xml:id="philosophy_theology">
                <catDesc>
                  <num type="boolean" value="1"/>
                </catDesc>
              </category>
              <category xml:id="history_of_science">
                <catDesc>
                  <num type="boolean" value="0"/>
                </catDesc>
              </category>
              <category xml:id="musicology">
                <catDesc>
                  <num type="boolean" value="0"/>
                </catDesc>
              </category>
              <category xml:id="art_history">
                <catDesc>
                  <num type="boolean" value="0"/>
                </catDesc>
              </category>
              <category corresp="#other">
                <catDesc>
                  <num type="boolean" value="1"/>
                </catDesc>
                <category corresp="#free">
                  <gloss>Paleography, Diplomatics</gloss>
                </category>
              </category>
            </category>
          </category>
          <category xml:id="presentation">
            <category xml:id="spin_offs">
              <catDesc>
                <ref target="#K4.11">cf. Catalogue 4.11</ref>
              </catDesc>
              <catDesc>Does the project offer any spin-offs?</catDesc>
              <category xml:id="app">
                <catDesc>
                  <num type="boolean" value="0"/>
                </catDesc>
              </category>
              <category xml:id="mobile">
                <catDesc>
                  <num type="boolean" value="0"/>
                </catDesc>
              </category>
              <category xml:id="PDF">
                <catDesc>
                  <num type="boolean" value="0"/>
                </catDesc>
              </category>
              <category corresp="#other">
                <catDesc>
                  <num type="boolean" value="0"/>
                </catDesc>
                <category corresp="#free">
                  <gloss/>
                </category>
              </category>
              <category corresp="#none">
                <catDesc>
                  <num type="boolean" value="1"/>
                </catDesc>
              </category>
            </category>
            <category xml:id="browse_by">
              <catDesc>
                <ref target="#K4.3">cf. Catalogue 4.3</ref>
              </catDesc>
              <catDesc>By which categories does the project offer to browse the contents?</catDesc>
              <category xml:id="authors">
                <catDesc>
                  <num type="boolean" value="0"/>
                </catDesc>
              </category>
              <category xml:id="works">
                <catDesc>
                  <num type="boolean" value="0"/>
                </catDesc>
              </category>
              <category xml:id="versions">
                <catDesc>
                  <num type="boolean" value="0"/>
                </catDesc>
              </category>
              <category xml:id="structure">
                <catDesc>
                  <num type="boolean" value="1"/>
                </catDesc>
              </category>
              <category xml:id="pages">
                <catDesc>
                  <num type="boolean" value="1"/>
                </catDesc>
              </category>
              <category xml:id="browse_by_documents">
                <catDesc>
                  <num type="boolean" value="1"/>
                </catDesc>
              </category>
              <category xml:id="type_of_material">
                <catDesc>
                  <num type="boolean" value="0"/>
                </catDesc>
              </category>
              <category xml:id="browse_by_images">
                <catDesc>
                  <num type="boolean" value="1"/>
                </catDesc>
              </category>
              <category xml:id="dates">
                <catDesc>
                  <num type="boolean" value="1"/>
                </catDesc>
              </category>
              <category xml:id="persons">
                <catDesc>
                  <num type="boolean" value="1"/>
                </catDesc>
              </category>
              <category xml:id="places">
                <catDesc>
                  <num type="boolean" value="1"/>
                </catDesc>
              </category>
              <category corresp="#other">
                <catDesc>
                  <num type="boolean" value="0"/>
                </catDesc>
                <category corresp="#free">
                  <gloss/>
                </category>
              </category>
            </category>
          </category>
          <category xml:id="search">
            <category xml:id="simple">
              <catDesc>
                <ref target="#K4.4">cf. Catalogue 4.4</ref>
              </catDesc>
              <catDesc>Does the project offer a simple search?</catDesc>
              <catDesc>
                <num type="boolean" value="1"/>
              </catDesc>
            </category>
            <category xml:id="advanced">
              <catDesc>
                <ref target="#K4.4">cf. Catalogue 4.4</ref>
              </catDesc>
              <catDesc>Does the project offer an advanced search?</catDesc>
              <catDesc>
                <num type="boolean" value="1"/>
              </catDesc>
            </category>
            <category xml:id="wildcard">
              <catDesc>
                <ref target="#K4.4">cf. Catalogue 4.4</ref>
              </catDesc>
              <catDesc>Does the search support the use of wildcards?</catDesc>
              <catDesc>
                <num type="booleanX" value="1"/>
              </catDesc>
            </category>
            <category xml:id="index">
              <catDesc>
                <ref target="#K4.4">cf. Catalogue 4.4</ref>
              </catDesc>
              <catDesc>Does the search offer an index of the searched field?</catDesc>
              <catDesc>
                <num type="booleanX" value="1"/>
              </catDesc>
            </category>
            <category xml:id="suggest">
              <catDesc>
                <ref target="#K4.4">cf. Catalogue 4.4</ref>
              </catDesc>
              <catDesc>Does the search offer autocompletion or suggest functionalities?</catDesc>
              <catDesc>
                <num type="booleanX" value="1"/>
              </catDesc>
            </category>
            <category xml:id="helptext">
              <catDesc>
                <ref target="#K4.4">cf. Catalogue 4.4</ref>
              </catDesc>
              <catDesc>Does the project offer help texts for the search?</catDesc>
              <catDesc>
                <num type="booleanX" value="0"/>
              </catDesc>
            </category>
          </category>
          <category xml:id="aim">
            <category xml:id="audience">
              <catDesc>
                <ref target="#K3.3">cf. Catalogue 3.3</ref>
              </catDesc>
              <catDesc>Who is the intended audience of the project?</catDesc>
              <category xml:id="scholars">
                <catDesc>
                  <num type="boolean" value="1"/>
                </catDesc>
              </category>
              <category xml:id="interested_public">
                <catDesc>
                  <num type="boolean" value="0"/>
                </catDesc>
              </category>
            </category>
            <category xml:id="typology">
              <catDesc>
                <ref target="#K3.3 #K5.1">cf. Catalogue 3.3 and 5.1</ref>
              </catDesc>
              <catDesc>Which type fits best for the reviewed project?</catDesc>
              <category xml:id="facsimile_edition">
                <catDesc>
                  <num type="boolean" value="0"/>
                </catDesc>
              </category>
              <category xml:id="archive_edition">
                <catDesc>
                  <num type="boolean" value="0"/>
                </catDesc>
              </category>
              <category xml:id="documentary_edition">
                <catDesc>
                  <num type="boolean" value="0"/>
                </catDesc>
              </category>
              <category xml:id="diplomatic_edition">
                <catDesc>
                  <num type="boolean" value="1"/>
                </catDesc>
              </category>
              <category xml:id="genetic_edition">
                <catDesc>
                  <num type="boolean" value="0"/>
                </catDesc>
              </category>
              <category xml:id="work_critical_edition">
                <catDesc>
                  <num type="boolean" value="0"/>
                </catDesc>
              </category>
              <category xml:id="text_critical_edition">
                <catDesc>
                  <num type="boolean" value="0"/>
                </catDesc>
              </category>
              <category xml:id="enriched_edition">
                <catDesc>
                  <num type="boolean" value="0"/>
                </catDesc>
              </category>
              <category xml:id="database_edition">
                <catDesc>
                  <num type="boolean" value="0"/>
                </catDesc>
              </category>
              <category xml:id="digital_library">
                <catDesc>
                  <num type="boolean" value="0"/>
                </catDesc>
              </category>
              <category xml:id="typology_collection_of_texts">
                <catDesc>
                  <num type="boolean" value="0"/>
                </catDesc>
              </category>
              <category corresp="#other">
                <catDesc>
                  <num type="boolean" value="0"/>
                </catDesc>
                <category corresp="#free">
                  <gloss/>
                </category>
              </category>
              <category corresp="#none">
                <catDesc>
                  <num type="boolean" value="0"/>
                </catDesc>
              </category>
            </category>
          </category>
          <category xml:id="method">
            <catDesc rend="label">Method</catDesc>
            <category xml:id="critical_editing">
              <catDesc>
                <ref target="#K3.6">cf. Catalogue 3.6</ref>
              </catDesc>
              <catDesc>In how far is the text critically edited?</catDesc>
              <category xml:id="transmission_examined">
                <catDesc>
                  <num type="boolean" value="0"/>
                </catDesc>
              </category>
              <category xml:id="palaeographic_annotations">
                <catDesc>
                  <num type="boolean" value="1"/>
                </catDesc>
              </category>
              <category xml:id="normalization">
                <catDesc>
                  <num type="boolean" value="0"/>
                </catDesc>
              </category>
              <category xml:id="variants">
                <catDesc>
                  <num type="boolean" value="0"/>
                </catDesc>
              </category>
              <category xml:id="emendation">
                <catDesc>
                  <num type="boolean" value="1"/>
                </catDesc>
              </category>
              <category xml:id="commentary_notes">
                <catDesc>
                  <num type="boolean" value="0"/>
                </catDesc>
              </category>
              <category corresp="#other">
                <catDesc>
                  <num type="boolean" value="0"/>
                </catDesc>
                <category corresp="#free">
                  <gloss/>
                </category>
              </category>
              <category corresp="#none">
                <catDesc>
                  <num type="boolean" value="0"/>
                </catDesc>
              </category>
            </category>
            <category xml:id="standards">
              <catDesc>
                <ref target="#K3.7">cf. Catalogue 3.7</ref>
              </catDesc>
              <category xml:id="XML">
                <catDesc>Is the data encoded in XML?</catDesc>
                <catDesc>
                  <num type="boolean" value="0"/>
                </catDesc>
              </category>
              <category xml:id="standardized_data_model">
                <catDesc>
                  <num type="boolean" value="0"/>
                </catDesc>
                <catDesc>Is the project employing a standardized data model (e.g. TEI)?</catDesc>
              </category>
            </category>
            <category xml:id="text_type">
              <catDesc>
                <ref target="#K3.5">cf. Catalogue 3.5.</ref>
              </catDesc>
              <catDesc>Which kinds or forms of text are presented?</catDesc>
              <category xml:id="facsimiles">
                <catDesc>
                  <num type="boolean" value="1"/>
                </catDesc>
              </category>
              <category xml:id="diplomatic_transcription">
                <catDesc>
                  <num type="boolean" value="1"/>
                </catDesc>
              </category>
              <category xml:id="edited_text">
                <catDesc>
                  <num type="boolean" value="0"/>
                </catDesc>
              </category>
              <category xml:id="translations">
                <catDesc>
                  <num type="boolean" value="0"/>
                </catDesc>
              </category>
              <category xml:id="commentaries">
                <catDesc>
                  <num type="boolean" value="0"/>
                </catDesc>
              </category>
              <category xml:id="semantic_data">
                <catDesc>
                  <num type="boolean" value="0"/>
                </catDesc>
              </category>
            </category>
          </category>
          <category xml:id="technical_accessability">
            <category xml:id="persistent_identification">
              <catDesc>
                <ref target="#K4.8">cf. Catalogue 4.8</ref>
              </catDesc>
              <catDesc>Are there persistent identifiers and an addressing system for the edition and/or parts/objects of it and which mechanism is used to that end?</catDesc>
              <category xml:id="DOI">
                <catDesc>
                  <num type="boolean" value="0"/>
                </catDesc>
              </category>
              <category xml:id="ARK">
                <catDesc>
                  <num type="boolean" value="0"/>
                </catDesc>
              </category>
              <category xml:id="URN">
                <catDesc>
                  <num type="boolean" value="0"/>
                </catDesc>
              </category>
              <category xml:id="PURL.ORG">
                <catDesc>
                  <num type="boolean" value="0"/>
                </catDesc>
              </category>
              <category corresp="#other">
                <catDesc>
                  <num type="boolean" value="0"/>
                </catDesc>
                <category corresp="#free">
                  <gloss/>
                </category>
              </category>
              <category xml:id="persistent_URLs">
                <catDesc>
                  <num type="boolean" value="0"/>
                </catDesc>
              </category>
              <category corresp="#none">
                <catDesc>
                  <num type="boolean" value="1"/>
                </catDesc>
              </category>
            </category>
            <category xml:id="interfaces">
              <catDesc>
                <ref target="#K4.9">cf. Catalogue 4.9</ref>
              </catDesc>
              <catDesc>Are there technical interfaces like OAI-PMH, REST etc., which allow the reuse of the data of the project in other contexts?</catDesc>
              <category xml:id="OAI-PMH">
                <catDesc>
                  <num type="boolean" value="0"/>
                </catDesc>
              </category>
              <category xml:id="REST">
                <catDesc>
                  <num type="boolean" value="0"/>
                </catDesc>
              </category>
              <category xml:id="general_API">
                <catDesc>
                  <num type="boolean" value="0"/>
                </catDesc>
              </category>
              <category corresp="#other">
                <catDesc>
                  <num type="boolean" value="0"/>
                </catDesc>
                <category corresp="#free">
                  <gloss/>
                </category>
              </category>
              <category corresp="#none">
                <catDesc>
                  <num type="boolean" value="1"/>
                </catDesc>
              </category>
            </category>
            <category xml:id="open_access">
              <catDesc>Is the edition Open Access?</catDesc>
              <catDesc>
                <num type="boolean" value="1"/>
              </catDesc>
            </category>
            <category xml:id="basic_data_accessible">
              <catDesc>
                <ref target="#K4.12">cf. Catalogue 4.12</ref>
              </catDesc>
              <catDesc>Is the basic data (e.g. the XML) of the project accessible for each part of the edition (e.g. for a page)?</catDesc>
              <catDesc>
                <num type="boolean" value="0"/>
              </catDesc>
            </category>
            <category xml:id="download">
              <catDesc>
                <ref target="#K4.9">cf. Catalogue 4.9</ref>
              </catDesc>
              <catDesc>Can the entire raw data of the project be downloaded (as a whole)?</catDesc>
              <catDesc>
                <num type="boolean" value="0"/>
              </catDesc>
            </category>
            <category xml:id="reuse">
              <catDesc>
                <ref target="#K4.9">cf. Catalogue 4.9</ref>
              </catDesc>
              <catDesc>Can you use the data with other tools useful for this kind of content?</catDesc>
              <catDesc>
                <num type="boolean" value="0"/>
              </catDesc>
            </category>
            <category xml:id="rights">
              <category xml:id="declared">
                <catDesc>
                  <ref target="#K4.13">cf. Catalogue 4.13</ref>
                </catDesc>
                <catDesc>Are the rights to (re)use the content declared?</catDesc>
                <catDesc>
                  <num type="boolean" value="1"/>
                </catDesc>
              </category>
              <category xml:id="license">
                <catDesc>
                  <ref target="#K4.13">cf. Catalogue 4.13</ref>
                </catDesc>
                <catDesc>Under what license are the contents released?</catDesc>
                <category xml:id="CC0">
                  <catDesc>
                    <num type="boolean" value="0"/>
                  </catDesc>
                </category>
                <category xml:id="CC-BY">
                  <catDesc>
                    <num type="boolean" value="0"/>
                  </catDesc>
                </category>
                <category xml:id="CC-BY-ND">
                  <catDesc>
                    <num type="boolean" value="0"/>
                  </catDesc>
                </category>
                <category xml:id="CC-BY-NC">
                  <catDesc>
                    <num type="boolean" value="0"/>
                  </catDesc>
                </category>
                <category xml:id="CC-BY-SA">
                  <catDesc>
                    <num type="boolean" value="1"/>
                  </catDesc>
                </category>
                <category xml:id="CC-BY-NC-ND">
                  <catDesc>
                    <num type="boolean" value="0"/>
                  </catDesc>
                </category>
                <category xml:id="CC-BY-NC-SA">
                  <catDesc>
                    <num type="boolean" value="0"/>
                  </catDesc>
                </category>
                <category xml:id="PDM">
                  <catDesc>
                    <num type="boolean" value="0"/>
                  </catDesc>
                </category>
                <category corresp="#other">
                  <catDesc>
                    <num type="boolean" value="0"/>
                  </catDesc>
                  <category corresp="#free">
                    <gloss/>
                  </category>
                </category>
                <category xml:id="no_license">
                  <catDesc>
                    <num type="boolean" value="0"/>
                  </catDesc>
                </category>
              </category>
            </category>
          </category>
        </taxonomy>
      </classDecl>
    </encodingDesc>
  </teiHeader>
  <text>
    <body>
      <div type="abstract">
        <p>This is a review of the digital edition of the <emph>Becerro Galicano of San Millán de la Cogolla</emph>, one of the oldest medieval cartularies in Spain and one of the most important sources for the study of Christian Spain between the 8th and 12th century. The edition introduces new features impossible to achieve by previously printed versions, such as the possibility of reordering the documents according to different parameters or an easier manipulation of the huge number of documents thanks to a search tool capable of detecting both variants and lemmata of personal names and places. However, the use of an SQL database instead of XML/TEI encoding imposes constraints that should be removed in the future, such as the lack of expressive power towards the representation of textual structures and the lack of interoperability with other digital projects.</p>
      </div>
      <div type="text">
        <div type="div2">
          <head>Introduction</head>
          <p>The <emph>Becerro Galicano</emph> of San Millán de la Cogolla represents one of the oldest medieval cartularies in Spain. Widely used by both historians and philologists, it is one of the most important sources for the study of Christian Spain between the 11<hi rend="sup">th</hi> and 12<hi rend="sup">th</hi> century. The location of the monastery on the Castilian-Navarrese border and the vast scale of its estate make this cartulary an outstanding source not only for the early history of the kingdom of Pamplona and the county of Castile specifically, but also more generally for the lands and peoples of the Rioja, Navarre, Castile, Álava and Bizkaia over some four centuries. However, in spite of its remarkable juridical, historic and philological importance, previous editions have been irregular and not always satisfactory (García Andreva 11). More recently, in 2010, Fernando García Andreva revisited the <emph>Becerro</emph> and offered a new up-to-date printed edition. Simultaneously, a group of researchers were working on the digital edition reviewed here.</p>
          <p>Between the 11<hi rend="sup">th</hi> and the 12<hi rend="sup">th</hi> century, hundreds of European monasteries and cathedrals made new copies of their charters granting their most valuable privileges and property deeds. However, they did not use individual sheets of parchment, which were the traditional material support for diplomatic documentation, but the prestigious format of a codex. The codex format served both as an administrative tool and as a commemoration: a way of celebrating the origins of the institution. Such compilations of diplomatic texts, the so-called cartularies, are particularly interesting objects for digital editors. It is a type of document that can especially benefit from the analytical possibilities provided by the digital medium. For instance, the mark-up of the dates, places and people in the hundreds of documents comprising a cartulary facilitates research into the history of a given institution such as a monastery.</p>
          <p>But the possibilities of digital technology go beyond indexical mark-up. Producing a cartulary meant collecting, selecting, and rejecting documents. In fact, the selected documents were rewritten or modified as well. In some cases, the scribes simply adapted the documents to the new diplomatic conventions, or discarded any information they considered superfluous. Often the rights of the institution were subtly upgraded, which, in some occasions, lead to falsifying the originals. The way in which the documents were ordered reflects the interest and intentions of the producers. In other words, producing a cartulary consisted of a thorough process of selecting, ordering and re-writing. A digital edition of a cartulary could, in principle, enable scholars to compare the documents collected therein with the surviving original charters and hence make for a valuable tool in the field of diplomatics.</p>
          <p>The <emph>Becerro Galicano</emph> is a monastic cartulary compiled during the last decade of the 12<hi rend="sup">th</hi> century in the famous Spanish abbey of San Millán de la Cogolla, in what is today Rioja province. However, it must be noted that a cartulary is not a register of the documents issued by the monastery, but rather a copy of the documents received by that institution collected into a single volume. Traditionally, medieval cartularies have been regarded as more or less faithful copies of the content held in institutional archives, generally monastic (Peterson 285). The <emph>Becerro</emph> is in a Caroline script (hence ‘<emph>Galicano</emph>’) and contains some 750 documents ranging in date from 759 to 1194, as well as some twenty texts introduced into its final folios during the thirteenth century.<note xml:id="ftn1" n="1">&lt;<ptr target="http://web.archive.org/web/20140803090535/http://www.ehu.es/galicano/?t=intro&amp;l=en"/>&gt;</note> The double dimension of the manuscript (one volume comprising hundreds of different documents) must consequently be reflected in a digital edition, since both aspects – the totality of the volume as well as the individuality of each document – may be of interest to potential researchers.</p>
          <p>All information regarding the professional and institutional support behind the project is displayed in the website’s ‘Introduction’.<note xml:id="ftn2" n="2">&lt;<ptr target="http://web.archive.org/web/20140803090535/http://www.ehu.es/galicano/?t=intro&amp;l=en"/>&gt;</note> The digital edition of the <emph>Becerro Galicano</emph> is the result of a collaborative project bringing together a team from the University of the Basque Country (UPV/EHU) and researchers from the CILENGUA (Centro Internacional de Investigación de la Lengua Española) at a total cost of approximately 60,000 Euros. The project was originated by David Peterson (UPV/EHU), who spent three years providing the edition’s general design, developing its web interface, lemmatising its text, and creating the indices and setting the dates. Occasional technical development and IT support were provided by Josu Landa Ijurko (Dijitalidadea S.L.), while Francesca Tinti (Ikerbasque-UPV/EHU) and Juan José Larrea (UPV/EHU) provided project direction.</p>
          <p>While the edition’s transcription relies on that of Fernando García Andreva – whom the introduction credits with involvement in the development of the digital edition – the editors modified this transcription to conform to the new medium.<note xml:id="ftn3" n="3">From here on, all the information regarding the differences between both editions was provided by D. Peterson in personal correspondence. I am indebted to him for his help in answering my questions during the preparation for this review. Unfortunately, this information is not available on the website.</note> In fact, it should be clarified that the digital <emph>Becerro</emph> is not a simple digitization of García Andreva’s work; the goal of the editors of the <emph>Becerro Galicano</emph> has always been the conception and creation of an independent edition. Admittedly, García Andreva’s work was uniquely suitable to the project, being the first which treated the codex as a single manuscript, previous editions having treated it as a mere collection of documents. Thus while previous editions highlighted the individual importance of each document, García Andreva was the first to explore the relevance of the volume as a whole as a subject for research (Ubieto Arteta<anchor xml:id="id__GoBack"/>). However, García Andreva’s work was obviously constrained by the limits of a print edition: on the one hand, the necessity of a sequential, critical editing strategy, to the exclusion of other, equally valid, strategies and on the other hand, the inaccessibility of the content due to a lack of indices and the difficulty in following its formatting and apparatus. The most significant difference, then, between the two editions is that the digital one aims to allow users to rearrange the material (either chronologically or codicologically) and thus to overcome some of the limitations of traditional print editions.</p>
          <p>Besides these differences in aims, the digital edition also makes approximately 500 changes to García Andreva’s transcriptions, of which:
          <list type="unordered">
            <item>about 40 % were orthographic errors, many of which were detected during lemmatization. (Anomalous terms appeared, meaning error detection was more complete when dealing with anomalous forms, while plausible, yet mistaken, forms were - and indeed are - harder to find.)</item>
            <item>about 40 % could be attributed to the inconsistent use of capital letters, generally due to confusion between common vocabulary and proper nouns. García Andreva was particularly inconsistent when distinguishing between place names and topographical descriptions (e.g. <emph>valle de Sancio</emph> in one text versus <emph>Valle de Sancio</emph> in another).</item>
            <item>about 10 % resulted from word separation issues, especially prepositions stuck to the next word.</item>
            <item>the remaining 10 % were miscellaneous issues, i.e. unnecessary white spaces, punctuation, other formatting issues, etc.</item>
          </list>
          As some of these changes were later incorporated to the edition by García Andreva, it is apparent that there was bidirectional feedback between both projects.</p>
          <p>Likewise, the <emph>regestum</emph> of each document was exhaustively revised with changes in approximately half of them. Most of these were trivial: correction of orthography, homogenization and normalization of forms (especially personal names) and expansion and improvement of contextual data (particularly geographic data). However, in some ten cases the editors made significant changes to the meaning of the <emph>regestum</emph> where they thought that the text had been wrongly interpreted.</p>
          <p>Finally, the division of the codex varies widely between the digital edition and its print predecessors: 1000 separate items in most print editions, 430 items in the García Andreva, and 700 in the digital edition. This may represent the most remarkable divergence of the digital edition from that of García Andreva. While the reasons for this are complex, they are rooted in the digital <emph>Becerro’s</emph> need for flexible access to the textual content, as opposed to García Andreva’s literal, sequential transcription of the codex.</p>
          <p>Despite the great number and variety of changes, though, none are indicated in the edition itself, a confusing omission, given the introduction’s explicit acknowledgment of García Andreva as a source. In future, the inclusion of an editorial statement on this difference and other issues arising from editorial decisions would contribute to a better understanding of the differences and synergies between the two projects. At present, the edition only provides a personal contact, in this case, David Peterson for further information on the digital edition.</p>
        </div>
        <div type="div2">
          <head>Subject and content of the edition</head>
          <figure>
            <head>Main menu</head>
            <graphic url="picture-1.png"/>
          </figure>
          <p>The website allows several different approaches to the manuscript. ‘Cartulary folio by folio’ displays a facsimile of the whole cartulary and allows the user to treat the manuscript as a unique volume. The editors have included over 500 downloadable facsimiles. While the 1536x2048 resolution easily permits reading, it would be insufficient for other types of image processing, since the letters become extremely blurred at high zoom-levels. Users can browse the manuscript folio by folio in an overview and select documents for further study.</p>
          <figure>
            <head>Critical edition index</head>
            <graphic url="picture-2.png"/>
          </figure>
          <p>Optionally, the user can click on ‘Critical edition’, which displays a list of <emph>regesta</emph>, allowing users to select directly the document they want to explore.</p>
          <figure>
            <head>Regestum and editorial tradition</head>
            <graphic url="picture-3.png"/>
          </figure>
          <p>When the critical edition tab for a particular folio image is opened, the website displays a critical edition index, including original dates, critical notes, a <emph>regestum</emph>, information on previous editions and the transcription.</p>
          <figure>
            <head>Text</head>
            <graphic url="picture-4.png"/>
          </figure>
          <figure>
            <head>Fig. 5 Text layout</head>
            <graphic url="picture-5.png"/>
          </figure>
          <p>Under ‘Critical Edition,’ sub-tabs allow for several displays of the text. ‘Text’ includes an unformatted transcription with the possibility of seeing/hiding editorial intervention marks, whereas ‘page layout’ formats the text according to its distribution in the manuscript pages.</p>
          <figure>
            <head>Page image</head>
            <graphic url="picture-6.png"/>
          </figure>
          <p>‘Page image’ displays a facsimile of the page and offers the possibility of zooming in. However, ‘Page Image’ does not display the transcription, making it impossible to see both text and image simultaneously unless a second browser-window is opened; a workaround that should, ideally, not be required.</p>
          <figure>
            <head>Mapping</head>
            <graphic url="picture-7.png"/>
          </figure>
          <p>Finally, ‘Mapping’ displays a list with the place names mentioned in the folio with their locations indicated on a map.</p>
          <p>Furthermore, the website offers the possibility of a more specific approach of the documents by using the search tools. As noted in the ‘Introduction’, with the exception of a few late additions, the language of the cartulary is Latin, but it is an evolved Latin which is much less conditioned by scribal practices than in other Western European regions. The supposedly Latin text is, thus, profoundly influenced by early Castilian, to which an abundance of Basque names is added to form a singularly complex linguistic mix. In response to these challenging linguistic riches, the editors added a lemmatised index to the traditional indices for vocabulary, place-names and personal-names. This index allows the user to search for a term regardless of the form or spelling it has in the cartulary.</p>
          <p>The only drawback of the search tool is the lack of a function to combine different terms in the index search (for example a combined search of a person name and a place name). However, combined search is available in ‘full text search’ for normal vocabulary (for either lemmata or exact sequences) though not for proper names. Further, ‘full text search’ offers the possibility of varying the space between searched items, although, unlike in the index search, no wildcards are displayed in order to assist users in their queries.</p>
          <figure>
            <head>Search and indices</head>
            <graphic url="picture-8.png"/>
          </figure>
          <p>Despite the fact that the introduction offers a brief explanation of the search tools and its possibilities and although the search assists users with auto suggestions, the edition would benefit from a more in-depth help section, explaining features such as these. To address this issue, the editor is currently working on a user guide. Other than these minor limitations, I was generally able to quickly access documents associated with certain places or persons, although it would be interesting to try to implement some kind of multi-term search tool within the indices.</p>
          <p>As mentioned above, the transcription can be viewed codicologically, thus following the cartulary’s own sequence and logic, or chronologically. If the user opts for chronological order, the material can be ordered according to either the dates as they appear in the codex or the critical dates that have been suggested for the two hundred or so texts that lack reliable dates. Furthermore, these three ways of ordering the cartulary contents – by folio, by codex date or by critical date – can be used to order the results of all searches.</p>
          <p>Finally, the website includes a complete bibliographical list including the editions of the San Millán documentation, a short <emph>Emilianense</emph> bibliography, as well as the works cited in the indices and notes. This bibliography seems to counterbalance the lack of an independent study, although it is fair to keep in mind that, after the recent publication of García Andrevas’s study, the digital editors might have thought that a new study was not justified, and thus decided to rely in this respect on previous work.</p>
        </div>
        <div type="div2">
          <head>Technical background, publication and presentation</head>
          <p>This edition was not developed according to the TEI guidelines. Instead, the editors created a MySQL database whose basic units are words. The database was then enriched with the help of a number of tools created for this purpose in order to mark words as place names, common vocabulary, et cetera. However, for the sake of the sustainability of the transcription, the editor is further working on the possibility of automatically generating a TEI version of the transcription and its associated critical apparatus.</p>
          <p>The web-presentation and visualizations are created on the fly from the database with the help of Perl scripts. There is no possibility to download documents, and thus, despite its development under Copyleft and Open access principles and its publication under a Creative Commons Attribution ShareAlike 3.0 License, the possibilities of re-using these sources for different scholarly purposes are very limited.</p>
          <p>The ‘Introduction’ recommends citing the sources from the digital edition by using the following formula: ‘Becerro Galicano Digital Doc. X] (www.ehu.es/galicano - accessed dd/mm/yyyy)’. Although this form of citing a document of the project is quite safe in terms of address-stability, it is at the same time very uncomfortable, since it only indicates the webpage of the project and leaves it to the user to find the document by themselves. However, what is expected in modern editions is a possibility to refer directly to each individual document – and not just to the domain of the project. Again, it is important to note that there is no printed version of this digital edition: despite its co-evolution with García Andreva’s edition, both are independent works.</p>
          <p>One of the main drawbacks of this edition is the lack of complementary texts, such as a document explaining the editorial principles clearly and in-depth. While the introduction is quite clear regarding the details of the project, its stages and its participants, it is scarce regarding the editorial specifics and the technical implementation of the SDE. It would be much more efficient (and transparent) to display such information on the website, particularly everything concerning the editorial choices, since those are indeed of importance to the potential researcher.</p>
          <p>According to the editor himself, there are still some issues to address in the long-term, such as the index of personal names, and the generation of maps for each query result, and the aforementioned goal of developing a TEI version of the edition. These future developments are currently pending and might be realized after a successful fundraising. An interesting question raised by Peterson is the possibility of using the same model implemented in the <emph>Becerro Galicano</emph> for other codices, and more importantly, doing it in an affordable way. Potential candidates for this model would be other medieval Castilian cartularies, although any prospective projects are subject to the successful fundraising.</p>
          <p>The current edition is hosted on a server of the University of the Basque Country, but there are no explicit claims regarding the long-term sustainability and curation of the edition. In this regard, the conversion of the original database into XML/TEI files could be relevant, since it would have a direct impact on the edition’s dissemination. XML/TEI is the de facto standard for the description and encoding of texts and constitutes the basis of many digital editions. As such, the knowledge required to make use of data encoded in this way is widely available. Hence, providing the data in this way would allow scholars to reproduce the current presentation, create a new presentation or integrate the data in more encompassing projects, all of which would add to the edition’s long-term sustainability.</p>
        </div>
        <div type="div2">
          <head>Conclusion</head>
          <p>The Digital Edition of the <emph>Becerro Galicano</emph> is a solid attempt to introduce scholarly digital editions within the context of the Spanish Academia. The edition’s ability to reorder the documents according to different parameters, its search tool (capable of detecting both variants and lemmata of personal names and places), and its option to display the text in different ways, indicates a level of data modularity impossible to achieve in printed editions. However, in order to overcome MySQL’s lack of expressive power and adequacy towards the representation of textual structures and its lack of interoperability towards the community of scholarly digital editions, it will be necessary to convert the current MySQL database into XML files.</p>
          <p>The goals of the edition are clear, straightforward and useful. It succeeds in allowing for a quicker and more efficient manipulation of the contents than any print edition could and it is, in this sense, a truly digital edition (Sahle). In this sense, the digital edition of the <emph>Becerro Galicano</emph> is a starting point for future digital diplomatic editions in Spain. It achieves commendable results even though the use of a MySQL database leads to several disadvantages in terms of re-usability, work dissemination and long-term data preservation. Given the lack of information on the manuscript itself or on the features of the search tool, the edition requires solid knowledge of the source; thus, this edition is clearly geared towards specialized scholars, who will certainly be able to profit from this publication.</p>
          <p>For all its merits, suggestions for further improvement would include the addition of an editorial statement and downloadable XML/TEI files. A further step for the study of the documents would be to incorporate an explicit mark-up of the internal clauses, which typically structure medieval legal documents. Diplomatists would especially welcome this, as it would allow for an easier study of the legal content of the documents. Perhaps in the future, as the demand for scholarly digital editions (hopefully) grows in Spain, the editor of the Digital Edition of the <emph>Becerro Galicano</emph> will find a chance to re-visit his work and improve it with new features.<note xml:id="ftn4" n="4">The research leading to these results has received funding from the People Programme (Marie Skłodowska-Curie Actions) of the European Union’s Seventh Framework Programme FP7/2007-2013/ under REA grant agreement n° 317436 (DiXiT).</note></p>
        </div>
      </div>
      <div type="references">
        <listBibl>
          <bibl>García Andreva, Fernando. <emph>El Becerro Galicano de San Millán de la Cogolla. Edición y estudio</emph>. San Millán de la Cogolla: Cilengua, 2010.</bibl>
          <bibl>Peterson, David. ”La arquitectura del Becerro Galicano como clave para su comprensión.” <emph>Mitificadores del pasado, falsarios de la historia</emph>. Eds. Munita Loinaz and José Antonio. Bilbao: Universidad del País Vasco, 2012.</bibl>
          <bibl>Sahle, Patrick. ”What is a scholarly digital edition (SDE)?” <emph>Proceedings of the NeDiMAH Expert Meeting and Workshop on Digital Scholarly Editions. The Hague 2012</emph>. Eds. Matthew Driscoll and Elena Pierazzo. Cambridge: Open Publishers, forthcoming.</bibl>
          <bibl>Ubieto Arteta, Antonio. <emph>Cartulario de San Millán de la Cogolla (759 – 1076)</emph>, Valencia: Anubar Ediciones, 1976.</bibl>
        </listBibl>
      </div>
    </body>
  </text>
</TEI>
