<TEI xmlns="http://www.tei-c.org/ns/1.0" xmlns:ev="http://www.w3.org/2001/xml-events" xmlns:tei="http://www.tei-c.org/ns/1.0" xmlns:bf="http://betterform.sourceforge.net/xforms" xmlns:xf="http://www.w3.org/2002/xforms">
    <teiHeader>
        <fileDesc>
            <titleStmt>
                <title>Tustep. Review of the Tübinger System von Textverarbeitungs-Programmen</title>
                <respStmt>
                    <resp>author</resp>
                    <name>
                        <persName>
                            <forename>Griesinger</forename>
                            <surname>Christian</surname>
                        </persName>
                        <affiliation>
                            <orgName>University of Wuppertal</orgName>
                            <placeName>Wuppertal</placeName>
                        </affiliation>
                        <email>griesinger@uni-wuppertal.de</email>
                    </name>
                </respStmt>
            </titleStmt>
            <publicationStmt>
                <publisher>Institut für Dokumentologie und Editorik</publisher>
                <date>2019-01-18</date>
                <idno type="issue">https://ride.i-d-e.de/issue-11</idno>
                <idno type="URI">https://ride.i-d-e.de/issue-11/tustep/</idno>
                <idno type="DOI">10.18716/ride.a.11.2</idno>
                <availability>
                    <licence>
                        <ref target="http://creativecommons.org/licenses/by/4.0/"/>
                    </licence>
                </availability>
            </publicationStmt>
            <notesStmt>
                <relatedItem>
                    <biblStruct>
                        <monogr>
                            <title xml:id="resource_title">Tustep - Tübinger System von Textverarbeitungs-Programmen</title>
                            <editor xml:id="resource_editors">ITUG e. V.</editor>
                            <respStmt>
                                <resp/>
                                <persName>
                                    <name/>
                                </persName>
                            </respStmt>
                            <imprint>
                                <date xml:id="resource_date_publication">2018</date>
                            </imprint>
                        </monogr>
                        <idno xml:id="resource_uri">https://www.tustep.uni-tuebingen.de/</idno>
                    </biblStruct>
                </relatedItem>
                <note>
                    <date xml:id="resource_date_access">2019-10-01</date>
                </note>
            </notesStmt>
            <sourceDesc>
                <p>Auf der Basis von
                                            <ref>http://www.i-d-e.de/publikationen/weitereschriften/criteria-text-collections-version-1-0</ref>
                </p>
            </sourceDesc>
        </fileDesc>
        <encodingDesc>
            <classDecl>
                <taxonomy xml:base="https://www.i-d-e.de/publikationen/weitereschriften/criteria-tools-version-1/">
                    <category xml:id="general_information">
                        <category xml:id="software_type">
                            <catDesc>
                                <ref target="#K0.1.1">cf. Catalogue 0.1.1</ref>
                            </catDesc>
                            <catDesc>What type of software is it?</catDesc>
                            <category xml:id="software_tool">
                                <catDesc>
                                    <num type="boolean" value="1"/>
                                </catDesc>
                            </category>
                            <category xml:id="software_vre">
                                <catDesc>
                                    <num type="boolean" value="0"/>
                                </catDesc>
                            </category>
                        </category>
                        <category xml:id="identification_environment">
                            <catDesc>
                                <ref target="#K1.4">cf. Catalogue 1.4</ref>
                            </catDesc>
                            <catDesc>On which platform runs the tool?</catDesc>
                            <category xml:id="identification_os">
                                <catDesc>
                                    <num type="boolean" value="1"/>
                                </catDesc>
                            </category>
                            <category xml:id="identification_browser">
                                <catDesc>
                                    <num type="boolean" value="0"/>
                                </catDesc>
                            </category>
                            <category xml:id="identification_other">
                                <catDesc>
                                    <num type="boolean" value="0"/>
                                </catDesc>
                            </category>
                        </category>
                        <category xml:id="purpose">
                            <catDesc>
                                <ref target="#K1.5">cf. Catalogue 1.5</ref>
                            </catDesc>
                            <catDesc>For what purpose was the tool developed?</catDesc>
                            <category xml:id="purpose_general">
                                <catDesc>
                                    <num type="boolean" value="1"/>
                                </catDesc>
                            </category>
                            <category xml:id="purpose_specific">
                                <catDesc>
                                    <num type="boolean" value="0"/>
                                </catDesc>
                            </category>
                        </category>
                        <category xml:id="funding">
                            <catDesc>
                                <ref target="#K1.6">cf. Catalogue 1.6</ref>
                            </catDesc>
                            <catDesc>Which is the financial model of the tool?</catDesc>
                            <category xml:id="funding_free">
                                <catDesc>
                                    <num type="boolean" value="1"/>
                                </catDesc>
                            </category>
                            <category xml:id="funding_support">
                                <catDesc>
                                    <num type="boolean" value="0"/>
                                </catDesc>
                            </category>
                            <category xml:id="funding_paywall">
                                <catDesc>
                                    <num type="boolean" value="0"/>
                                </catDesc>
                            </category>
                        </category>
                        <category xml:id="maturity">
                            <catDesc>
                                <ref target="#K1.5">cf. Catalogue 1.5</ref>
                            </catDesc>
                            <catDesc>What is the development stage of the tool?</catDesc>
                            <category xml:id="maturity_release">
                                <catDesc>
                                    <num type="boolean" value="1"/>
                                </catDesc>
                            </category>
                            <category xml:id="maturity_beta">
                                <catDesc>
                                    <num type="boolean" value="0"/>
                                </catDesc>
                            </category>
                            <category xml:id="maturity_alpha">
                                <catDesc>
                                    <num type="boolean" value="0"/>
                                </catDesc>
                            </category>
                        </category>
                    </category>
                    <category xml:id="methods">
                        <category xml:id="programming_lang">
                            <catDesc>
                                <ref target="#K2.3">cf. Catalogue 2.3</ref>
                            </catDesc>
                            <catDesc>Which programming languages and technologies are used?</catDesc>
                            <category xml:id="programming_lang_c">
                                <catDesc>
                                    <num type="boolean" value="0"/>
                                </catDesc>
                            </category>
                            <category xml:id="programming_lang_java">
                                <catDesc>
                                    <num type="boolean" value="0"/>
                                </catDesc>
                            </category>
                            <category xml:id="programming_lang_python">
                                <catDesc>
                                    <num type="boolean" value="0"/>
                                </catDesc>
                            </category>
                            <category xml:id="programming_lang_php">
                                <catDesc>
                                    <num type="boolean" value="0"/>
                                </catDesc>
                            </category>
                            <category xml:id="programming_lang_r">
                                <catDesc>
                                    <num type="boolean" value="0"/>
                                </catDesc>
                            </category>
                            <category xml:id="programming_lang_ruby">
                                <catDesc>
                                    <num type="boolean" value="0"/>
                                </catDesc>
                            </category>
                            <category xml:id="programming_lang_xslt">
                                <catDesc>
                                    <num type="boolean" value="0"/>
                                </catDesc>
                            </category>
                            <category corresp="#other">
                                <catDesc>
                                    <num type="boolean" value="1"/>
                                </catDesc>
                                <category corresp="#free">
                                    <gloss>TUSTEP, TUSCRIPT</gloss>
                                </category>
                            </category>
                            <category corresp="#unknown">
                                <catDesc>
                                    <num type="boolean" value="0"/>
                                </catDesc>
                            </category>
                        </category>
                        <category xml:id="reuse">
                            <catDesc>
                                <ref target="#K3.1.6">cf. Catalogue 2.3</ref>
                            </catDesc>
                            <catDesc>Does the tool reuse portions of other existing software?</catDesc>
                            <catDesc>
                                <num type="boolean" value="0"/>
                            </catDesc>
                        </category>
                        <category xml:id="input_format">
                            <catDesc>
                                <ref target="#K2.3">cf. Catalogue 2.4</ref>
                            </catDesc>
                            <catDesc>Which programming languages and technologies are used?</catDesc>
                            <category xml:id="input_format_xml">
                                <catDesc>
                                    <num type="boolean" value="1"/>
                                </catDesc>
                            </category>
                            <category xml:id="input_format_xml-tei">
                                <catDesc>
                                    <num type="boolean" value="1"/>
                                </catDesc>
                            </category>
                            <category xml:id="input_format_txt">
                                <catDesc>
                                    <num type="boolean" value="1"/>
                                </catDesc>
                            </category>
                            <category xml:id="input_format_pdf">
                                <catDesc>
                                    <num type="boolean" value="1"/>
                                </catDesc>
                            </category>
                            <category xml:id="input_format_csv">
                                <catDesc>
                                    <num type="boolean" value="1"/>
                                </catDesc>
                            </category>
                            <category xml:id="input_format_html">
                                <catDesc>
                                    <num type="boolean" value="1"/>
                                </catDesc>
                            </category>
                            <category xml:id="input_format_json">
                                <catDesc>
                                    <num type="boolean" value="1"/>
                                </catDesc>
                            </category>
                            <category xml:id="input_format_rdf">
                                <catDesc>
                                    <num type="boolean" value="1"/>
                                </catDesc>
                            </category>
                            <category corresp="#other">
                                <catDesc>
                                    <num type="boolean" value="1"/>
                                </catDesc>
                                <category corresp="#free">
                                    <gloss>any plain text file format</gloss>
                                </category>
                            </category>
                        </category>
                        <category xml:id="output_format">
                            <catDesc>
                                <ref target="#K2.3">cf. Catalogue 2.4</ref>
                            </catDesc>
                            <catDesc>Which programming languages and technologies are used?</catDesc>
                            <category xml:id="output_format_xml">
                                <catDesc>
                                    <num type="boolean" value="1"/>
                                </catDesc>
                            </category>
                            <category xml:id="output_format_xml-tei">
                                <catDesc>
                                    <num type="boolean" value="1"/>
                                </catDesc>
                            </category>
                            <category xml:id="output_format_txt">
                                <catDesc>
                                    <num type="boolean" value="1"/>
                                </catDesc>
                            </category>
                            <category xml:id="output_format_pdf">
                                <catDesc>
                                    <num type="boolean" value="1"/>
                                </catDesc>
                            </category>
                            <category xml:id="output_format_csv">
                                <catDesc>
                                    <num type="boolean" value="1"/>
                                </catDesc>
                            </category>
                            <category xml:id="output_format_html">
                                <catDesc>
                                    <num type="boolean" value="1"/>
                                </catDesc>
                            </category>
                            <category xml:id="output_format_json">
                                <catDesc>
                                    <num type="boolean" value="1"/>
                                </catDesc>
                            </category>
                            <category xml:id="output_format_rdf">
                                <catDesc>
                                    <num type="boolean" value="1"/>
                                </catDesc>
                            </category>
                            <category corresp="#other">
                                <catDesc>
                                    <num type="boolean" value="1"/>
                                </catDesc>
                                <category corresp="#free">
                                    <gloss/>
                                </category>
                            </category>
                        </category>
                        <category xml:id="encoding">
                            <catDesc>
                                <ref target="#K2.3">cf. Catalogue 2.4</ref>
                            </catDesc>
                            <catDesc>Which character encoding formats are supported?</catDesc>
                            <category xml:id="encoding_latin-1">
                                <catDesc>
                                    <num type="boolean" value="1"/>
                                </catDesc>
                            </category>
                            <category xml:id="encoding_utf-8">
                                <catDesc>
                                    <num type="boolean" value="1"/>
                                </catDesc>
                            </category>
                            <category xml:id="encoding_utf-16">
                                <catDesc>
                                    <num type="boolean" value="1"/>
                                </catDesc>
                            </category>
                            <category corresp="#other">
                                <catDesc>
                                    <num type="boolean" value="1"/>
                                </catDesc>
                                <category corresp="#free">
                                    <gloss>some windows codepages</gloss>
                                </category>
                            </category>
                            <category corresp="#unknown">
                                <catDesc>
                                    <num type="boolean" value="0"/>
                                </catDesc>
                            </category>
                        </category>
                        <category xml:id="encoding_preprocessing">
                            <catDesc>Is a pre-processing conversion included?</catDesc>
                            <catDesc>
                                <num type="boolean" value="1"/>
                            </catDesc>
                        </category>
                        <category xml:id="dependencies">
                            <catDesc>
                                <ref target="#K3.2">cf. Catalogue 3.2</ref>
                            </catDesc>
                            <catDesc>Does the documentation list dependencies on other software, libraries or hardware?</catDesc>
                            <catDesc>
                                <num type="booleanX" value="1"/>
                            </catDesc>
                        </category>
                        <category xml:id="dependencies_installation">
                            <catDesc>If yes, is the software handling the installation of dependencies during the general installation process  (you don't have to install them manually before the installation)?</catDesc>
                            <catDesc>
                                <num type="booleanX" value="0"/>
                            </catDesc>
                        </category>
                    </category>
                    <category xml:id="usability">
                        <category xml:id="documentation">
                            <catDesc>
                                <ref target="#K3.4">cf. Catalogue 3.4</ref>
                            </catDesc>
                            <catDesc>Is documentation and/or a manual available? (tool website, wiki, blog, documentation, or tutorial)</catDesc>
                            <catDesc>
                                <num type="boolean" value="1"/>
                            </catDesc>
                        </category>
                        <category xml:id="documentation_format">
                            <catDesc>
                                <ref target="#K3.3">cf. Catalogue 3.3</ref>
                            </catDesc>
                            <catDesc>Which format has the documentation?</catDesc>
                            <category xml:id="documentation_format_readme">
                                <catDesc>
                                    <num type="boolean" value="0"/>
                                </catDesc>
                            </category>
                            <category xml:id="documentation_format_txt">
                                <catDesc>
                                    <num type="boolean" value="0"/>
                                </catDesc>
                            </category>
                            <category xml:id="documentation_format_html">
                                <catDesc>
                                    <num type="boolean" value="0"/>
                                </catDesc>
                            </category>
                            <category xml:id="documentation_format_pdf">
                                <catDesc>
                                    <num type="boolean" value="1"/>
                                </catDesc>
                            </category>
                            <category corresp="#other">
                                <catDesc>
                                    <num type="boolean" value="0"/>
                                </catDesc>
                                <category corresp="#free">
                                    <gloss/>
                                </category>
                            </category>
                            <category corresp="#not_applicable">
                                <catDesc>
                                    <num type="boolean" value="0"/>
                                </catDesc>
                            </category>
                        </category>
                        <category xml:id="documentation_section">
                            <catDesc>
                                <ref target="#K3.3">cf. Catalogue 3.3</ref>
                            </catDesc>
                            <catDesc>Which of the following sections does the documentation contain?</catDesc>
                            <category xml:id="documentation_section_getting">
                                <catDesc>
                                    <num type="boolean" value="1"/>
                                </catDesc>
                            </category>
                            <category xml:id="documentation_section_step">
                                <catDesc>
                                    <num type="boolean" value="1"/>
                                </catDesc>
                            </category>
                            <category xml:id="documentation_section_example">
                                <catDesc>
                                    <num type="boolean" value="1"/>
                                </catDesc>
                            </category>
                            <category xml:id="documentation_section_troubleshooting">
                                <catDesc>
                                    <num type="boolean" value="1"/>
                                </catDesc>
                            </category>
                            <category xml:id="documentation_section_faq">
                                <catDesc>
                                    <num type="boolean" value="0"/>
                                </catDesc>
                            </category>
                            <category xml:id="documentation_section_support">
                                <catDesc>
                                    <num type="boolean" value="1"/>
                                </catDesc>
                            </category>
                            <category xml:id="documentation_section_api">
                                <catDesc>
                                    <num type="boolean" value="0"/>
                                </catDesc>
                            </category>
                            <category corresp="#not_applicable">
                                <catDesc>
                                    <num type="boolean" value="0"/>
                                </catDesc>
                            </category>
                        </category>
                        <category xml:id="documentation_language">
                            <catDesc>
                                <ref target="#K3.3">cf. Catalogue 3.3</ref>
                            </catDesc>
                            <catDesc>In what languages is the documentation available?</catDesc>
                            <category xml:id="documentation_language_arabic">
                                <catDesc>
                                    <num type="boolean" value="0"/>
                                </catDesc>
                            </category>
                            <category xml:id="documentation_language_chinese">
                                <catDesc>
                                    <num type="boolean" value="0"/>
                                </catDesc>
                            </category>
                            <category xml:id="documentation_language_danish">
                                <catDesc>
                                    <num type="boolean" value="0"/>
                                </catDesc>
                            </category>
                            <category xml:id="documentation_language_english">
                                <catDesc>
                                    <num type="boolean" value="0"/>
                                </catDesc>
                            </category>
                            <category xml:id="documentation_language_finnish">
                                <catDesc>
                                    <num type="boolean" value="0"/>
                                </catDesc>
                            </category>
                            <category xml:id="documentation_language_french">
                                <catDesc>
                                    <num type="boolean" value="0"/>
                                </catDesc>
                            </category>
                            <category xml:id="documentation_language_german">
                                <catDesc>
                                    <num type="boolean" value="1"/>
                                </catDesc>
                            </category>
                            <category xml:id="documentation_language_greek">
                                <catDesc>
                                    <num type="boolean" value="0"/>
                                </catDesc>
                            </category>
                            <category xml:id="documentation_language_hebrew">
                                <catDesc>
                                    <num type="boolean" value="0"/>
                                </catDesc>
                            </category>
                            <category xml:id="documentation_language_hindi">
                                <catDesc>
                                    <num type="boolean" value="0"/>
                                </catDesc>
                            </category>
                            <category xml:id="documentation_language_italian">
                                <catDesc>
                                    <num type="boolean" value="0"/>
                                </catDesc>
                            </category>
                            <category xml:id="documentation_language_japanese">
                                <catDesc>
                                    <num type="boolean" value="0"/>
                                </catDesc>
                            </category>
                            <category xml:id="documentation_language_latin">
                                <catDesc>
                                    <num type="boolean" value="0"/>
                                </catDesc>
                            </category>
                            <category xml:id="documentation_language_norwegian">
                                <catDesc>
                                    <num type="boolean" value="0"/>
                                </catDesc>
                            </category>
                            <category xml:id="documentation_language_polish">
                                <catDesc>
                                    <num type="boolean" value="0"/>
                                </catDesc>
                            </category>
                            <category xml:id="documentation_language_portuguese">
                                <catDesc>
                                    <num type="boolean" value="0"/>
                                </catDesc>
                            </category>
                            <category xml:id="documentation_language_russian">
                                <catDesc>
                                    <num type="boolean" value="0"/>
                                </catDesc>
                            </category>
                            <category xml:id="documentation_language_spanish">
                                <catDesc>
                                    <num type="boolean" value="0"/>
                                </catDesc>
                            </category>
                            <category xml:id="documentation_language_swedish">
                                <catDesc>
                                    <num type="boolean" value="0"/>
                                </catDesc>
                            </category>
                            <category xml:id="documentation_language_turkish">
                                <catDesc>
                                    <num type="boolean" value="0"/>
                                </catDesc>
                            </category>
                            <category corresp="#other">
                                <catDesc>
                                    <num type="boolean" value="0"/>
                                </catDesc>
                                <category corresp="#free">
                                    <gloss/>
                                </category>
                            </category>
                            <category corresp="#not_applicable">
                                <catDesc>
                                    <num type="boolean" value="0"/>
                                </catDesc>
                            </category>
                        </category>
                        <category xml:id="support">
                            <catDesc>
                                <ref target="#K3.4">cf. Catalogue 3.4</ref>
                            </catDesc>
                            <catDesc>Is there a method to get active support from the developer(s) or from the community?</catDesc>
                            <catDesc>
                                <num type="boolean" value="1"/>
                            </catDesc>
                        </category>
                        <category xml:id="support_form">
                            <catDesc>
                                <ref target="#K3.4">cf. Catalogue 3.4</ref>
                            </catDesc>
                            <catDesc>Which form of support is offered?</catDesc>
                            <category xml:id="support_form_help">
                                <catDesc>
                                    <num type="boolean" value="0"/>
                                </catDesc>
                            </category>
                            <category xml:id="support_form_forum">
                                <catDesc>
                                    <num type="boolean" value="0"/>
                                </catDesc>
                            </category>
                            <category xml:id="support_form_mailinglist">
                                <catDesc>
                                    <num type="boolean" value="1"/>
                                </catDesc>
                            </category>
                            <category corresp="#other">
                                <catDesc>
                                    <num type="boolean" value="1"/>
                                </catDesc>
                                <category corresp="#free">
                                    <gloss>a wiki platform</gloss>
                                </category>
                            </category>
                            <category corresp="#not_applicable">
                                <catDesc>
                                    <num type="boolean" value="0"/>
                                </catDesc>
                            </category>
                        </category>
                        <category xml:id="tracker">
                            <catDesc>
                                <ref target="#K3.4">cf. Catalogue 3.4</ref>
                            </catDesc>
                            <catDesc>Is it possible to post bugs or issue using issue tracker mechanisms?</catDesc>
                            <catDesc>
                                <num type="boolean" value="0"/>
                            </catDesc>
                        </category>
                        <category xml:id="build">
                            <catDesc>
                                <ref target="#K3.6">cf. Catalogue 3.6</ref>
                            </catDesc>
                            <catDesc>Grade how straightforward it is to build or install the tool on a supported platform:</catDesc>
                            <category xml:id="build_straightforward">
                                <catDesc>
                                    <num type="boolean" value="1"/>
                                </catDesc>
                            </category>
                            <category xml:id="build_normal">
                                <catDesc>
                                    <num type="boolean" value="0"/>
                                </catDesc>
                            </category>
                            <category xml:id="build_tricky">
                                <catDesc>
                                    <num type="boolean" value="0"/>
                                </catDesc>
                            </category>
                        </category>
                        <category xml:id="test">
                            <catDesc>
                                <ref target="#K3.7">cf. Catalogue 3.7</ref>
                            </catDesc>
                            <catDesc>Is there a test suite, covering the core functionality in order to check that the tool has been correctly built or installed?</catDesc>
                            <catDesc>
                                <num type="boolean" value="0"/>
                            </catDesc>
                        </category>
                        <category xml:id="platform_deploy">
                            <catDesc>
                                <ref target="#K3.8">cf. Catalogue 3.8</ref>
                            </catDesc>
                            <catDesc>On which platforms can the tool/software be deployed?</catDesc>
                            <category xml:id="platform_deploy_linux">
                                <catDesc>
                                    <num type="boolean" value="1"/>
                                </catDesc>
                            </category>
                            <category xml:id="platform_deploy_mac">
                                <catDesc>
                                    <num type="boolean" value="1"/>
                                </catDesc>
                            </category>
                            <category xml:id="platform_deploy_android">
                                <catDesc>
                                    <num type="boolean" value="0"/>
                                </catDesc>
                            </category>
                            <category xml:id="platform_deploy_ios">
                                <catDesc>
                                    <num type="boolean" value="0"/>
                                </catDesc>
                            </category>
                            <category xml:id="platform_deploy_windows">
                                <catDesc>
                                    <num type="boolean" value="1"/>
                                </catDesc>
                            </category>
                            <category corresp="#other">
                                <catDesc>
                                    <num type="boolean" value="0"/>
                                </catDesc>
                                <category corresp="#free">
                                    <gloss/>
                                </category>
                            </category>
                            <category corresp="#not_applicable">
                                <catDesc>
                                    <num type="boolean" value="0"/>
                                </catDesc>
                            </category>
                        </category>
                        <category xml:id="devices_deploy">
                            <catDesc>
                                <ref target="#K3.8">cf. Catalogue 3.8</ref>
                            </catDesc>
                            <catDesc>On which devices can the tool/software be deployed?</catDesc>
                            <category xml:id="devices_deploy_desktop">
                                <catDesc>
                                    <num type="boolean" value="1"/>
                                </catDesc>
                            </category>
                            <category xml:id="devices_deploy_laptop">
                                <catDesc>
                                    <num type="boolean" value="1"/>
                                </catDesc>
                            </category>
                            <category xml:id="devices_deploy_smartphone">
                                <catDesc>
                                    <num type="boolean" value="0"/>
                                </catDesc>
                            </category>
                            <category xml:id="devices_deploy_tablet">
                                <catDesc>
                                    <num type="boolean" value="0"/>
                                </catDesc>
                            </category>
                            <category xml:id="devices_deploy_smartboard">
                                <catDesc>
                                    <num type="boolean" value="0"/>
                                </catDesc>
                            </category>
                            <category corresp="#other">
                                <catDesc>
                                    <num type="boolean" value="1"/>
                                </catDesc>
                                <category corresp="#free">
                                    <gloss>Rasperry Pi</gloss>
                                </category>
                            </category>
                            <category corresp="#unknown">
                                <catDesc>
                                    <num type="boolean" value="0"/>
                                </catDesc>
                            </category>
                            <category corresp="#not_applicable">
                                <catDesc>
                                    <num type="boolean" value="0"/>
                                </catDesc>
                            </category>
                        </category>
                        <category xml:id="browser_deploy">
                            <catDesc>
                                <ref target="#K3.8">cf. Catalogue 3.8</ref>
                            </catDesc>
                            <catDesc>If the tool is web-based: On which browsers can the tool/software be deployed?</catDesc>
                            <category xml:id="browser_deploy_mozilla">
                                <catDesc>
                                    <num type="boolean" value="0"/>
                                </catDesc>
                            </category>
                            <category xml:id="browser_deploy_chrome">
                                <catDesc>
                                    <num type="boolean" value="0"/>
                                </catDesc>
                            </category>
                            <category xml:id="browser_deploy_safari">
                                <catDesc>
                                    <num type="boolean" value="0"/>
                                </catDesc>
                            </category>
                            <category corresp="#other">
                                <catDesc>
                                    <num type="boolean" value="0"/>
                                </catDesc>
                                <category corresp="#free">
                                    <gloss/>
                                </category>
                            </category>
                            <category corresp="#unknown">
                                <catDesc>
                                    <num type="boolean" value="0"/>
                                </catDesc>
                            </category>
                            <category corresp="#not_applicable">
                                <catDesc>
                                    <num type="boolean" value="1"/>
                                </catDesc>
                            </category>
                        </category>
                        <category xml:id="browser_plugin">
                            <catDesc>
                                <ref target="#K3.8">cf. Catalogue 3.8</ref>
                            </catDesc>
                            <catDesc>If the tool is web-based: Does the tool rely on browser plugins?</catDesc>
                            <catDesc>
                                <num type="booleanX" value="2"/>
                            </catDesc>
                        </category>
                        <category xml:id="api">
                            <catDesc>
                                <ref target="#K3.8">cf. Catalogue 3.8</ref>
                            </catDesc>
                            <catDesc>Is there an API for the tool?</catDesc>
                            <catDesc>
                                <num type="boolean" value="0"/>
                            </catDesc>
                        </category>
                        <category xml:id="code">
                            <catDesc>
                                <ref target="#K3.9">cf. Catalogue 3.9</ref>
                            </catDesc>
                            <catDesc>Is the source code open?</catDesc>
                            <catDesc>
                                <num type="boolean" value="1"/>
                            </catDesc>
                        </category>
                        <category xml:id="license">
                            <catDesc>
                                <ref target="#K3.9">cf. Catalogue 3.9</ref>
                            </catDesc>
                            <catDesc>Under what license is the tool released?</catDesc>
                            <category xml:id="license_gpl">
                                <catDesc>
                                    <num type="boolean" value="0"/>
                                </catDesc>
                            </category>
                            <category xml:id="license_lgpl">
                                <catDesc>
                                    <num type="boolean" value="0"/>
                                </catDesc>
                            </category>
                            <category xml:id="license_apache">
                                <catDesc>
                                    <num type="boolean" value="0"/>
                                </catDesc>
                            </category>
                            <category xml:id="license_mit">
                                <catDesc>
                                    <num type="boolean" value="0"/>
                                </catDesc>
                            </category>
                            <category xml:id="license_mozilla">
                                <catDesc>
                                    <num type="boolean" value="0"/>
                                </catDesc>
                            </category>
                            <category xml:id="license_cc0">
                                <catDesc>
                                    <num type="boolean" value="0"/>
                                </catDesc>
                            </category>
                            <category xml:id="license_ccby">
                                <catDesc>
                                    <num type="boolean" value="0"/>
                                </catDesc>
                            </category>
                            <category xml:id="license_ccbynd">
                                <catDesc>
                                    <num type="boolean" value="0"/>
                                </catDesc>
                            </category>
                            <category xml:id="license_ccbync">
                                <catDesc>
                                    <num type="boolean" value="0"/>
                                </catDesc>
                            </category>
                            <category xml:id="license_ccbysa">
                                <catDesc>
                                    <num type="boolean" value="0"/>
                                </catDesc>
                            </category>
                            <category xml:id="license_ccbyncnd">
                                <catDesc>
                                    <num type="boolean" value="0"/>
                                </catDesc>
                            </category>
                            <category xml:id="license_ccbyncsa">
                                <catDesc>
                                    <num type="boolean" value="0"/>
                                </catDesc>
                            </category>
                            <category corresp="#other">
                                <catDesc>
                                    <num type="boolean" value="1"/>
                                </catDesc>
                                <category corresp="#free">
                                    <gloss/>
                                </category>
                            </category>
                            <category xml:id="license_notexplicit">
                                <catDesc>
                                    <num type="boolean" value="0"/>
                                </catDesc>
                            </category>
                        </category>
                        <category xml:id="credit">
                            <catDesc>
                                <ref target="#K3.9">cf. Catalogue 3.9</ref>
                            </catDesc>
                            <catDesc>Does the software make adequate acknowledgement and credit to the project contributors?</catDesc>
                            <catDesc>
                                <num type="boolean" value="1"/>
                            </catDesc>
                        </category>
                        <category xml:id="registered">
                            <catDesc>
                                <ref target="#K3.9">cf. Catalogue 3.9</ref>
                            </catDesc>
                            <catDesc>Is the tool/software registered in a software repository?</catDesc>
                            <catDesc>
                                <num type="boolean" value="0"/>
                            </catDesc>
                        </category>
                        <category xml:id="registered_contribute">
                            <catDesc>If yes, can you contribute to the software development via the repository/development platform?</catDesc>
                            <catDesc>
                                <num type="booleanX" value="2"/>
                            </catDesc>
                        </category>
                        <category xml:id="analyzed">
                            <catDesc>
                                <ref target="#K3.10">cf. Catalogue 3.10</ref>
                            </catDesc>
                            <catDesc>Can the code be analyzed easily (is it structured, commented, following standards)?</catDesc>
                            <catDesc>
                                <num type="booleanX" value="3"/>
                            </catDesc>
                        </category>
                        <category xml:id="extended">
                            <catDesc>
                                <ref target="#K3.10">cf. Catalogue 3.10</ref>
                            </catDesc>
                            <catDesc>Can the code be extended easily (because there are contribution mechanisms, attribution for changes and backward compatibility)?</catDesc>
                            <catDesc>
                                <num type="booleanX" value="3"/>
                            </catDesc>
                        </category>
                        <category xml:id="reused">
                            <catDesc>
                                <ref target="#K3.10">cf. Catalogue 3.10</ref>
                            </catDesc>
                            <catDesc>Can the code be reused easily in other contexts (because there are appropriate interfaces and/or a modular architecture)?</catDesc>
                            <catDesc>
                                <num type="booleanX" value="3"/>
                            </catDesc>
                        </category>
                        <category xml:id="security">
                            <catDesc>
                                <ref target="#K3.11">cf. Catalogue 3.11</ref>
                            </catDesc>
                            <catDesc>Does the software provide sufficient information about the treatment of the data entered by the users?</catDesc>
                            <catDesc>
                                <num type="boolean" value="1"/>
                            </catDesc>
                        </category>
                        <category xml:id="maintenance">
                            <catDesc>
                                <ref target="#K3.12">cf. Catalogue 3.12</ref>
                            </catDesc>
                            <catDesc>Is there information available whether the tool will be supported currently and in the future?</catDesc>
                            <catDesc>
                                <num type="boolean" value="1"/>
                            </catDesc>
                        </category>
                        <category xml:id="citability">
                            <catDesc>
                                <ref target="#K3.13">cf. Catalogue 3.13</ref>
                            </catDesc>
                            <catDesc>Does the tool supply citation guidelines (e.g. using the Citation File Format)?
                                                </catDesc>
                            <catDesc>
                                <num type="boolean" value="1"/>
                            </catDesc>
                        </category>
                    </category>
                    <category xml:id="interaction">
                        <category xml:id="user">
                            <catDesc>
                                <ref target="#K4.1">cf. Catalogue 4.1</ref>
                            </catDesc>
                            <catDesc>What kind of users are expected?</catDesc>
                            <category xml:id="user_researcher">
                                <catDesc>
                                    <num type="boolean" value="1"/>
                                </catDesc>
                            </category>
                            <category xml:id="user_scientist">
                                <catDesc>
                                    <num type="boolean" value="0"/>
                                </catDesc>
                            </category>
                            <category xml:id="user_humanist">
                                <catDesc>
                                    <num type="boolean" value="0"/>
                                </catDesc>
                            </category>
                            <category xml:id="user_public">
                                <catDesc>
                                    <num type="boolean" value="0"/>
                                </catDesc>
                            </category>
                        </category>
                        <category xml:id="user_interaction">
                            <catDesc>
                                <ref target="#K4.1">cf. Catalogue 4.1</ref>
                            </catDesc>
                            <catDesc>What kind of user interactions are expected?</catDesc>
                            <category xml:id="user_interaction_reading">
                                <catDesc>
                                    <num type="boolean" value="1"/>
                                </catDesc>
                            </category>
                            <category xml:id="user_interaction_text">
                                <catDesc>
                                    <num type="boolean" value="1"/>
                                </catDesc>
                            </category>
                            <category xml:id="user_interaction_analysis">
                                <catDesc>
                                    <num type="boolean" value="1"/>
                                </catDesc>
                            </category>
                            <category xml:id="user_interaction_image">
                                <catDesc>
                                    <num type="boolean" value="0"/>
                                </catDesc>
                            </category>
                            <category xml:id="user_interaction_searching">
                                <catDesc>
                                    <num type="boolean" value="1"/>
                                </catDesc>
                            </category>
                            <category xml:id="user_interaction_visualization">
                                <catDesc>
                                    <num type="boolean" value="0"/>
                                </catDesc>
                            </category>
                            <category xml:id="user_interaction_comparing">
                                <catDesc>
                                    <num type="boolean" value="1"/>
                                </catDesc>
                            </category>
                            <category xml:id="user_interaction_compiling">
                                <catDesc>
                                    <num type="boolean" value="0"/>
                                </catDesc>
                            </category>
                        </category>
                        <category xml:id="user_interface">
                            <catDesc>
                                <ref target="#K4.1">cf. Catalogue 4.2 and 0.1.1</ref>
                            </catDesc>
                            <catDesc>What kind of interface does the tool provide? </catDesc>
                            <category xml:id="user_interface_gui">
                                <catDesc>
                                    <num type="boolean" value="0"/>
                                </catDesc>
                            </category>
                            <category xml:id="user_interface_cli">
                                <catDesc>
                                    <num type="boolean" value="1"/>
                                </catDesc>
                            </category>
                            <category xml:id="user_interface_api">
                                <catDesc>
                                    <num type="boolean" value="0"/>
                                </catDesc>
                            </category>
                        </category>
                        <category xml:id="visualization">
                            <catDesc>
                                <ref target="#K3.13">cf. Catalogue 4.3</ref>
                            </catDesc>
                            <catDesc>Does the tool provide a particular visualizations (in terms of analysis) of the input and/or the output data?</catDesc>
                            <catDesc>
                                <num type="boolean" value="1"/>
                            </catDesc>
                        </category>
                        <category xml:id="empowerment">
                            <catDesc>
                                <ref target="#K3.13">cf. Catalogue 4.4</ref>
                            </catDesc>
                            <catDesc>Is the user allowed to customize the functioning of the tool and the output configuration?</catDesc>
                            <catDesc>
                                <num type="boolean" value="1"/>
                            </catDesc>
                        </category>
                        <category xml:id="accessibility">
                            <catDesc>
                                <ref target="#K4.5">cf. Catalogue 4.5</ref>
                            </catDesc>
                            <catDesc>Does the tool provide particular features for improving accessibility, allowing „people with the widest range of characteristics and capabilities" to use it?</catDesc>
                            <catDesc>
                                <num type="boolean" value="0"/>
                            </catDesc>
                        </category>
                    </category>
                </taxonomy>
            </classDecl>
        </encodingDesc>
    </teiHeader>
    <text><body>  
        <div type="abstract">This review deals with the Tübinger System von Textverarbeitungs-Programmen called TUSTEP. It describes some of the principal functions of TUSTEP, outlines sample use cases and shows benefits and downsides. While TUSTEP is one of the oldest and long-lasting applications in the area of text processing, its flexibility and functional scope make it worth to consider for present and future scientific projects dealing with text edition, manipulation and publishing.</div>
        
        
        
        <div type="text">
            <div type="div2">
                <head>General introduction</head>
                <p>TUSTEP is a software toolbox or environment designed for the Digital Humanities. It has been under constant development since 1966, bearing the name of TUSTEP since 1978. It was located at the Zentrum für Datenverarbeitung (ZDV) of the University of Tübingen until 2003 and is since then the responsibility of the International TUSTEP User Group (ITUG).<note xml:id="ftn1" n="1">Cf. the ITUG homepage <ptr target="https://web.archive.org/web/20190919092455/http://www.itug.de"/>.</note></p>
                <p>The program authors, Wilhelm Ott and Kuno Schälkle, still update and develop the program, issuing a new version approximately each year. TUSTEP 2018 is the latest stable version for production at the moment.</p>
                <p>This version and older versions may be downloaded, installed and used for free. They are compatible with Windows, Linux and Mac operating systems and I found the installation to be straightforward.<note xml:id="ftn2" n="2">Cf. the TUSTEP homepage <ptr target="https://web.archive.org/web/20190919092632/http://www.tustep.uni-tuebingen.de"/>. The author is currently doctoral student at the Universities of Bern and Trier and lecturer at the University of Wuppertal (<ptr target="https://web.archive.org/web/20190919092052/https://www.germanistik.uni-wuppertal.de/de/teilfaecher/aeltere-deutsche-literatur-im-europaeischen-kontext/personal/christian-griesinger.html"/>). He is TUSTEP-user since 2009 and user-developer since 2014. His research interests are Middle High German language, historical lexicography, edition philology and computer philology especially with TUSTEP, XML (TEI), SQL and PHP.</note> This review is based upon the Windows version.<note xml:id="ftn3" n="3">It will not take into account other operating systems. The installation guides for Linux or MAC are available on the TUSTEP homepage, unfortunately only in German.</note> On Windows, it is sufficient to open the installation file and choose a folder for installation. It is recommended to additionally install GhostScript and/or GhostView<note xml:id="ftn4" n="4">Cf. the GhostScript homepage <ptr target="https://web.archive.org/web/20190919092731/https://www.ghostscript.com"/>.</note> because Windows and TUSTEP do not have a native support for Postscript-files (.ps) and these are mandatory when it comes to typesetting. For MAC and Linux, this step is usually not necessary.</p>
                <p>While TUSTEP is normally installed on a personal computer, it is also possible to run it on a Linux Server and there have even been successful experiments to run the software on Raspberry Pis.<note xml:id="ftn5" n="5">A demonstration of TUSTEP on Raspberry Pi was given at the 2018 ITUG Conference in Potsdam. See <ptr target="https://web.archive.org/web/20190919093206/http://www.bbaw.de/veranstaltungen/2018/oktober/LeibnizITUG"/>.</note> The whole source code is provided in open access and may be modified and compiled under a BSD-license.</p>
                <p>Being a software toolbox, TUSTEP does not have a single purpose, functionality or area of application ‒ except that it is designed to work with texts. As will be explained in more detail in the next section, TUSTEP consists of a variety of modules, each of which being designed for its specific task. Those modules can be combined almost freely by the user to create very complex workflows, so that the program suits the users’ individual needs. With regard to digital scholarly editions, TUSTEP supports all steps of a typical editorial workflow: From transcription to collation, from the constitution of critical texts with up to nine apparatus levels to the creation of indices and concordances, from professional typesetting to converting a text into any desired plain text file format.</p>
            </div>
            <div type="div2">
                <head>What is TUSTEP capable of</head>
                <p>As said above, TUSTEP consists of individual modules also referred to as commands. There are currently 54 commands in TUSTEP. Each has a German and an alternative English alias that consists of a leading "#", the command name and a variable number of parameters. 
                    For example, there is a command for copying the contents of one file into another. The name of this command is <seg type="code" lang="tustep">#KOPIERE</seg> (or <seg type="code" lang="tustep">#COPY</seg> in English). As shown below, it has a few comma separated parameters: "quelle" (source) and "ziel" (destination) ask for filenames, "modus" (mode) and "loeschen" (delete) ask in a short notation ("+" for yes, "-" for no) whether the line numbers of the file should be recounted or the destination file overwritten:
                    
                    <seg type="code" lang="tustep">
                        <lb/>#KOPIERE,
                        <lb/>quelle = file_a,
                        <lb/>ziel = file_b,
                        <lb/>modus = +,
                        <lb/>loeschen = +
                    </seg>
                </p>
                
                <p>The order of the parameters can be altered if one wishes to, but there is a standard order. TUSTEP comes with a command-line based user interface which is described in more detail below. The user tells TUSTEP the commands to be executed by typing them into the command line. In order to save a lot of typing, any command may be abbreviated after the second letter at the latest and all parameters names may be omitted if the standard order is observed. The above command may also look like this: 
                    
                    <seg type="code" lang="tustep">
                        <lb/>#KO, file_a, file_b, +, + 
                    </seg>
                </p>
                
                <p>Both notations do the same thing: Copy the contents of "file_a" into "file_b", recount the line numbers and overwrite the former contents of "file_b". It is possible to combine the short hand notation with the full notation.</p>
                <p>One benefit of TUSTEP lies in the extensive functionality of its commands. While copying a file, the user may simultaneously want to manipulate the contents of that file. Let’s suppose, there is a certain XML or SGML tagset in "file_a" that should be converted to TEI-XML. The command accepts additional parameters (here between "*" and "*eof" ‒ eof standing for "end of file"):
                    
                    <seg type="code" lang="tustep">
                        
                        <lb/>#KOPIERE, file_a, file_b, +, +, parameter = *
                        <lb/>XX	|&lt;Name&gt;|&lt;persName&gt;|
                        <lb/>XX	|&lt;/Name&gt;|&lt;/persName&gt;|
                        <lb/>*eof
                    </seg>
                </p>
                
                <p>The parameter "XX" exchanges strings with other strings. It also accepts string patterns, so it is possible to compress these two lines of parameters into one by making the backslash optional.<note xml:id="ftn6" n="6">It should be noted however that the use of string and string patterns replacement for refactoring XML would only work if the XML file has a regular content, something which is not imposed by the XML syntax: one may thing for instance of extra whitespaces or changes in the order of the attributes, which would cause mismatches.</note> But this is not the only possible parameter. There are dozens for <seg type="code" lang="tustep">#KOPIERE</seg> that can be combined. One of them, for example, selects only lines in a file which meet certain criteria (e. g. contain a specific string), exchanges some parts of that string, adds consecutive numbers at the beginning of the line and introduces some tags. By this procedure, it would be easy to search for strings in a text and give all search results back as a numbered result set in XML, HTML or any other text format ‒ perhaps you need a comma separated list to use in Excel or to import into a SQL-Database? That would be no problem.</p>
                
                <p>Aside from <seg type="code" lang="tustep">#KOPIERE</seg>, TUSTEP contains a variety of commands for editing a text (<seg type="code" lang="tustep">#EDIERE</seg>), indexing a text (<seg type="code" lang="tustep">#RVORBREITE</seg> ‒ prepare a registry by breaking down the texts into tokens, <seg type="code" lang="tustep">#SORTIERE</seg> ‒ sort the tokens by any alphabetical or numerical order and <seg type="code" lang="tustep">#RAUFBEREITE</seg> ‒ sum up the tokens into the registry entries with or without references), comparing two or more texts with each other (<seg type="code" lang="tustep">#VERGLEICHE</seg> and <seg type="code" lang="tustep">#VAUFBEREITE</seg>) or typeset a text (<seg type="code" lang="tustep">#SATZ</seg>). In digital scholarly editions, these are all very important features. Some of them will be discussed here below.
                 </p><p>   <seg type="code" lang="tustep">#EDIERE</seg> opens a text editor in which the user can edit a text file with up to 2 Gigabyte size. TUSTEP opens a file of this size in the same amount of time as a file of one kilobyte. While editors in office suits (Microsoft Word, Libre Office Writer etc.) and many programming editors (like Notepad++, Oxygen XML Editor) load the whole file at once, TUSTEP only loads as many lines as fit on the screen. The user can navigate "screen by screen" or jump to any particular part of that file without losing much time on scrolling or buffering the whole file. The editor comes with a pattern matching syntax (similar to regular expressions) in order to search for inflection forms or suffixes. It supports individual shortcuts, syntax highlighting and has the ability to perform user defined macros.</p>
                
                <p><seg type="code" lang="tustep">#VERGLEICHE</seg> can perform a comparison of multiple texts, as many as the user wants, by comparing each text with a base text. <seg type="code" lang="tustep">#VAUFBEREITE</seg> generates a formatted list of the differences between these texts. These two commands can be used for collating text witnesses, or to compare the changes made in previous working sessions ‒ which is very useful when it comes to correcting. By adding parameters, it is possible to specify for every single comparison what is considered to be important or unimportant.</p>
                
                <p>Automatically creating indices with <seg type="code" lang="tustep">#RVORBEREITE</seg>, <seg type="code" lang="tustep">#SORTIERE</seg> and <seg type="code" lang="tustep">#RAUFBEREITE</seg> is important for checking an edited text in search of errors or to create registers of persons and places. The fact that the creation of indices is broken down into three separate steps makes it very flexible. In every step, parameters can be added that, for instance, control which parts of a text are indexed, how the word forms are sorted and how they are summarized.</p>
                
                <p>Finally, one of the most important features in TUSTEP is <seg type="code" lang="tustep">#SATZ</seg>, which enables to professionally typeset texts with or without footnotes, critical apparatus, illustrations, and thus prepare them for publication. In a review, it would be impossible to give a comprehensive description of this module alone, but at least I want to give an impression of its features. In the TUSTEP handbook, over 200 pages are dedicated to describe the functional scope of <seg type="code" lang="tustep">#SATZ</seg>, which includes native support for many alphabets like Latin, Greek, Coptic, Hebrew, Arabian or Russian, and give, for instance, the possibility to place any arbitrary superscript or subscript letter over or under another one.<note xml:id="ftn7" n="7">TUSTEP supports Unicode; the fonts availability depends on the end user. For more information, see <ptr target="https://web.archive.org/web/20191210191210/http://www.tustep.uni-tuebingen.de/bi/bi99/bi997l1-unicode.pdf"/>, unfortunately only available in German.</note></p>
                
                <p>While it is nice to have a separate command for each purpose, research projects and especially editorial enterprises need more complex workflows, in which many steps have to be executed successively. So it would be very uncomfortable to type in the commands every time. In TUSTEP, the user can therefore create her/his own workflows by writing the commands needed into a temporary or permanent file and execute this file over and over again. This gives the ability to the user to create a customized program. It is also possible to execute such a file with variables to adapt the program at each execution. The user may furthermore save the interim results or create protocols for every step to analyze them later. A sample program may look like this (I have omitted all specifications just to show the concept). My comments are behind the two slashes:</p> 
                
                <seg type="code" lang="tustep">
                    #UMWANDLE, ... // Import an .xml-file into a TUSTEP file
                    <lb/>#KOPIERE, ... // Copy the text of this file into another one while manipulating it
                    <lb/>#SATZ, ... // Typeset the manipulated text, in order to have page and line numbers
                    <lb/>#RVORBEREITE, ... // Break down the formatted text into tokens
                    <lb/>#SORTIERE, ... // Sort the tokens
                    <lb/>#RAUFBEREITE, ... // Create a register with the page and line numbers from #SATZ
                    <lb/>#KOPIERE, ... // Copy the register underneath the text
                    <lb/>#SATZ, ... // Typeset text and register together
                    <lb/>#*PSAUS, ... // Output both to Postscript, in order to send to a publisher a .ps-file
                    <lb/>#KOPIERE, ... // Copy both texts again, enriching them with HTML-tags for digital publication
                    <lb/>#DATEI, ... // Create a new file, for example an .html-file
                    <lb/>#UMWANDLE, ... // Write the contents with HTML-tags into this file 
                </seg>
                
                <p>TUSTEP is also equipped with a modern scripting language called TUSCRIPT. After writing TUSTEP-commands into a file, it is possible to control the workflow with structures from TUSCRIPT, like if-then-queries, loops and a variety of predefined functions. The scripting language allows to largely automatize the workflows.</p>
                <p>But what is more important: TUSTEP gives to the user the possibility to create new and more complex tools (i. e. new programs) out of the pieces of software in the toolbox. Hence the true power of TUSTEP does not lie in the functionality of its single components, but in their flexibility and the possibility to combine them as needed to find customized solutions for specific and new problems. It is a major feature of TUSTEP that the user is able to import and export their data or edition materials at any time from and into any plain text format with any desired markup (for example custom XML or TEI-XML). Hence, the results of a TUSTEP based workflow can be processed further in other applications, and vice versa results from other applications can be processed with TUSTEP.</p>
                <p>
                    While many applications work with a specific markup, for example XML-tags, TUSTEP does not need a fixed markup, except when it comes to typesetting. When typesetting a text with <seg type="code" lang="tustep">#SATZ</seg>, the typesetting engine needs specific control instructions. But the user can tell <seg type="code" lang="tustep">#SATZ</seg> which elements of the markup should be converted into which control instructions.</p>
            </div>
            <div type="div2">
                <head>How to work with TUSTEP</head>
                
                <figure><head>Fig. 1: TUSTEP starting screen to create a session.</head><graphic url="wp-content/uploads/issue_11/tustep/pictures/picture-1.jpg"/></figure>
                
                <p>When starting the program for the first time, the screen leads the user to a menu (see Fig. 1) for creating a "Sitzung" (session). A session ‒ one may think of as the project’s default directory or root directory on the user hard drive ‒ is a security concept and one that forces to keep order in the files. All files of a project have to be in this directory (or in sub-directories) to enable access to a TUSTEP session.<note xml:id="ftn8" n="8">If files are to be shared, there is the possibility to create a remote session, where the files are stored on a server that all developers of a project have access to. TUSTEP sessions avoid maintenance issues by ensuring that only one session at a time can have writing access to a single file.</note> A session stores much information about actions in temporal files (for example the last commands typed, the last files opened, the individual shortcuts chosen for this particular project) ‒ but it will never send this or any other information automatically over the internet.<note xml:id="ftn9" n="9">Many applications (for example Microsoft Office or the Atom editor) send by default usage statistics, crash reports or other metrics (often referred to as diagnostic data) over the internet unless a user explicitly deactivates this functionality. In this review, of course, there is no room to discuss the pros and cons of programs sending usage information to their developers. Anyway, TUSTEP does not have a function to collect user data.</note> Thus it is not only recommended but safe to create a session for each project one is working on. With the creation of a session, it is also possible create a desktop icon, that would start that particular session.</p>
                
                <figure><head>Fig. 2: Starting screen of the session.</head><graphic url="wp-content/uploads/issue_11/tustep/pictures/picture-2.jpg"/></figure>
                
                <p>Once TUSTEP is open with a session, the starting screen (see Fig. 2) pops up showing the command line at the bottom where the user can enter commands directly. In the blue field above, TUSTEP gives information about the program version and feedback on the commands entered. This includes error messages and notifications of success.</p>
                
                <figure><head>Fig. 3: The TUSTEP editor.</head><graphic url="wp-content/uploads/issue_11/tustep/pictures/picture-3.jpg"/></figure>
                
                <p>If the user types the command <seg type="code" lang="tustep">#EDIERE</seg> (or <seg type="code" lang="tustep">#e</seg> in short) into the command line and hits enter, the TUSTEP editor opens an empty file. The editor screen has three main parts (as shown in Fig. 3): A field for the line numbers on the left, a text field on the right and a command line at the bottom. While in many editors (like Oxygen XML editor or Notepad++) line numbers are just for display and are not an essential part of the file itself, TUSTEP’s own file format saves the line numbers inside the file. That is why it is necessary to import .xml or .txt or .rtf files into TUSTEP by converting them into the TUSTEP file format and exporting TUSTEP files back to other file formats: This adds (or eliminates) the line numbers which guarantee fast access to the file (as mentioned in the above section) and enable TUSTEP to load a reduced number of lines.</p>
                
                <p>The line numbers can also be used to imitate simple text structures. Three levels of line numbers are accepted, such as 200.098/54. This number can be interpreted as page number 200 and line number 98 referring to a printed book, with a third additional number for editorial additions like apparatus entries or notes on the text of the line. </p>
                
                <figure><head>Fig. 4: A TUSTEP file containing all of Jules Verne's novels.</head><graphic url="wp-content/uploads/issue_11/tustep/pictures/picture-4.jpg"/></figure>
                
                <p>It is also possible to have a text collection in one file, for example all novels written by Jules Verne, which are differentiated by the first number. In this way, the user would have easy access to each novel whilst having the possibility to search and edit all novels at once. Figure 4 shows the beginning of Jules Verne’s <emph>Reise zum Mittelpunkt der Erde</emph> which is in this collection the 51st text, having line numbers beginning with the number 51. An information window showing the number of sentences in the file, among other information, is available. All novels by Jules Verne consume about 80 MB of hard drive space.</p>
            </div>
            
            <div type="div2">
                <head>What are the downsides of TUSTEP</head>
                
                <p>Since the software originally dates from the 1960s and the 1970s where mouse and touch screen were not common or even invented and screens had little resolution, TUSTEP has a concept of usage that is not very intuitive to those who got to know modern graphical user interfaces first. It takes some time to get used to the TUSTEP way of using a computer program. The method of entering commands, via command-line and not having drop-down menus, is in itself useful – I believe one could enter commands faster using the keyboard instead of using a mouse –, but it forces the users to rethink their habits to operate an application.</p>
                <p>As TUSTEP is a professional tool with numerous functionalities, it is not easy to use. The learning curve is quite steep at the beginning: Some weeks or even months are needed until working with TUSTEP takes up speed and one becomes familiar with all important functions. Furthermore, the technology used is TUSTEP-specific, thus the skills aquired cannot be reused in a different environment, unlike standards such as XQuery or XPath. On the other hand, within TUSTEP, once the user has learnt enough s/he can apply her or his knowledge to many projects, saving time. Also, with the skills to create, edit, analyze and typeset texts, one becomes less dependent on the skills of other persons.</p>
                <p>Another downside is that there are some peculiarities in TUSTEP. For example, file names may be only up to 12 characters long (plus up to four characters in the file extension). If the user wants to use longer file names, s/he has to either rename the files or use a workaround by defining the longer file names as variables known to the session, in order to use the variable names instead of the file names. This and other peculiarities are part of the inheritance of the program’s long history, which makes them understandable: but perhaps it is time to rethink these parts of TUSTEP for the future.</p>
            </div>
            
            <div type="div2">
                <head>Where to find help</head>
                <p>Due to the complexity of TUSTEP, it is recommended that beginners take an introductory course. The ITUG homepage informs about courses held at different universities in Germany, Switzerland and Austria. There is also the possibility to take a course within the scope of the annual ITUG conference.</p>
                <p>Apart from that, there is a TUSTEP wiki<note xml:id="ftn10" n="10">Cf. the TUSTEP wiki <ptr target="https://web.archive.org/web/20190919093425/http://85.214.95.119/docuwiki/doku.php"/>.</note> where beginners and advanced users find tutorials, help for troubleshooting and a series of sample programs for common problems. This is a good starting point, but if the tips in the wiki are insufficient to help you out, one can ask questions on the TUSTEP mailing list.<note xml:id="ftn11" n="11">The information for subscription to the mailing list on the ITUG homepage is available at <ptr target="https://web.archive.org/web/20181209212720/http://www.itug.de/tustep-liste/info-anmeldung.html"/>.</note> In my experience, answers arrive within 24 hours and they normally solve the problem directly or give enough hints to find a solution. Although the TUSTEP community is quite small in comparison to other users software communities, I find it to be helpful, friendly and understanding; even the program authors will respond, particularly if the problem might indicate a bug.</p>
                <p>As mentioned before, there is a handbook coming with each version of TUSTEP lying in the installation folder. The handbook offers a complete description of TUSTEP’s features, but its terminology is quite abstract and it takes some time to get used to it. The time is not wasted though, because it gives an exhaustive overview of the functionalities and the parameters. Unfortunately, there is no up-to-date introduction in the form of a monograph.<note xml:id="ftn12" n="12">The last book I am aware of is Peter Stahl TUSTEP für Einsteiger. It dates back to 1996 and has now become outdated.</note></p>
                <p>Now, who uses TUSTEP? Over the decades many editorial projects have relied on the program. A list of ongoing and finished projects is available on the ITUG homepage;<note xml:id="ftn13" n="13">Cf. the project section on the ITUG homepage <ptr target="https://web.archive.org/web/20190919093622/http://itug.de/projekte.html"/>.</note> while this list is by far not comprehensive, it gives an impression of the variety of scientific contexts TUSTEP is used in.</p>
            </div>
            
            <div type="div2">
                <head>Conclusion</head>
                <p>TUSTEP is one of the oldest programs still in use in the Digital Humanities: it proves that software can survive more than just one decade. Many programs have come and gone in the time TUSTEP is around. Especially in the last few years so much software in the Digital Humanities has been developed and is in part already forgotten, because a new standard was introduced making the software obsolete, or a new version of an operating system was published and the software could not be run anymore, or a newer software was more powerful, so users had no need to use the older software.</p>
                <p>The fact that TUSTEP has survived since the 1960s may be an indication that the software is still powerful and competitive, and that it successfully runs on different platforms. Indeed, TUSTEP files from the past on a magnetic tape would still be readable by TUSTEP 2018 ‒ provided that you had a device that could still read a magnetic tape. So one may state that TUSTEP itself is sustainable and the developers have always tried to make the application compatible from one version to another.</p>
                <p>Even though some parts of TUSTEP have aged and could be renewed in the future, like the built-in text editor (that is one of 54 commands), in my opinion TUSTEP is worth being considered in new scientific projects dealing with texts or text editions. Because of the possibility to easily convert from and into different file formats, TUSTEP can also be used in combination with other software in a complementary and modular manner.</p>
            </div>
        </div></body></text>
</TEI>