<?xml version="1.0" encoding="UTF-8"?>
<?xml-model href="ride.rng" type="application/xml" schematypens="http://relaxng.org/ns/structure/1.0"?>
<TEI xmlns="http://www.tei-c.org/ns/1.0" xml:id="ride.13.1">
    <teiHeader>
        <fileDesc>
            <titleStmt>
                <title>Lyrik des deutschen Mittelalters</title>
                <author>
                    <name>
                        <forename>Helmut W.</forename>
                        <surname>Klug</surname>
                    </name>
                    <idno type="ORCID">https://orcid.org/0000-0002-7461-5820</idno>
                    <affiliation>
                        <orgName>University of Graz</orgName>
                        <placeName/>
                    </affiliation>
                    <email>helmut.klug@uni-graz.at</email>
                </author>
            </titleStmt>
            <publicationStmt>
                <publisher>Institut für Dokumentologie und Editorik e.V.</publisher>
                <date when="2020-12">December 2020</date>
                <idno type="URI">http://ride.i-d-e.de/issues/issue-13/ldm</idno>
                <idno type="DOI">10.18716/ride.a.13.1</idno>
                <idno type="archive"
                    >https://github.com/i-d-e/ride/blob/archives/issue13/ldm.zip?raw=true</idno>
                <availability>
                    <licence target="http://creativecommons.org/licenses/by/4.0/"/>
                </availability>
            </publicationStmt>
            <seriesStmt>
                <title level="j">RIDE - A review journal for digital editions and resources</title>
                <editor>Ulrike Henny-Krahmer</editor>
                <editor>Frederike Neuber</editor>
                <editor>Patrick Sahle</editor>
                <editor role="managing">Ulrike Henny-Krahmer</editor>
                <editor role="managing">Frederike Neuber</editor>
                <editor role="technical">Bernhard Assmann</editor>
                <editor role="technical">Jana Klinger</editor>
                <biblScope unit="issue" n="13">Digital Scholarly Editions</biblScope>
                <idno type="URI">http://ride.i-d-e.de/issues/issue-13</idno>
            </seriesStmt>
            <notesStmt>
                <relatedItem type="reviewed_resource">
                    <bibl>
                        <title>Lyrik des deutschen Mittelalters</title>
                        <editor>Manuel Braun, Sonja Glauch, Florian Kragl</editor>
                        <respStmt>
                            <resp>Editor</resp>
                            <persName>Braun, Manuel</persName>
                        </respStmt>
                        <respStmt>
                            <resp>Editor</resp>
                            <persName>Glauch, Sonja</persName>
                        </respStmt>
                        <respStmt>
                            <resp>Editor</resp>
                            <persName>Kargl, Florian</persName>
                        </respStmt>
                        <respStmt>
                            <resp>Contributor</resp>
                            <persName>Leidinger, Simone</persName>
                        </respStmt>
                        <respStmt>
                            <resp>Contributor</resp>
                            <persName>Kirchhoff, Anne</persName>
                        </respStmt>
                        <respStmt>
                            <resp>Contributor</resp>
                            <persName>Vollmann, Justin</persName>
                        </respStmt>
                        <date type="publication">2012–2020</date>
                        <idno type="URI">http://www.ldm-digital.de</idno>
                        <date type="accessed">2020-07-07</date>
                    </bibl>
                </relatedItem>
                <relatedItem type="reviewing_criteria">
                    <bibl>
                        <ref target="http://www.i-d-e.de/criteria-version-1-1">Criteria for
                            Reviewing Scholarly Digital Editions</ref>
                    </bibl>
                </relatedItem>
            </notesStmt>
            <sourceDesc>
                <p>born digital</p>
            </sourceDesc>
        </fileDesc>
        <encodingDesc>
            <classDecl>
                <taxonomy
                    xml:base="http://www.i-d-e.de/publikationen/weitereschriften/criteria-version-1-1">
                    <category xml:id="documentation">
                        <category xml:id="bibl_desc">
                            <catDesc>
                                <ref target="#K1.2">cf. Catalogue 1.2</ref>
                            </catDesc>
                            <catDesc>Is it easily possible to describe the project bibliographically
                                along the schema "responsible editors, publishing/hosting
                                institution, year(s) of publishing"?</catDesc>
                            <catDesc>
                                <num type="boolean" value="1"/>
                            </catDesc>
                        </category>
                        <category xml:id="contributors">
                            <catDesc>
                                <ref target="#K1.4">cf. Catalogue 1.4</ref>
                            </catDesc>
                            <catDesc>Are the contributors (editors, institutions, associates) of the
                                project fully documented?</catDesc>
                            <catDesc>
                                <num type="boolean" value="1"/>
                            </catDesc>
                        </category>
                        <category xml:id="contacts">
                            <catDesc>
                                <ref target="#K1.5">cf. Catalogue 1.5</ref>
                            </catDesc>
                            <catDesc>Does the project list contact persons?</catDesc>
                            <catDesc>
                                <num type="boolean" value="1"/>
                            </catDesc>
                        </category>
                        <category xml:id="selection">
                            <category xml:id="explained">
                                <catDesc>
                                    <ref target="#K2.1">cf. Catalogue 2.1</ref>
                                </catDesc>
                                <catDesc>Is the selection of materials of the project explicitly
                                    documented?</catDesc>
                                <catDesc>
                                    <num type="boolean" value="0"/>
                                </catDesc>
                            </category>
                            <category xml:id="reasonable">
                                <catDesc>
                                    <ref target="#K2.1">cf. Catalogue 2.1</ref>
                                </catDesc>
                                <catDesc>Is the selection by and large reasonable?</catDesc>
                                <catDesc>
                                    <num type="boolean" value="1"/>
                                </catDesc>
                            </category>
                        </category>
                        <category xml:id="data_archive">
                            <catDesc>
                                <ref target="#K4.16">cf. Catalogue 4.16</ref>
                            </catDesc>
                            <catDesc>Does the documentation include information about the long term
                                sustainability of the basic data (archiving of the data)?</catDesc>
                            <catDesc>
                                <num type="boolean" value="0"/>
                            </catDesc>
                        </category>
                        <category xml:id="aims">
                            <catDesc>
                                <ref target="#K3.1">cf. Catalogue 3.1</ref>
                            </catDesc>
                            <catDesc>Are the aims and purposes of the project explicitly
                                documented?</catDesc>
                            <catDesc>
                                <num type="boolean" value="1"/>
                            </catDesc>
                        </category>
                        <category xml:id="methods">
                            <catDesc>
                                <ref target="#K3.1">cf. Catalogue 3.1</ref>
                            </catDesc>
                            <catDesc>Are the methods employed in the project explicitly
                                documented?</catDesc>
                            <catDesc>
                                <num type="boolean" value="1"/>
                            </catDesc>
                        </category>
                        <category xml:id="data_model">
                            <catDesc>
                                <ref target="#K3.7">cf. Catalogue 3.7</ref>
                            </catDesc>
                            <catDesc>Does the project document which data model (e.g. TEI) has been
                                used and for what reason?</catDesc>
                            <catDesc>
                                <num type="boolean" value="1"/>
                            </catDesc>
                        </category>
                        <category xml:id="help">
                            <catDesc>
                                <ref target="#K4.15">cf. Catalogue 4.15</ref>
                            </catDesc>
                            <catDesc>Does the project offer help texts concerning the use of the
                                project?</catDesc>
                            <catDesc>
                                <num type="boolean" value="1"/>
                            </catDesc>
                        </category>
                        <category xml:id="citation">
                            <catDesc>
                                <ref target="#K4.8">cf. Catalogue 4.8</ref>
                            </catDesc>
                            <catDesc>Does the project supply citation guidelines (i.e. how to cite
                                the project or a part of it)?</catDesc>
                            <catDesc>
                                <num type="boolean" value="1"/>
                            </catDesc>
                        </category>
                        <category xml:id="complete">
                            <catDesc>
                                <ref target="#K4.16">cf. Catalogue 4.16</ref>
                            </catDesc>
                            <catDesc>Does the editon regard itself as a completed project (i.e. not
                                promise further modifications and additions)?</catDesc>
                            <catDesc>
                                <num type="boolean" value="0"/>
                            </catDesc>
                        </category>
                        <category xml:id="institutional_curation">
                            <catDesc>
                                <ref target="#K4.13">cf. Catalogue 4.13</ref>
                            </catDesc>
                            <catDesc>Does the project provide information about institutional
                                support for the curation and sustainability of the
                                project?</catDesc>
                            <catDesc>
                                <num type="boolean" value="0"/>
                            </catDesc>
                        </category>
                    </category>
                    <category xml:id="contents">
                        <category xml:id="previous_edition">
                            <catDesc>
                                <ref target="#K2.2">cf. Catalogue 2.2</ref>
                            </catDesc>
                            <catDesc>Has the material been previously edited (in print or
                                digitally)?</catDesc>
                            <catDesc>
                                <num type="boolean" value="1"/>
                            </catDesc>
                        </category>
                        <category xml:id="materials_used">
                            <catDesc>
                                <ref target="#K2.2">cf. Catalogue 2.2</ref>
                            </catDesc>
                            <catDesc>Does the edition make use of these previous editions?</catDesc>
                            <catDesc>
                                <num type="booleanX" value="0"/>
                            </catDesc>
                        </category>
                        <category xml:id="introduction">
                            <catDesc>
                                <ref target="#K4.15">cf. Catalogue 4.15</ref>
                            </catDesc>
                            <catDesc>Does the project offer an introduction to the subject-matter
                                (the author(s), the work, its history, the theme, etc.) of the
                                project?</catDesc>
                            <catDesc>
                                <num type="boolean" value="0"/>
                            </catDesc>
                        </category>
                        <category xml:id="bibliography">
                            <catDesc>
                                <ref target="#K2.3">cf. Catalogue 2.3</ref>
                            </catDesc>
                            <catDesc>Does the project offer a bibliography?</catDesc>
                            <catDesc>
                                <num type="boolean" value="1"/>
                            </catDesc>
                        </category>
                        <category xml:id="commentary">
                            <catDesc>
                                <ref target="#K2.3">cf. Catalogue 2.3</ref>
                            </catDesc>
                            <catDesc>Does the project offer a scholarly commentary (e.g. notes on
                                unclear passages, interpretation, etc.)?</catDesc>
                            <catDesc>
                                <num type="boolean" value="1"/>
                            </catDesc>
                        </category>
                        <category xml:id="contexts">
                            <catDesc>
                                <ref target="#K2.3">cf. Catalogue 2.3</ref>
                            </catDesc>
                            <catDesc>Does the project include or link to external resources with
                                contextual material?</catDesc>
                            <catDesc>
                                <num type="boolean" value="0"/>
                            </catDesc>
                        </category>
                        <category xml:id="images">
                            <catDesc>
                                <ref target="#K2.3">cf. Catalogue 2.3</ref>
                            </catDesc>
                            <catDesc>Does the project offer images of digitised sources?</catDesc>
                            <catDesc>
                                <num type="boolean" value="1"/>
                            </catDesc>
                        </category>
                        <category xml:id="image_quality">
                            <catDesc>
                                <ref target="#K4.6">cf. Catalogue 4.6</ref>
                            </catDesc>
                            <catDesc>Does the project offer images of an acceptable
                                quality?</catDesc>
                            <catDesc>
                                <num type="booleanX" value="0"/>
                            </catDesc>
                        </category>
                        <category xml:id="transcriptions">
                            <catDesc>
                                <ref target="#K2.3">cf. Catalogue 2.3</ref>
                            </catDesc>
                            <catDesc> Is the text fully transcribed?</catDesc>
                            <catDesc>
                                <num type="boolean" value="1"/>
                            </catDesc>
                        </category>
                        <category xml:id="text_quality">
                            <catDesc>
                                <ref target="#K4.6">cf. Catalogue 4.6</ref>
                            </catDesc>
                            <catDesc>Does the project offer texts of an acceptable quality (typos,
                                errors, etc.)?</catDesc>
                            <catDesc>
                                <num type="boolean" value="1"/>
                            </catDesc>
                        </category>
                        <category xml:id="indices">
                            <catDesc>
                                <ref target="#K4.5">cf. Catalogue 4.5</ref>
                            </catDesc>
                            <catDesc>Does the project feature compilations indices, registers or
                                visualisations that offer alternative ways to access the
                                material?</catDesc>
                            <catDesc>
                                <num type="boolean" value="0"/>
                            </catDesc>
                        </category>
                        <category xml:id="documents">
                            <category xml:id="doc_type">
                                <catDesc>
                                    <ref target="#K1.3 #K2.1">cf. Catalogue 1.3 and 2.1</ref>
                                </catDesc>
                                <catDesc>Which kinds of documents are at the basis of the
                                    project?</catDesc>
                                <category xml:id="single_manuscript">
                                    <catDesc>
                                        <num type="boolean" value="0"/>
                                    </catDesc>
                                </category>
                                <category xml:id="single_work">
                                    <catDesc>
                                        <num type="boolean" value="0"/>
                                    </catDesc>
                                </category>
                                <category xml:id="collection_of_texts">
                                    <catDesc>
                                        <num type="boolean" value="1"/>
                                    </catDesc>
                                </category>
                                <category xml:id="collected_works">
                                    <catDesc>
                                        <num type="boolean" value="0"/>
                                    </catDesc>
                                </category>
                                <category xml:id="papers">
                                    <catDesc>
                                        <num type="boolean" value="0"/>
                                    </catDesc>
                                </category>
                                <category xml:id="archival_holding">
                                    <catDesc>
                                        <num type="boolean" value="0"/>
                                    </catDesc>
                                </category>
                                <category xml:id="charters">
                                    <catDesc>
                                        <num type="boolean" value="0"/>
                                    </catDesc>
                                </category>
                                <category xml:id="letters">
                                    <catDesc>
                                        <num type="boolean" value="0"/>
                                    </catDesc>
                                </category>
                                <category xml:id="diary">
                                    <catDesc>
                                        <num type="boolean" value="0"/>
                                    </catDesc>
                                </category>
                                <category corresp="#other">
                                    <catDesc>
                                        <num type="boolean" value="0"/>
                                    </catDesc>
                                    <category corresp="#free">
                                        <desc/>
                                    </category>
                                </category>
                            </category>
                            <category xml:id="doc_time">
                                <catDesc>
                                    <ref target="#K1.3 #K2.1">cf. Catalogue 1.3 and 2.1</ref>
                                </catDesc>
                                <catDesc>What era(s) do the documents belong to?</catDesc>
                                <category xml:id="classics">
                                    <catDesc>
                                        <num type="boolean" value="0"/>
                                    </catDesc>
                                </category>
                                <category xml:id="medieval">
                                    <catDesc>
                                        <num type="boolean" value="1"/>
                                    </catDesc>
                                </category>
                                <category xml:id="early_modern">
                                    <catDesc>
                                        <num type="boolean" value="0"/>
                                    </catDesc>
                                </category>
                                <category xml:id="modern">
                                    <catDesc>
                                        <num type="boolean" value="0"/>
                                    </catDesc>
                                </category>
                            </category>
                        </category>
                        <category xml:id="subject">
                            <catDesc>
                                <ref target="#K1.3">cf. Catalogue 1.3</ref>
                            </catDesc>
                            <catDesc>Which perspective(s) do the editors take towards the edited
                                material? How can the edition be classified in general
                                terms?</catDesc>
                            <category xml:id="history">
                                <catDesc>
                                    <num type="boolean" value="0"/>
                                </catDesc>
                            </category>
                            <category xml:id="philology_literary_studies">
                                <catDesc>
                                    <num type="boolean" value="1"/>
                                </catDesc>
                            </category>
                            <category xml:id="philosophy_theology">
                                <catDesc>
                                    <num type="boolean" value="0"/>
                                </catDesc>
                            </category>
                            <category xml:id="history_of_science">
                                <catDesc>
                                    <num type="boolean" value="0"/>
                                </catDesc>
                            </category>
                            <category xml:id="musicology">
                                <catDesc>
                                    <num type="boolean" value="0"/>
                                </catDesc>
                            </category>
                            <category xml:id="art_history">
                                <catDesc>
                                    <num type="boolean" value="0"/>
                                </catDesc>
                            </category>
                            <category corresp="#other">
                                <catDesc>
                                    <num type="boolean" value="0"/>
                                </catDesc>
                                <category corresp="#free">
                                    <desc/>
                                </category>
                            </category>
                        </category>
                    </category>
                    <category xml:id="presentation">
                        <category xml:id="spin_offs">
                            <catDesc>
                                <ref target="#K4.11">cf. Catalogue 4.11</ref>
                            </catDesc>
                            <catDesc>Does the project offer any spin-offs?</catDesc>
                            <category xml:id="app">
                                <catDesc>
                                    <num type="boolean" value="0"/>
                                </catDesc>
                            </category>
                            <category xml:id="mobile">
                                <catDesc>
                                    <num type="boolean" value="0"/>
                                </catDesc>
                            </category>
                            <category xml:id="PDF">
                                <catDesc>
                                    <num type="boolean" value="0"/>
                                </catDesc>
                            </category>
                            <category corresp="#other">
                                <catDesc>
                                    <num type="boolean" value="0"/>
                                </catDesc>
                                <category corresp="#free">
                                    <desc/>
                                </category>
                            </category>
                            <category corresp="#none">
                                <catDesc>
                                    <num type="boolean" value="1"/>
                                </catDesc>
                            </category>
                        </category>
                        <category xml:id="browse_by">
                            <catDesc>
                                <ref target="#K4.3">cf. Catalogue 4.3</ref>
                            </catDesc>
                            <catDesc>By which categories does the project offer to browse the
                                contents?</catDesc>
                            <category xml:id="authors">
                                <catDesc>
                                    <num type="boolean" value="1"/>
                                </catDesc>
                            </category>
                            <category xml:id="works">
                                <catDesc>
                                    <num type="boolean" value="1"/>
                                </catDesc>
                            </category>
                            <category xml:id="versions">
                                <catDesc>
                                    <num type="boolean" value="0"/>
                                </catDesc>
                            </category>
                            <category xml:id="structure">
                                <catDesc>
                                    <num type="boolean" value="0"/>
                                </catDesc>
                            </category>
                            <category xml:id="pages">
                                <catDesc>
                                    <num type="boolean" value="0"/>
                                </catDesc>
                            </category>
                            <category xml:id="browse_by_documents">
                                <catDesc>
                                    <num type="boolean" value="1"/>
                                </catDesc>
                            </category>
                            <category xml:id="type_of_material">
                                <catDesc>
                                    <num type="boolean" value="0"/>
                                </catDesc>
                            </category>
                            <category xml:id="browse_by_images">
                                <catDesc>
                                    <num type="boolean" value="0"/>
                                </catDesc>
                            </category>
                            <category xml:id="dates">
                                <catDesc>
                                    <num type="boolean" value="0"/>
                                </catDesc>
                            </category>
                            <category xml:id="persons">
                                <catDesc>
                                    <num type="boolean" value="0"/>
                                </catDesc>
                            </category>
                            <category xml:id="places">
                                <catDesc>
                                    <num type="boolean" value="0"/>
                                </catDesc>
                            </category>
                            <category corresp="#other">
                                <catDesc>
                                    <num type="boolean" value="0"/>
                                </catDesc>
                                <category corresp="#free">
                                    <desc/>
                                </category>
                            </category>
                        </category>
                    </category>
                    <category xml:id="search">
                        <category xml:id="simple">
                            <catDesc>
                                <ref target="#K4.4">cf. Catalogue 4.4</ref>
                            </catDesc>
                            <catDesc>Does the project offer a simple search?</catDesc>
                            <catDesc>
                                <num type="boolean" value="1"/>
                            </catDesc>
                        </category>
                        <category xml:id="advanced">
                            <catDesc>
                                <ref target="#K4.4">cf. Catalogue 4.4</ref>
                            </catDesc>
                            <catDesc>Does the project offer an advanced search?</catDesc>
                            <catDesc>
                                <num type="boolean" value="1"/>
                            </catDesc>
                        </category>
                        <category xml:id="wildcard">
                            <catDesc>
                                <ref target="#K4.4">cf. Catalogue 4.4</ref>
                            </catDesc>
                            <catDesc>Does the search support the use of wildcards?</catDesc>
                            <catDesc>
                                <num type="booleanX" value="1"/>
                            </catDesc>
                        </category>
                        <category xml:id="index">
                            <catDesc>
                                <ref target="#K4.4">cf. Catalogue 4.4</ref>
                            </catDesc>
                            <catDesc>Does the search offer an index of the searched field?</catDesc>
                            <catDesc>
                                <num type="booleanX" value="0"/>
                            </catDesc>
                        </category>
                        <category xml:id="suggest">
                            <catDesc>
                                <ref target="#K4.4">cf. Catalogue 4.4</ref>
                            </catDesc>
                            <catDesc>Does the search offer autocompletion or suggest
                                functionalities?</catDesc>
                            <catDesc>
                                <num type="booleanX" value="0"/>
                            </catDesc>
                        </category>
                        <category xml:id="helptext">
                            <catDesc>
                                <ref target="#K4.4">cf. Catalogue 4.4</ref>
                            </catDesc>
                            <catDesc>Does the project offer help texts for the search?</catDesc>
                            <catDesc>
                                <num type="booleanX" value="1"/>
                            </catDesc>
                        </category>
                    </category>
                    <category xml:id="aim">
                        <category xml:id="audience">
                            <catDesc>
                                <ref target="#K3.3">cf. Catalogue 3.3</ref>
                            </catDesc>
                            <catDesc>Who is the intended audience of the project?</catDesc>
                            <category xml:id="scholars">
                                <catDesc>
                                    <num type="boolean" value="1"/>
                                </catDesc>
                            </category>
                            <category xml:id="interested_public">
                                <catDesc>
                                    <num type="boolean" value="0"/>
                                </catDesc>
                            </category>
                        </category>
                        <category xml:id="typology">
                            <catDesc>
                                <ref target="#K3.3 #K5.1">cf. Catalogue 3.3 and 5.1</ref>
                            </catDesc>
                            <catDesc>Which type fits best for the reviewed project?</catDesc>
                            <category xml:id="facsimile_edition">
                                <catDesc>
                                    <num type="boolean" value="0"/>
                                </catDesc>
                            </category>
                            <category xml:id="archive_edition">
                                <catDesc>
                                    <num type="boolean" value="0"/>
                                </catDesc>
                            </category>
                            <category xml:id="documentary_edition">
                                <catDesc>
                                    <num type="boolean" value="0"/>
                                </catDesc>
                            </category>
                            <category xml:id="diplomatic_edition">
                                <catDesc>
                                    <num type="boolean" value="0"/>
                                </catDesc>
                            </category>
                            <category xml:id="genetic_edition">
                                <catDesc>
                                    <num type="boolean" value="0"/>
                                </catDesc>
                            </category>
                            <category xml:id="work_critical_edition">
                                <catDesc>
                                    <num type="boolean" value="0"/>
                                </catDesc>
                            </category>
                            <category xml:id="text_critical_edition">
                                <catDesc>
                                    <num type="boolean" value="0"/>
                                </catDesc>
                            </category>
                            <category xml:id="enriched_edition">
                                <catDesc>
                                    <num type="boolean" value="0"/>
                                </catDesc>
                            </category>
                            <category xml:id="database_edition">
                                <catDesc>
                                    <num type="boolean" value="0"/>
                                </catDesc>
                            </category>
                            <category xml:id="digital_library">
                                <catDesc>
                                    <num type="boolean" value="0"/>
                                </catDesc>
                            </category>
                            <category xml:id="typology_collection_of_texts">
                                <catDesc>
                                    <num type="boolean" value="0"/>
                                </catDesc>
                            </category>
                            <category corresp="#other">
                                <catDesc>
                                    <num type="boolean" value="0"/>
                                </catDesc>
                                <category corresp="#free">
                                    <desc/>
                                </category>
                            </category>
                            <category corresp="#none">
                                <catDesc>
                                    <num type="boolean" value="0"/>
                                </catDesc>
                            </category>
                        </category>
                    </category>
                    <category xml:id="method">
                        <catDesc rend="label">Method</catDesc>
                        <category xml:id="critical_editing">
                            <catDesc>
                                <ref target="#K3.6">cf. Catalogue 3.6</ref>
                            </catDesc>
                            <catDesc>In how far is the text critically edited?</catDesc>
                            <category xml:id="transmission_examined">
                                <catDesc>
                                    <num type="boolean" value="1"/>
                                </catDesc>
                            </category>
                            <category xml:id="palaeographic_annotations">
                                <catDesc>
                                    <num type="boolean" value="0"/>
                                </catDesc>
                            </category>
                            <category xml:id="normalization">
                                <catDesc>
                                    <num type="boolean" value="1"/>
                                </catDesc>
                            </category>
                            <category xml:id="variants">
                                <catDesc>
                                    <num type="boolean" value="0"/>
                                </catDesc>
                            </category>
                            <category xml:id="emendation">
                                <catDesc>
                                    <num type="boolean" value="1"/>
                                </catDesc>
                            </category>
                            <category xml:id="commentary_notes">
                                <catDesc>
                                    <num type="boolean" value="1"/>
                                </catDesc>
                            </category>
                            <category corresp="#other">
                                <catDesc>
                                    <num type="boolean" value="0"/>
                                </catDesc>
                                <category corresp="#free">
                                    <desc/>
                                </category>
                            </category>
                            <category corresp="#none">
                                <catDesc>
                                    <num type="boolean" value="0"/>
                                </catDesc>
                            </category>
                        </category>
                        <category xml:id="standards">
                            <catDesc>
                                <ref target="#K3.7">cf. Catalogue 3.7</ref>
                            </catDesc>
                            <category xml:id="XML">
                                <catDesc>Is the data encoded in XML?</catDesc>
                                <catDesc>
                                    <num type="boolean" value="0"/>
                                </catDesc>
                            </category>
                            <category xml:id="standardized_data_model">
                                <catDesc>
                                    <num type="boolean" value="0"/>
                                </catDesc>
                                <catDesc>Is the project employing a standardized data model (e.g.
                                    TEI)?</catDesc>
                            </category>
                        </category>
                        <category xml:id="text_type">
                            <catDesc>
                                <ref target="#K3.5">cf. Catalogue 3.5.</ref>
                            </catDesc>
                            <catDesc>Which kinds or forms of text are presented?</catDesc>
                            <category xml:id="facsimiles">
                                <catDesc>
                                    <num type="boolean" value="1"/>
                                </catDesc>
                            </category>
                            <category xml:id="diplomatic_transcription">
                                <catDesc>
                                    <num type="boolean" value="1"/>
                                </catDesc>
                            </category>
                            <category xml:id="edited_text">
                                <catDesc>
                                    <num type="boolean" value="1"/>
                                </catDesc>
                            </category>
                            <category xml:id="translations">
                                <catDesc>
                                    <num type="boolean" value="0"/>
                                </catDesc>
                            </category>
                            <category xml:id="commentaries">
                                <catDesc>
                                    <num type="boolean" value="1"/>
                                </catDesc>
                            </category>
                            <category xml:id="semantic_data">
                                <catDesc>
                                    <num type="boolean" value="0"/>
                                </catDesc>
                            </category>
                        </category>
                    </category>
                    <category xml:id="technical_accessability">
                        <category xml:id="persistent_identification">
                            <catDesc>
                                <ref target="#K4.8">cf. Catalogue 4.8</ref>
                            </catDesc>
                            <catDesc>Are there persistent identifiers and an addressing system for
                                the edition and/or parts/objects of it and which mechanism is used
                                to that end?</catDesc>
                            <category xml:id="DOI">
                                <catDesc>
                                    <num type="boolean" value="0"/>
                                </catDesc>
                            </category>
                            <category xml:id="ARK">
                                <catDesc>
                                    <num type="boolean" value="0"/>
                                </catDesc>
                            </category>
                            <category xml:id="URN">
                                <catDesc>
                                    <num type="boolean" value="0"/>
                                </catDesc>
                            </category>
                            <category xml:id="PURL.ORG">
                                <catDesc>
                                    <num type="boolean" value="0"/>
                                </catDesc>
                            </category>
                            <category corresp="#other">
                                <catDesc>
                                    <num type="boolean" value="0"/>
                                </catDesc>
                                <category corresp="#free">
                                    <desc/>
                                </category>
                            </category>
                            <category xml:id="persistent_URLs">
                                <catDesc>
                                    <num type="boolean" value="0"/>
                                </catDesc>
                            </category>
                            <category corresp="#none">
                                <catDesc>
                                    <num type="boolean" value="1"/>
                                </catDesc>
                            </category>
                        </category>
                        <category xml:id="interfaces">
                            <catDesc>
                                <ref target="#K4.9">cf. Catalogue 4.9</ref>
                            </catDesc>
                            <catDesc>Are there technical interfaces like OAI-PMH, REST etc., which
                                allow the reuse of the data of the project in other
                                contexts?</catDesc>
                            <category xml:id="OAI-PMH">
                                <catDesc>
                                    <num type="boolean" value="0"/>
                                </catDesc>
                            </category>
                            <category xml:id="REST">
                                <catDesc>
                                    <num type="boolean" value="0"/>
                                </catDesc>
                            </category>
                            <category xml:id="general_API">
                                <catDesc>
                                    <num type="boolean" value="0"/>
                                </catDesc>
                            </category>
                            <category corresp="#other">
                                <catDesc>
                                    <num type="boolean" value="0"/>
                                </catDesc>
                                <category corresp="#free">
                                    <desc/>
                                </category>
                            </category>
                            <category corresp="#none">
                                <catDesc>
                                    <num type="boolean" value="1"/>
                                </catDesc>
                            </category>
                        </category>
                        <category xml:id="open_access">
                            <catDesc>Is the edition Open Access?</catDesc>
                            <catDesc>
                                <num type="boolean" value="1"/>
                            </catDesc>
                        </category>
                        <category xml:id="basic_data_accessible">
                            <catDesc>
                                <ref target="#K4.12">cf. Catalogue 4.12</ref>
                            </catDesc>
                            <catDesc>Is the basic data (e.g. the XML) of the project accessible for
                                each part of the edition (e.g. for a page)?</catDesc>
                            <catDesc>
                                <num type="boolean" value="1"/>
                            </catDesc>
                        </category>
                        <category xml:id="download">
                            <catDesc>
                                <ref target="#K4.9">cf. Catalogue 4.9</ref>
                            </catDesc>
                            <catDesc>Can the entire raw data of the project be downloaded (as a
                                whole)?</catDesc>
                            <catDesc>
                                <num type="boolean" value="0"/>
                            </catDesc>
                        </category>
                        <category xml:id="reuse">
                            <catDesc>
                                <ref target="#K4.9">cf. Catalogue 4.9</ref>
                            </catDesc>
                            <catDesc>Can you use the data with other tools useful for this kind of
                                content?</catDesc>
                            <catDesc>
                                <num type="boolean" value="1"/>
                            </catDesc>
                        </category>
                        <category xml:id="rights">
                            <category xml:id="declared">
                                <catDesc>
                                    <ref target="#K4.13">cf. Catalogue 4.13</ref>
                                </catDesc>
                                <catDesc>Are the rights to (re)use the content declared?</catDesc>
                                <catDesc>
                                    <num type="boolean" value="1"/>
                                </catDesc>
                            </category>
                            <category xml:id="license">
                                <catDesc>
                                    <ref target="#K4.13">cf. Catalogue 4.13</ref>
                                </catDesc>
                                <catDesc>Under what license are the contents released?</catDesc>
                                <category xml:id="CC0">
                                    <catDesc>
                                        <num type="boolean" value="0"/>
                                    </catDesc>
                                </category>
                                <category xml:id="CC-BY">
                                    <catDesc>
                                        <num type="boolean" value="0"/>
                                    </catDesc>
                                </category>
                                <category xml:id="CC-BY-ND">
                                    <catDesc>
                                        <num type="boolean" value="0"/>
                                    </catDesc>
                                </category>
                                <category xml:id="CC-BY-NC">
                                    <catDesc>
                                        <num type="boolean" value="0"/>
                                    </catDesc>
                                </category>
                                <category xml:id="CC-BY-SA">
                                    <catDesc>
                                        <num type="boolean" value="1"/>
                                    </catDesc>
                                </category>
                                <category xml:id="CC-BY-NC-ND">
                                    <catDesc>
                                        <num type="boolean" value="0"/>
                                    </catDesc>
                                </category>
                                <category xml:id="CC-BY-NC-SA">
                                    <catDesc>
                                        <num type="boolean" value="0"/>
                                    </catDesc>
                                </category>
                                <category xml:id="PDM">
                                    <catDesc>
                                        <num type="boolean" value="0"/>
                                    </catDesc>
                                </category>
                                <category corresp="#other">
                                    <catDesc>
                                        <num type="boolean" value="0"/>
                                    </catDesc>
                                    <category corresp="#free">
                                        <desc/>
                                    </category>
                                </category>
                                <category xml:id="no_license">
                                    <catDesc>
                                        <num type="boolean" value="0"/>
                                    </catDesc>
                                </category>
                                <category xml:id="multiple_licenses">
                                    <catDesc>
                                        <num type="boolean" value="0"/>
                                    </catDesc>
                                </category>
                            </category>
                        </category>
                    </category>
                </taxonomy>
            </classDecl>
        </encodingDesc>
        <profileDesc>
            <langUsage>
                <language ident="en"/>
            </langUsage>
            <textClass>
                <keywords xml:lang="en">
                    <term>minnesong</term>
                    <term>poetry</term>
                    <term>medieval</term>
                    <term>anthology</term>
                    <term>middle high german</term>
                </keywords>
            </textClass>
        </profileDesc>
    </teiHeader>
    <text>
        <front>
            <div type="abstract">
                <p>The online anthology <emph>Lyrik des deutschen Mittelalters</emph> aims at
                    bringing Middle High German poetry into the digital medium. In respect to
                    editorial practice the text collection can without difficulty be matched to the
                    old-established minnesong anthologies of German medieval studies. In its digital
                    approach the project provides a sound text presentation which surpasses that of
                    the print medium by far but often fails to embrace the more interesting aspects
                    of the digital paradigm and digital humanities research as receiving the project
                    data through reading remains the only access possible.</p>
            </div>
        </front>
        <body>
            <div xml:id="div1">
                <head>Introduction</head>
                <p xml:id="p1">In German medieval studies text collections have a long tradition.
                    The introduction of the major anthologies like <emph>Minnesinger</emph> and
                        <emph>Des Minnesangs Frühling</emph> dates back as far as the middle of the
                    19th century and earlier. The editors of these collections aimed at providing
                    scholars as well as students with the best source text edition possible,
                    continuously adapting the editorial standards over time. The editors of the
                        <emph>Lyrik des deutschen Mittelalters</emph> (LDM for short) describe this
                    development very aptly: <cit>
                        <quote>In medieval studies the belief in the possibility of regaining the author's text, or at least the archetype has declined in the same degree as the scholar’s/field's respect for the materiality of a manuscript has grown.</quote>
                        <bibl><ref target="http://www.ldm-digital.de/einfuehrungedition.php"
                            >Introduction</ref><note xml:id="ftn1"> Translated from German by the author; original version: “Der Glaube an die Möglichkeit, den Autortext oder wenigstens den
                                Archetypus wiedergewinnen zu können, ist der Mediävistik in dem Maße
                                abhanden gekommen, wie ihr Respekt für die Materialität der Handschrift
                                gestiegen ist.”</note></bibl></cit> This statement also summarizes the
                    editorial aim of the LDM, which puts its focus on both tradition and materiality
                    but nonetheless concentrates on the two core editorial activities textual
                    criticism in the scope of historic editions, and providing textual commentary
                    for better access to the text itself. The scope of the text collection is as
                    simple as challenging: to newly edit all poetic texts of the German High Middle
                    Ages from its sources and provide them as an open access online edition (cf.
                        <ref target="http://www.ldm-digital.de/">home page</ref>) – in the
                    introduction to the edition the editors describe their aim even more boldly: <cit>
                        <quote>to newly edit all medieval German lyrical texts from their sources.</quote><bibl><ref
                                target="http://www.ldm-digital.de/einfuehrungedition.php"
                            >Introduction</ref><note xml:id="ftn2">Translated from German by the author; original version: “[…] sämtliche lyrische Texte des deutschsprachigen Mittelalters neu
                                aus den Quellen herauszugeben
                                […].”</note></bibl></cit></p>
            </div>
            <div xml:id="div2">
                <head>Background</head>
                <p xml:id="p2">The imprint lists Manuel Braun (University of Stuttgart), Sonja
                    Glauch, Florian Kragl (both Friedrich-Alexander University Erlangen-Nürnberg) as
                    project lead responsible for the LDM. The contact page names active as well as
                    past staff members at both institutions with links to their professional
                    webpages. Unfortunately, the web site provides only little information on the
                    time scope, or the financing of the project: the icons in the footer of the web
                    site suggest DFG-funding (unfortunately the footer disappears when clicking any
                    other menu link), the author page lists two project terms. Florian Kragl’s <ref
                        target="https://www.germanistik.phil.fau.de/person/kragl-florian/"
                        >institutional website</ref> (A side note: all the links to the personal
                    websites of the editors in the ‚Kontakt‘ section of the website are invalid – a
                    reminder why a permalink system should be used more frequently.) holds the
                    information that the LDM text collection initiated in the DFG financed project
                        <emph>Lyrik des hohen Mittelalters. Eine exemplarische elektronische
                        Edition</emph>, 2013–15, and is now (2017–20) continued in the DFG project
                        <emph>Lyrik des deutschen Mittelalters: Eine elektronische Edition des
                        Minnesangs</emph> (cf. section ‚<ref
                        target="https://www.germanistik.phil.fau.de/person/kragl-florian/"
                        >Projekte</ref>‘).</p>
                <p xml:id="p3">
                    <figure xml:id="img1">
                        <graphic
                            url="http://ride.i-d-e.de/wp-content/uploads/issue_13/ldm/pictures/picture-1.png"/>
                        <head type="legend">The LDM Website provides a thorough user
                            documentation.</head>
                    </figure>
                    <figure xml:id="img2">
                        <graphic
                            url="http://ride.i-d-e.de/wp-content/uploads/issue_13/ldm/pictures/picture-2.png"/>
                        <head type="legend">The LDM Website provides different text versions.</head>
                    </figure>Fortunately, the documentation for the web site (editorial concept,
                    user manual) is a lot easier to access than the project details as there are
                    links to the relevant information even on the homepage, there is also a
                    corresponding menu item. On the respective documentation pages (cf. <ref
                        type="crossref" target="#img1">fig. 1</ref>) the whole set of information is
                    also provided in <ref target="http://www.ldm-digital.de/LDM_doku_print.pdf">PDF
                        format</ref> via a printer icon. Especially for people interested in the use
                    of the web site this might be a little bit misleading though, as the PDF
                    includes both user manual and editorial concept and starts with the latter.
                    Nonetheless, both pieces of information are comprehensive and comprehensible as
                    is the <ref target="http://www.ldm-digital.de/doc/LDM_handbuch.pdf"
                        >‘Projekthandbuch’</ref>, which provides detailed scholarly documentation
                    and discussion of the methods used in the project. The documentation also
                    provides suggestions for citing the texts as well as information on version
                    control and how to link to older versions. In an online context, where data is
                    not always as stable as in printed books this is a very important and handy
                    feature. Working with older versions, though, does raise some questions: the
                    date of the first version differs from the first publication. This is not
                    unusual but it is confusing that here seems to be no dated version of the first
                    published text. The list of versions doesn’t list all items available when
                    clicking through the different versions (cf. <ref type="crossref" target="#img2"
                        >fig. 2</ref>). Is this a bug or some kind of quality rating? Is the older
                    version dated to the 13<hi rend="superscript">th</hi> of June 2019 a different
                    version than the current version? The website suggests that it is but the
                    citation remains the same for both versions. The documentation warns that not
                    all versions provide different texts, which is then highlighted on the website,
                    because even changes in the markup (etc.) constitute new versions. Recording
                    these changes is important, though, but for the user it would be helpful to get
                    some kind of information on the character of the change.</p>

                <p xml:id="p4">The LDM dares to take the edition of medieval German minnesong into a
                    new medium. For this kind of anthologies there are only few preceding incidents:
                    the most memorable probably is the electronic version of <emph>Minnesangs
                        Frühling</emph> which provided the poems as utf-8 coded plain text files
                    stored on a 3,5” floppy disk. The focus of the LDM therefore is primarily the
                    editorial work, the aims of the project are clear cut: <cit><quote>The aim of
                            the project is to transfer this level of understanding [the
                            text-theoretical and media-historical discussion concerning the
                            transmission of minnesong] consequently into editorial practice. The
                            means to achieve this is to replace the printed book with the electronic
                            edition. Only the electronic edition allows for the processing of texts
                            in their different transmissions in such a way that every user can be
                            provided with exactly the synopsis that is currently
                                needed.</quote><bibl><ref
                                target="https://cris.fau.de/converis/publicweb/project/102091?lang=2"
                                    >FAU CRIS</ref><note xml:id="ftn3">Translated from German by the author; original version: “Diesen Erkenntnisstand konsequent in die Editionspraxis zu überführen, ist das Ziel des Projekts; das Mittel hierzu ist der Ersatz des gedruckten Buches durch die elektronische Edition. Nur diese ermöglicht es, die Texte in ihren unterschiedlichen Überlieferungszuständen so aufzubereiten, dass jedem Benutzer genau die Synopse an die Hand gegeben werden kann, die er gerade benötigt.”</note></bibl></cit> When finished,
                    the project will definitely provide a sound text basis of German medieval
                    poetry, access will be furthered by the provision of the texts under a CC BY-SA
                    license. To find out if the project data is also suitable for reusing will have
                    to be seen once all results of the project are online.</p>
            </div>
            <div xml:id="div3">
                <head>Technical Aspects</head>
                <p xml:id="p5">The PHP driven website suggested, and the handbook confirms that all
                    the data is stored annotated with proprietary markup in a mySQL database. The
                    data is delivered via PHP to the user’s browser and can there be manipulated
                    through javascript into different text versions. The handbook, which is part of
                    a quite elaborate user documentation of the website and rather aimed at the
                    project staff than the user, provides no details why this setup was chosen. In
                    quite detail it discusses general and editorial decisions, outlines the
                    transcription aims and the use of the proprietary markup, and more than once
                    assures that the data can be provided in a TEI-XML compliant way. In the
                    handbook the editors emphasize (p.39) that the proprietary markup and the
                    working environment is only an internal means to publish TEI-XML data ready for
                    digital preservation. How and based on which technologies this will be
                    implemented, though, is not specified anywhere.</p>
                <p xml:id="p6">
                    <figure xml:id="img3">
                        <graphic
                            url="http://ride.i-d-e.de/wp-content/uploads/issue_13/ldm/pictures/picture-3.png"/>
                        <head type="legend">A closer look at the documentation (screenshot taken in
                            early 2018).</head>
                    </figure>This review has been conducted in two phases: initially in early 2018
                    and a second time in fall 2019. In the first draft of the review a major point
                    of criticism was that the user documentation is problematic as it leads the user
                    to believe that the texts are modeled in TEI-XML and provided for download in
                    this format (cf. <ref type="crossref" target="#img3">fig. 3</ref>).
                    Unfortunately, this seemed not to be the case as the TEI download icon was
                    missing in the text view (cf. <ref type="crossref" target="#img5">fig. 5</ref>).
                    There was neither a discussion of the data model, and consequently there were no
                    technical interfaces available. The only data export feature was the generation
                    of a PDF that contained both text (single and synoptic view), apparatus, and
                    commentary. All in all, the documentation was promising features and suggesting
                    technology that were not available. </p>
                <p xml:id="p7">I personally support the idea of having a public project page with
                    (sample) data online as soon as possible. But when following this course of
                    project presentation (in contrast to having all the data and results online not
                    until the end of the project) this process has to be thoroughly coordinated and
                    explicitly communicated to the users. This could be done by either labelling the
                    site ‘beta’ or rather by, and this is my personal preference, directly
                    addressing the users, explaining the approach of step-by-step publication and
                    only publishing content and interface elements that are really finished. The
                    advantage is that the user has access to published and citable data and not to a
                    scholarly dubious perpetual beta version. All this takes is a little interaction
                    with the user and project management.</p>
                <p xml:id="p8">Since the beginning of 2018 the project team has been industriously
                    working on both data and web presentation. The number of stanzas nearly
                    quadrupled, there is the ‘<ref
                        target="http://www.ldm-digital.de/doc/LDM_handbuch.pdf">Handbuch</ref>’
                    detailing the editorial work and supporting the project staff, and there finally
                    is a TEI-XML button providing XML code for each song. According to the handbook
                    (p.8f.) the database design centers around the song as central unit. On an upper
                    level songs are collected into author corpora, on a lower level songs consist of
                    stanzas which consist of lines which consist of words and punctuation. The
                    TEI-model follows this hierarchy by providing a <code>&lt;div&gt;</code>-element
                    for the song, <code>&lt;lg&gt;</code>-elements for the stanza, and so on. Each
                    element is identified through an <code>@xml:id</code>-attribute value which
                    probably is the basis for the text synopsis and parallel transmission (This is
                    most likely analyzed with the help of the database and not the XML.). Variants
                    of characters or character combinations or editorial changes below word or
                    punctuation level (<code>&lt;w&gt;</code>, <code>&lt;pc&gt;</code>) are encoded
                    with the <code>&lt;choice&gt;</code>-element, providing the form of the
                    manuscript (<code>&lt;orig&gt;</code>) or some kind of modified form
                        (<code>&lt;reg&gt;</code>: character normalization vs. editorial changes).
                    Text revisions are modelled with the elements from the TEI class <ref
                        target="https://www.tei-c.org/release/doc/tei-p5-doc/en/html/ref-model.pPart.transcriptional.html"
                        >model.pPart.transcriptional</ref>. </p>
                <p xml:id="p9">
                    <figure xml:id="img4">
                        <graphic
                            url="http://ride.i-d-e.de/wp-content/uploads/issue_13/ldm/pictures/picture-4.png"/>
                        <head type="legend">Special characters are named differently in the XML file
                            and in the project database.</head>
                    </figure>Characters special for medieval scripts like the long-s, ligatures or
                    certain text structuring symbols, and modern combined characters like umlaut or
                    vowels with circumflex indicating long vowels are represented by Unicode decimal
                    numeric character references (although using hexadecimal Unicode codepoints,
                    which are referenced in hexadecimal notation, would be more consistent with the
                    standard). An XML-editor like Oxygen can, of course, display these characters in
                    author mode or provide mouse over character information in text mode but the
                    code/text itself is rendered nonreadable for humans by using this encoding. The
                    proprietary text of the database, which can be found in the source code of the
                    page displayed in the web browser (cf. <ref type="crossref" target="#img4">fig.
                        4</ref>), in contrast, uses named character references for the encoding,
                    which in turn is far more readable. Since the character information provided is
                    standardized, the data is OK. To keep in line with the modelling of characters
                    in the TEI as well as contemporary scholarly resources, I personally prefer the
                    modelling of special characters with the <code>&lt;g&gt;</code>-Element and a
                    reference to a detailed character declaration based on community standards, e.g.
                    the <ref target="http://bora.uib.no/handle/1956/10699">Medieval Unicode Font
                        Initiative character recommendation</ref>. With this approach the project
                    data is encoded more transparently. The overall gain for the domain would be a
                    common resource base (character description, fonts, etc.) as well as a common
                    ground for discussion with neighboring fields of research. </p>

                <p xml:id="p10">The downloaded TEI-XML is not valid, by the way, as the code is not
                    TEI compliant in the header. When using detailed markup (here:
                        <code>&lt;publisher&gt;</code>) in the various statements (here:
                        <code>&lt;publicationStm&gt;</code>) it is not possible to use general
                    elements like <code>&lt;p&gt;</code>. Either one uses general elements
                        (<code>&lt;p&gt;</code>, <code>&lt;ab&gt;</code>) with running text or
                    provides data that is modelled to detail. This has to be fixed, of course, but
                    the underlying rules are rather something that has to be discussed with the TEI
                    community at large than with the project staff.</p>
                <p xml:id="p11">Presenting the edited texts on a web site sure makes up an online
                    resource (cf. <ref type="crossref" target="#p4">project aims
                    above</ref><!-- Helmut fragen; richtiger Verweis so? -->) – Digital Scholarly
                    Editions, though, should convey more of the digital paradigm and consider
                    sustainability in form of re-usable data, persistent identifiers, and digital
                    preservation scenarios. This is a serious shortcoming for a present-day digital
                    edition project. Freely accessible research, meta data, and project data is not
                    only increasingly called for by funding organizations, it improves any digitally
                    oriented humanities project in many ways: it adds transparency and
                    verifiability, improves data life span, allows for reuse of data – for both
                    humans and machines –, in short, today it should be the common approach (cf.
                    e.g. DFG 2015; Pierazzo 2016,195; Andorfer 2015; Rubow et al., 2015,28; Birnbaum
                    et al. 2017,12). At the moment the project orientation is clearly towards
                    reception through reading, this includes also the text collation views. Digital
                    resources are limited to the XML-download of individual songs. To really provide
                    data reusable in different settings there has to be more. Data downloads should
                    provide at least the whole online corpus, and text collections for the
                    individual authors, not just the individual songs. For different kinds of
                    visualization (eg. chronological visualization of sources for songs according to
                    dialect areas) it would also be useful to have access to the metadata on the
                    texts and the historical manuscripts. Looking at the developments since early
                    2018 to the present day there is hope that more sources will be available at the
                    end of the project term.</p>
            </div>
            <div xml:id="div4">
                <head>Using the LDM</head>
                <p xml:id="p12">All project data can be accessed via the main menu bar that not only
                    opens different ways into the text collection (authors, texts, manuscripts,
                    search) but also links to the project documentation. The core of the web site
                    are, of course, the edited texts, which are accompanied by several pieces of
                    additional information: diplomatic transcription, several apparatuses, text
                    commentary, author information. The web site also links to and/or includes
                    several external resources like manuscript images, manuscript description,
                    research literature (<ref target="http://www.handschriftencensus.de/"
                        >Handschriftencensus</ref> and complementing literature collected in the
                    course of the project). The texts and the additional data are presented through
                    an intelligently designed user interface. </p>
                <p xml:id="p13">The available texts – presently the home page lists a count of 2754
                    stanzas edited from 39 manuscripts – are subdivided into author corpora (61
                    authors plus one section of texts handed down anonymously). The selection of the
                    authors relates to the stages in the projects, where in the first term the
                    complete opus of select authors (Dietmar von Aist, Friedrich der Knecht,
                    Heinrich von Breslau, Leuthold von Seven, Regenbogen (early work), Reinmar von
                    Brennenberg, Rubin, Walther von Mezze, Wilder Alexander) has been edited. The
                    second term focuses on authors edited in the anthology <emph>Deutsche
                        Liederdichter des 13. Jahrhunderts</emph> plus Konrad von Würzburg,
                    Tannhäuser, and Heinrich von Veldeke. Select other authors were included to
                    cover parallel transmission or were used as sample editions in the early project
                    stages. (cf. ‘<ref target="http://www.ldm-digital.de/autoren.php"
                    >Autoren</ref>’) While the choice in selection for the second term can be
                    reasonably followed, the selection process for the first remains unclear. There
                    might be profound reasons for this selection, the web site itself does not
                    provide further information. This lack of project documentation (also see above)
                    is a major point of criticism, not only because the user is left in the dark
                    concerning project status, development and plans but also because public funded
                    projects should meet their obligations to provide information on progress,
                    failures, and/or success. Models for successful project descriptions would for
                    example be the respective web pages of the <ref
                        target="https://www.briefedition.alfred-escher.ch/uber-die-edition/projektbeschrieb/"
                        >Alfred Escher Briefedition</ref>, the <ref
                        target="http://codexsinaiticus.org/en/project/">Codex Sinaiticus
                        project</ref>, the <ref target="http://wiki.burckhardtsource.org/"
                        >Burckhardt Source project</ref>. As some of these projects have a larger
                    volume than the LDM, simply providing the grant proposal would also be a
                    suitable way to present the project in its overall scope.</p>
                <p xml:id="p14">The interface of the LDM is strikingly simple, intelligently
                    designed, useful and user-friendly. The texts can be accessed in four different
                    ways: author, text, and manuscript indices as well as a simple search form.
                    While the indices provide alphabetically sorted lists of names, incipits and
                    manuscript sigla (which in this context is a sound decision), the search
                    function provides a full text search with truncation and manuscript restriction.
                    Each index provides additional information: the author index shows the number of
                    stanzas edited per author; the text index holds information on the source
                    manuscript, the author corpus, and the (canonical) print edition; the manuscript
                    index provides sigle, shelf mark, and number of edited stanzas for each
                    manuscript.</p>
                <p xml:id="p15">Starting from the author index the names lead to an alphabetical
                    list of incipits with information on manuscript, position of the stanza within
                    the manuscript (provided in form of a manuscript specific stanza number instead
                    of the folio specification, which would be the classical and probably more
                    significant information in regard to the source), print edition and icons
                    informing the user on the state of processing, ie. if digital images,
                    transcription, edition, or commentary are available. The author page also
                    provides an essay on the author and the transmission of his work, and parallel
                    transmission. The user can modify the displayed list of entries via different
                    selection boxes in regard to text type and manuscripts. The entries consequently
                    lead to the text presentation. The manuscript page presents a core manuscript
                    description as well as links to external sources. A very handy selector at the
                    top of the page allows easy browsing through the manuscripts. A table holds the
                    contents of the manuscript (folio, author and number of edited stanzas) as far
                    as they are relevant for the project; the hyperlinks lead on to the author page.
                    Irrespective of a user’s way into the depths of the text collection she can
                    access the single texts once she has reached the list of incipits – the most
                    direct way would be through the ‘Texte’ menu item.</p>
                <p xml:id="p16">
                    <figure xml:id="img5">
                        <graphic
                            url="http://ride.i-d-e.de/wp-content/uploads/issue_13/ldm/pictures/picture-5.png"/>
                        <head type="legend">The non-responsive web design counteracts editorial
                            intentions. The screenshot from early 2018 also documents the missing
                            TEI download icon.</head>
                    </figure>The text presentation page is the heart of the web site and it shows
                    that much thought has been spent on text presentation: with great success! It
                    presents all relevant information (text, literary commentary, meta data) on a
                    condensed space with putting the focus clearly on the text itself as well as a
                    tidy page layout. When loading the page, a preference menu pops up in the top
                    left corner alerting the user on its presence before it slides out of sight. It
                    can be activated via click on the part of the frame that remains visible. Here
                    the user chooses her text presentation preferences to minute detail:
                    transcription (resolve abbreviations or not, manuscript line break), edition
                    (punctuation yes/no, normalized Middle High German with some fine tuning), and
                    apparatus. In some cases, the non-responsive web design seems to counteract the
                    good intentions of the editors, for example when the verse lines of the
                    transcription should be displayed as in the manuscript but are wrapped
                    automatically (cf. <ref type="crossref" target="#img5">fig. 5</ref>). </p>

                <p xml:id="p17">Revisiting users can even store selected preferences (as cookies). A
                    print icon opens a new page that allows some manipulation of the edited text and
                    features a drop-out menu where the user can select the printing format. The PDF
                    page is beautifully composed with a header providing the bibliographic
                    information, columns holding the (synoptic) text representation, commentary, and
                    a footer providing the licensing information. All in all, the PDF could well be
                    a model of how a printer’s copy of an online edition should look like. All data
                    is presented in color coded blocks, text blocks have additional sliders that
                    either add information (e.g. manuscript viewer), lead to a new text display
                    (stanza vs. text synopsis), or invite the user to participate (mail form for
                    e.g. reporting errors). On the synopsis pages the user can re-order or delete
                    the text blocks available and tweak the text presentation with the
                    aforementioned preference menu. Unfortunately, the web design is not responsive,
                    so that the reading experience on handheld devices is not acceptable. Since the
                    web presentation conveys the impression that texts are primarily meant to be
                    received this way, it is a general shortcoming. </p>

                <p xml:id="p18">
                    <figure xml:id="img6">
                        <graphic
                            url="http://ride.i-d-e.de/wp-content/uploads/issue_13/ldm/pictures/picture-6.png"/>
                        <head type="legend">Text presentation in <hi rend="italic">Des Minnesangs
                                Frühling</hi> (Heinrich von Veldeke, p. 134).</head>
                    </figure>The layout of the text presentation and the information presented
                    reminds of the page layout in the <emph>Minnesangs Frühling</emph> anthology
                    (cf. <ref type="crossref" target="#img6">fig. 6</ref>) with its three-part
                    apparatus, information on parallel transmission, and (canonical) reference. But
                    the online presentation allows for greater comfort, for example, when a user can
                    decide on the use of cursives, or the location of the apparatus at the end of a
                    stanza or at the end of a song.) This way of text presentation might even be
                    suited to encourage an old-established clientele of minnesong recipients to move
                    from the book to the digital medium. The web presentation has been
                    premeditatedly designed in other contexts, too: question marks and mouse over
                    text provide helpful hints throughout the web site, and each text display is
                    complemented with citation suggestions. Slightly confusing, though, is the
                    greyed-out menu item ‘Register’ which can lead the absent-minded user to wonder
                    about future indices, or indices that are only accessible when logged in … and
                    the web site helpfully provides a register form when clicking this link. It is,
                    of course, the registration page. However, it might be more consistent to
                    provide a German language menu item for registration within a row of other
                    German menu items. </p>
            </div>
            <div xml:id="div5">
                <head>Conclusion</head>
                <p xml:id="p19">The <emph>Lyrik des deutschen Mittelalters</emph> online text
                    collection can without difficulty be matched to the old-established minnesong
                    anthologies of German medieval studies. The web site provides a thoroughly
                    thought out concept and a consistent as well as considerate design,
                    comprehensible and scholarly sound edition principles, and core functions for
                    textual criticism. In the scope of two project terms it is on the way to provide
                    a substantial amount of digitally presented minnesong. The texts are available
                    on an open access basis (CC BY-SA). </p>
                <p xml:id="p20">Unfortunately, there are shortcomings concerning up-to-date digital
                    scholarly research: sporting the label ‘Digital Edition’ in the header of the
                    web site might be somewhat premature. Many core elements of digital editions are
                    missing (cf. e.g. Pierazzo 2016). To really embrace the advancements a digital
                    editing project has to offer I expect to find comprehensive information on the
                    overall project plan, the workflows, the technical infrastructure, the data
                    model. The use of persistent identifiers is essential, as are institutionalized
                    digital preservation strategies. A modern digital edition project should also
                    provide reusable data, following the FAIR principles (cf. Wilkinson et al.
                    2016), which goes beyond the download of single XML files. Consequently the RIDE
                        <emph>Criteria for Reviewing Scholarly Digital Editions</emph> should be
                    applied: <cit><quote>Scholarly digital editions are not merely publications in
                            digital form; rather, they are information systems which follow a
                            methodology determined by a digital paradigm, just as traditional print
                            editions follow a methodology determined by the paradigms of print
                            culture.</quote><bibl>Sahle 2014</bibl></cit></p>
                <p xml:id="p21">The LDM in its present state is a respectable edition project that
                    excels in visual data presentation and provides German medieval scholars and
                    students with a sound text collection of digital minnesong. If the project
                    implemented some of the aspects outlined above, it soon could be a show-case
                    project for digital German medieval studies.</p>
            </div>
        </body>
        <back>
            <div type="bibliography">
                <listBibl>
                    <bibl>Andorfer, Peter. 2015. <emph>Forschungsdaten in den (digitalen)
                            Geisteswissenschaften: Versuch einer Konkretisierung.</emph> DARIAH-DE
                        Working Papers 14. Accessed July 7 2020. &lt;<ref
                            target="http://webdoc.sub.gwdg.de/pub/mon/dariah-de/dwp-2015-14.pdf"
                            >http://webdoc.sub.gwdg.de/pub/mon/dariah-de/dwp-2015-14.pdf</ref>&gt;.</bibl>
                    <bibl>Birnbaum, David J., Sheila Bonde, and Mike Kestemont. 2017. <emph>The
                            Digital Middle Ages: An Introduction.</emph> In: Speculum, Supplement
                        2017, S. 1-38.</bibl>
                    <bibl>
                        <emph>DFG Guidelines on the Handling of Research Data</emph>. 2015. Accessed
                        July 7 2020. &lt;<ref
                            target="http://www.dfg.de/download/pdf/foerderung/antragstellung/forschungsdaten/guidelines_research_data.pdf"
                            >http://www.dfg.de/download/pdf/foerderung/antragstellung/forschungsdaten/guidelines_research_data.pdf</ref>&gt;.</bibl>
                    <bibl>Lachmann, Karl, and Moritz Haupt, ed. 1857. <emph>Des Minnesangs
                            Frühling.</emph> Leipzig: Hierzel.</bibl>
                    <bibl>Pierazzo, Elena, and Matthew James Driscoll. 2016. <emph>Digital Scholarly
                            Editing. Theories and Practices.</emph> OpenBooks Publishers. Accessed
                        July 7 2020. &lt;<ref
                            target="https://www.openbookpublishers.com/product/483"
                            >https://www.openbookpublishers.com/product/483</ref>&gt;.</bibl>
                    <bibl>Putmans, Jean L., ed. 1993. <emph>EDV-Text von
                            "Des Minnesangs Frühling".</emph> Göppingen: Kümmerle.</bibl>
                    <bibl>Rubow, Lexi, Rachael Shen, and Brianna Schofield. 2015.
                            <emph>Understanding Open Access: When, Why, &amp; How to Make Your Work
                            Openly Accessible.</emph> Authors Alliance Guides 2. Authors Alliance.
                        Accessed July 7 2020. &lt;<ref
                            target="https://authorsalliance.org/wp-content/uploads/Documents/Guides/Authors%20Alliance%20-%20Understanding%20Open%20Access.pdf"
                            >https://authorsalliance.org/wp-content/uploads/Documents/Guides/Authors%20Alliance%20-%20Understanding%20Open%20Access.pdf</ref>&gt;.</bibl>
                    <bibl>Sahle, Patrick. 2014. Criteria for Reviewing Scholarly Digital Editions,
                        version 1.1. Accessed July 7 2020 &lt;<ref
                            target="https://www.i-d-e.de/publikationen/weitereschriften/criteria-version-1-1/"
                            >https://www.i-d-e.de/publikationen/weitereschriften/criteria-version-1-1/</ref>&gt;.</bibl>
                    <bibl>von der Hagen, Friedrich Heinrich. 1838. <emph>Minnesinger. Deutsche
                            Liederdichter des zwölften, dreizehnten und vierzehnten Jahrhunderts aus
                            allen bekannten Handschriften und frühen Drucken.</emph> Leipzig:
                        Barth.</bibl>
                    <bibl>von Kraus, Carl, ed. 1978. <emph>Deutsche Liederdichter des 13.
                            Jahrhunderts.</emph> 2. reviewed ed. by Gisela Kornrumpf. Tübingen:
                        Niemeyer.</bibl>
                    <bibl>Wilkinson, M., Dumontier, M., Aalbersberg, I. <emph>et al.</emph> 2016.
                            <emph>The FAIR Guiding Principles for scientific data management and
                            stewardship</emph>. In: Sci Data <hi rend="bold">3, </hi>160018.
                            &lt;<ref target="https://doi.org/10.1038/sdata.2016.18"
                            >https://doi.org/10.1038/sdata.2016.18</ref>&gt;.</bibl>
                </listBibl>
                <p>All web pages (besides the pages from the University of Erlangen-Nürnberg) have
                    been archived with <ref target="http://archive.org/web/">archive.org</ref> as of
                    April 6 2018 and October 3 2019.</p>
            </div>
        </back>
    </text>
</TEI>
