<?xml version="1.0"?>
<TEI xmlns="http://www.tei-c.org/ns/1.0" xmlns:xsi="http://www.w3.org/2001/XMLSchema-instance" xsi:schemaLocation="http://www.tei-c.org/ns/1.0 http://ride.i-d-e.de/wp-content/uploads/downloads/schema/ride.xsd">
  <teiHeader>
    <fileDesc>
      <titleStmt>
        <title/>
        <respStmt>
          <resp>author</resp>
          <name>
            <persName>
              <forename xml:id="reviewer_forename">Antonio</forename>
              <surname xml:id="reviewer_surname">Rojas Castro</surname>
            </persName>
            <affiliation>
              <orgName xml:id="reviewer_organization">Cologne Center for eHumanities</orgName>
              <placeName xml:id="reviewer_place">Cologne</placeName>
            </affiliation>
            <email xml:id="reviewer_email">rojas.castro.antonio (at) gmail.com</email>
          </name>
        </respStmt>
      </titleStmt>
      <publicationStmt>
        <publisher>Institut f&#xFC;r Dokumentologie und Editorik</publisher>
        <date when="2017-02-03">February 3rd, 2017</date>
        <idno type="issue">5</idno>
        <idno type="URI">http://ride.i-d-e.de/issue-5/damaboba</idno>
        <idno type="DOI">10.18716/ride.a.5.3</idno>
        <availability>
          <licence>
            <ref target="http://creativecommons.org/licenses/by/4.0/"/>
          </licence>
        </availability>
      </publicationStmt>
      <notesStmt>
        <relatedItem>
          <biblStruct>
            <monogr>
              <title xml:id="resource_title">La dama boba: edici&#xF3;n cr&#xED;tica y archivo digital</title>
              <editor xml:id="resource_editors">Marco Presotto, S&#xF2;nia Boadas, Eugenio Maggi, Aur&#xE8;lia Pessarrodona</editor>
              <respStmt>
                <resp>Editor</resp>
                <persName>
                  <name>Marco Presotto</name>
                </persName>
              </respStmt>
              <respStmt>
                <resp>Encoder</resp>
                <persName>
                  <name>S&#xF2;nia Boadas</name>
                </persName>
              </respStmt>
              <respStmt>
                <resp>Encoder</resp>
                <persName>
                  <name>Eugenio Maggi</name>
                </persName>
              </respStmt>
              <respStmt>
                <resp>Encoder</resp>
                <persName>
                  <name>Aur&#xE8;lia Pessarrodona</name>
                </persName>
              </respStmt>
              <imprint>
                <date xml:id="resource_date_publication">2015</date>
              </imprint>
            </monogr>
            <idno xml:id="resource_uri">http://doi.org/10.6092/UNIBO/LADAMABOBA</idno>
          </biblStruct>
        </relatedItem>
        <note>
          <date xml:id="resource_date_access">2016-11-04</date>
        </note>
      </notesStmt>
      <sourceDesc>
        <p>Auf der Basis von <ref>http://www.i-d-e.de/publikationen/weitereschriften/criteria-version-1-1</ref>
                </p>
      </sourceDesc>
    </fileDesc>
    <encodingDesc>
      <classDecl>
        <taxonomy xml:base="http://www.i-d-e.de/publikationen/weitereschriften/criteria-version-1-1">
          <category xml:id="documentation">
            <category xml:id="bibl_desc">
              <catDesc>
                <ref target="#K1.2">cf. Catalogue 1.2</ref>
              </catDesc>
              <catDesc>Is it easily possible to describe the project bibliographically along the schema "responsible editors, publishing/hosting institution, year(s) of publishing"?</catDesc>
              <catDesc>
                <num type="boolean" value="1"/>
              </catDesc>
            </category>
            <category xml:id="contributors">
              <catDesc>
                <ref target="#K1.4">cf. Catalogue 1.4</ref>
              </catDesc>
              <catDesc>Are the contributors (editors, institutions, associates) of the project fully documented?</catDesc>
              <catDesc>
                <num type="boolean" value="1"/>
              </catDesc>
            </category>
            <category xml:id="contacts">
              <catDesc>
                <ref target="#K1.5">cf. Catalogue 1.5</ref>
              </catDesc>
              <catDesc>Does the project list contact persons?</catDesc>
              <catDesc>
                <num type="boolean" value="1"/>
              </catDesc>
            </category>
            <category xml:id="selection">
              <category xml:id="explained">
                <catDesc>
                  <ref target="#K2.1">cf. Catalogue 2.1</ref>
                </catDesc>
                <catDesc>Is the selection of materials of the project explicitly documented?</catDesc>
                <catDesc>
                  <num type="boolean" value="1"/>
                </catDesc>
              </category>
              <category xml:id="reasonable">
                <catDesc>
                  <ref target="#K2.1">cf. Catalogue 2.1</ref>
                </catDesc>
                <catDesc>Is the selection by and large reasonable?</catDesc>
                <catDesc>
                  <num type="boolean" value="1"/>
                </catDesc>
              </category>
            </category>
            <category xml:id="data_archive">
              <catDesc>
                <ref target="#K4.16">cf. Catalogue 4.16</ref>
              </catDesc>
              <catDesc>Does the documentation include information about the long term sustainability of the basic data (archiving of the data)?</catDesc>
              <catDesc>
                <num type="boolean" value="1"/>
              </catDesc>
            </category>
            <category xml:id="aims">
              <catDesc>
                <ref target="#K3.1">cf. Catalogue 3.1</ref>
              </catDesc>
              <catDesc>Are the aims and purposes of the project explicitly documented?</catDesc>
              <catDesc>
                <num type="boolean" value="1"/>
              </catDesc>
            </category>
            <category xml:id="methods">
              <catDesc>
                <ref target="#K3.1">cf. Catalogue 3.1</ref>
              </catDesc>
              <catDesc>Are the methods employed in the project explicitly documented?</catDesc>
              <catDesc>
                <num type="boolean" value="0"/>
              </catDesc>
            </category>
            <category xml:id="data_model">
              <catDesc>
                <ref target="#K3.7">cf. Catalogue 3.7</ref>
              </catDesc>
              <catDesc>Does the project document which data model (e.g. TEI) has been used and for what reason?</catDesc>
              <catDesc>
                <num type="boolean" value="1"/>
              </catDesc>
            </category>
            <category xml:id="help">
              <catDesc>
                <ref target="#K4.15">cf. Catalogue 4.15</ref>
              </catDesc>
              <catDesc>Does the project offer help texts concerning the use of the project?</catDesc>
              <catDesc>
                <num type="boolean" value="1"/>
              </catDesc>
            </category>
            <category xml:id="citation">
              <catDesc>
                <ref target="#K4.8">cf. Catalogue 4.8</ref>
              </catDesc>
              <catDesc>Does the project supply citation guidelines (i.e. how to cite the project or a part of it)?</catDesc>
              <catDesc>
                <num type="boolean" value="1"/>
              </catDesc>
            </category>
            <category xml:id="complete">
              <catDesc>
                <ref target="#K4.16">cf. Catalogue 4.16</ref>
              </catDesc>
              <catDesc>Does the editon regard itself as a completed project (i.e. not promise further modifications and additions)?</catDesc>
              <catDesc>
                <num type="boolean" value="1"/>
              </catDesc>
            </category>
            <category xml:id="institutional_curation">
              <catDesc>
                <ref target="#K4.13">cf. Catalogue 4.13</ref>
              </catDesc>
              <catDesc>Does the project provide information about institutional support for the curation and sustainability of the project?</catDesc>
              <catDesc>
                <num type="boolean" value="1"/>
              </catDesc>
            </category>
          </category>
          <category xml:id="contents">
            <category xml:id="previous_edition">
              <catDesc>
                <ref target="#K2.2">cf. Catalogue 2.2</ref>
              </catDesc>
              <catDesc>Has the material been previously edited (in print or digitally)?</catDesc>
              <catDesc>
                <num type="boolean" value="1"/>
              </catDesc>
            </category>
            <category xml:id="materials_used">
              <catDesc>
                <ref target="#K2.2">cf. Catalogue 2.2</ref>
              </catDesc>
              <catDesc>Does the edition make use of these previous editions?</catDesc>
              <catDesc>
                <num type="booleanX" value="1"/>
              </catDesc>
            </category>
            <category xml:id="introduction">
              <catDesc>
                <ref target="#K4.15">cf. Catalogue 4.15</ref>
              </catDesc>
              <catDesc>Does the project offer an introduction to the subject-matter (the author(s), the work, its history, the theme, etc.) of the project?</catDesc>
              <catDesc>
                <num type="boolean" value="1"/>
              </catDesc>
            </category>
            <category xml:id="bibliography">
              <catDesc>
                <ref target="#K2.3">cf. Catalogue 2.3</ref>
              </catDesc>
              <catDesc>Does the project offer a bibliography?</catDesc>
              <catDesc>
                <num type="boolean" value="1"/>
              </catDesc>
            </category>
            <category xml:id="commentary">
              <catDesc>
                <ref target="#K2.3">cf. Catalogue 2.3</ref>
              </catDesc>
              <catDesc>Does the project offer a scholarly commentary (e.g. notes on unclear passages, interpretation, etc.)?</catDesc>
              <catDesc>
                <num type="boolean" value="1"/>
              </catDesc>
            </category>
            <category xml:id="contexts">
              <catDesc>
                <ref target="#K2.3">cf. Catalogue 2.3</ref>
              </catDesc>
              <catDesc>Does the project include or link to external resources with contextual material?</catDesc>
              <catDesc>
                <num type="boolean" value="0"/>
              </catDesc>
            </category>
            <category xml:id="images">
              <catDesc>
                <ref target="#K2.3">cf. Catalogue 2.3</ref>
              </catDesc>
              <catDesc>Does the project offer images of digitised sources?</catDesc>
              <catDesc>
                <num type="boolean" value="1"/>
              </catDesc>
            </category>
            <category xml:id="image_quality">
              <catDesc>I<ref target="#K4.6">cf. Catalogue 4.6</ref>
                            </catDesc>
              <catDesc>Does the project offer images of an acceptable quality?</catDesc>
              <catDesc>
                <num type="booleanX" value="1"/>
              </catDesc>
            </category>
            <category xml:id="transcriptions">
              <catDesc>
                <ref target="#K2.3">cf. Catalogue 2.3</ref>
              </catDesc>
              <catDesc> Is the text fully transcribed?</catDesc>
              <catDesc>
                <num type="boolean" value="1"/>
              </catDesc>
            </category>
            <category xml:id="text_quality">
              <catDesc>
                <ref target="#K4.6">cf. Catalogue 4.6</ref>
              </catDesc>
              <catDesc>Does the project offer texts of an acceptable quality (typos, errors, etc.)?</catDesc>
              <catDesc>
                <num type="boolean" value="1"/>
              </catDesc>
            </category>
            <category xml:id="indices">
              <catDesc>
                <ref target="#K4.5">cf. Catalogue 4.5</ref>
              </catDesc>
              <catDesc>Does the project feature compilations indices, registers or visualisations that offer alternative ways to access the material?</catDesc>
              <catDesc>
                <num type="boolean" value="0"/>
              </catDesc>
            </category>
            <category xml:id="documents">
              <category xml:id="doc_type">
                <catDesc>
                  <ref target="#K1.3 #K2.1">cf. Catalogue 1.3 and 2.1</ref>
                </catDesc>
                <catDesc>Which kinds of documents are at the basis of the project?</catDesc>
                <category xml:id="single_manuscript">
                  <catDesc>
                    <num type="boolean" value="0"/>
                  </catDesc>
                </category>
                <category xml:id="single_work">
                  <catDesc>
                    <num type="boolean" value="1"/>
                  </catDesc>
                </category>
                <category xml:id="collection_of_texts">
                  <catDesc>
                    <num type="boolean" value="0"/>
                  </catDesc>
                </category>
                <category xml:id="collected_works">
                  <catDesc>
                    <num type="boolean" value="0"/>
                  </catDesc>
                </category>
                <category xml:id="papers">
                  <catDesc>
                    <num type="boolean" value="0"/>
                  </catDesc>
                </category>
                <category xml:id="archival_holding">
                  <catDesc>
                    <num type="boolean" value="0"/>
                  </catDesc>
                </category>
                <category xml:id="charters">
                  <catDesc>
                    <num type="boolean" value="0"/>
                  </catDesc>
                </category>
                <category xml:id="letters">
                  <catDesc>
                    <num type="boolean" value="0"/>
                  </catDesc>
                </category>
                <category xml:id="diary">
                  <catDesc>
                    <num type="boolean" value="0"/>
                  </catDesc>
                </category>
                <category corresp="#other">
                  <catDesc>
                    <num type="boolean" value="0"/>
                  </catDesc>
                  <category corresp="#free">
                    <gloss/>
                  </category>
                </category>
              </category>
              <category xml:id="doc_time">
                <catDesc>
                  <ref target="#K1.3 #K2.1">cf. Catalogue 1.3 and 2.1</ref>
                </catDesc>
                <catDesc>What era(s) do the documents belong to?</catDesc>
                <category xml:id="classics">
                  <catDesc>
                    <num type="boolean" value="0"/>
                  </catDesc>
                </category>
                <category xml:id="medieval">
                  <catDesc>
                    <num type="boolean" value="0"/>
                  </catDesc>
                </category>
                <category xml:id="early_modern">
                  <catDesc>
                    <num type="boolean" value="1"/>
                  </catDesc>
                </category>
                <category xml:id="modern">
                  <catDesc>
                    <num type="boolean" value="1"/>
                  </catDesc>
                </category>
              </category>
            </category>
            <category xml:id="subject">
              <catDesc>
                <ref target="#K1.3">cf. Catalogue 1.3</ref>
              </catDesc>
              <catDesc>Which perspective(s) do the editors take towards the edited material? How can the edition be classified in general terms?</catDesc>
              <category xml:id="history">
                <catDesc>
                  <num type="boolean" value="0"/>
                </catDesc>
              </category>
              <category xml:id="philology_literary_studies">
                <catDesc>
                  <num type="boolean" value="1"/>
                </catDesc>
              </category>
              <category xml:id="philosophy_theology">
                <catDesc>
                  <num type="boolean" value="0"/>
                </catDesc>
              </category>
              <category xml:id="history_of_science">
                <catDesc>
                  <num type="boolean" value="0"/>
                </catDesc>
              </category>
              <category xml:id="musicology">
                <catDesc>
                  <num type="boolean" value="0"/>
                </catDesc>
              </category>
              <category xml:id="art_history">
                <catDesc>
                  <num type="boolean" value="0"/>
                </catDesc>
              </category>
              <category corresp="#other">
                <catDesc>
                  <num type="boolean" value="0"/>
                </catDesc>
                <category corresp="#free">
                  <gloss/>
                </category>
              </category>
            </category>
          </category>
          <category xml:id="presentation">
            <category xml:id="spin_offs">
              <catDesc>
                <ref target="#K4.11">cf. Catalogue 4.11</ref>
              </catDesc>
              <catDesc>Does the project offer any spin-offs?</catDesc>
              <category xml:id="app">
                <catDesc>
                  <num type="boolean" value="0"/>
                </catDesc>
              </category>
              <category xml:id="mobile">
                <catDesc>
                  <num type="boolean" value="0"/>
                </catDesc>
              </category>
              <category xml:id="PDF">
                <catDesc>
                  <num type="boolean" value="1"/>
                </catDesc>
              </category>
              <category corresp="#other">
                <catDesc>
                  <num type="boolean" value="0"/>
                </catDesc>
                <category corresp="#free">
                  <gloss/>
                </category>
              </category>
              <category corresp="#none">
                <catDesc>
                  <num type="boolean" value="0"/>
                </catDesc>
              </category>
            </category>
            <category xml:id="browse_by">
              <catDesc>
                <ref target="#K4.3">cf. Catalogue 4.3</ref>
              </catDesc>
              <catDesc>By which categories does the project offer to browse the contents?</catDesc>
              <category xml:id="authors">
                <catDesc>
                  <num type="boolean" value="0"/>
                </catDesc>
              </category>
              <category xml:id="works">
                <catDesc>
                  <num type="boolean" value="0"/>
                </catDesc>
              </category>
              <category xml:id="versions">
                <catDesc>
                  <num type="boolean" value="1"/>
                </catDesc>
              </category>
              <category xml:id="structure">
                <catDesc>
                  <num type="boolean" value="0"/>
                </catDesc>
              </category>
              <category xml:id="pages">
                <catDesc>
                  <num type="boolean" value="0"/>
                </catDesc>
              </category>
              <category xml:id="browse_by_documents">
                <catDesc>
                  <num type="boolean" value="0"/>
                </catDesc>
              </category>
              <category xml:id="type_of_material">
                <catDesc>
                  <num type="boolean" value="0"/>
                </catDesc>
              </category>
              <category xml:id="browse_by_images">
                <catDesc>
                  <num type="boolean" value="0"/>
                </catDesc>
              </category>
              <category xml:id="dates">
                <catDesc>
                  <num type="boolean" value="0"/>
                </catDesc>
              </category>
              <category xml:id="persons">
                <catDesc>
                  <num type="boolean" value="0"/>
                </catDesc>
              </category>
              <category xml:id="places">
                <catDesc>
                  <num type="boolean" value="0"/>
                </catDesc>
              </category>
              <category corresp="#other">
                <catDesc>
                  <num type="boolean" value="0"/>
                </catDesc>
                <category corresp="#free">
                  <gloss/>
                </category>
              </category>
            </category>
          </category>
          <category xml:id="search">
            <category xml:id="simple">
              <catDesc>
                <ref target="#K4.4">cf. Catalogue 4.4</ref>
              </catDesc>
              <catDesc>Does the project offer a simple search?</catDesc>
              <catDesc>
                <num type="boolean" value="0"/>
              </catDesc>
            </category>
            <category xml:id="advanced">
              <catDesc>
                <ref target="#K4.4">cf. Catalogue 4.4</ref>
              </catDesc>
              <catDesc>Does the project offer an advanced search?</catDesc>
              <catDesc>
                <num type="boolean" value="1"/>
              </catDesc>
            </category>
            <category xml:id="wildcard">
              <catDesc>
                <ref target="#K4.4">cf. Catalogue 4.4</ref>
              </catDesc>
              <catDesc>Does the search support the use of wildcards?</catDesc>
              <catDesc>
                <num type="booleanX" value="0"/>
              </catDesc>
            </category>
            <category xml:id="index">
              <catDesc>
                <ref target="#K4.4">cf. Catalogue 4.4</ref>
              </catDesc>
              <catDesc>Does the search offer an index of the searched field?</catDesc>
              <catDesc>
                <num type="booleanX" value="1"/>
              </catDesc>
            </category>
            <category xml:id="suggest">
              <catDesc>
                <ref target="#K4.4">cf. Catalogue 4.4</ref>
              </catDesc>
              <catDesc>Does the search offer autocompletion or suggest functionalities?</catDesc>
              <catDesc>
                <num type="booleanX" value="0"/>
              </catDesc>
            </category>
            <category xml:id="helptext">
              <catDesc>
                <ref target="#K4.4">cf. Catalogue 4.4</ref>
              </catDesc>
              <catDesc>Does the project offer help texts for the search?</catDesc>
              <catDesc>
                <num type="booleanX" value="1"/>
              </catDesc>
            </category>
          </category>
          <category xml:id="aim">
            <category xml:id="audience">
              <catDesc>
                <ref target="#K3.3">cf. Catalogue 3.3</ref>
              </catDesc>
              <catDesc>Who is the intended audience of the project?</catDesc>
              <category xml:id="scholars">
                <catDesc>
                  <num type="boolean" value="1"/>
                </catDesc>
              </category>
              <category xml:id="interested_public">
                <catDesc>
                  <num type="boolean" value="0"/>
                </catDesc>
              </category>
            </category>
            <category xml:id="typology">
              <catDesc>
                <ref target="#K3.3 #K5.1">cf. Catalogue 3.3 and 5.1</ref>
              </catDesc>
              <catDesc>Which type fits best for the reviewed project?</catDesc>
              <category xml:id="facsimile_edition">
                <catDesc>
                  <num type="boolean" value="0"/>
                </catDesc>
              </category>
              <category xml:id="archive_edition">
                <catDesc>
                  <num type="boolean" value="0"/>
                </catDesc>
              </category>
              <category xml:id="documentary_edition">
                <catDesc>
                  <num type="boolean" value="0"/>
                </catDesc>
              </category>
              <category xml:id="diplomatic_edition">
                <catDesc>
                  <num type="boolean" value="0"/>
                </catDesc>
              </category>
              <category xml:id="genetic_edition">
                <catDesc>
                  <num type="boolean" value="0"/>
                </catDesc>
              </category>
              <category xml:id="work_critical_edition">
                <catDesc>
                  <num type="boolean" value="1"/>
                </catDesc>
              </category>
              <category xml:id="text_critical_edition">
                <catDesc>
                  <num type="boolean" value="0"/>
                </catDesc>
              </category>
              <category xml:id="enriched_edition">
                <catDesc>
                  <num type="boolean" value="0"/>
                </catDesc>
              </category>
              <category xml:id="database_edition">
                <catDesc>
                  <num type="boolean" value="0"/>
                </catDesc>
              </category>
              <category xml:id="digital_library">
                <catDesc>
                  <num type="boolean" value="0"/>
                </catDesc>
              </category>
              <category xml:id="typology_collection_of_texts">
                <catDesc>
                  <num type="boolean" value="0"/>
                </catDesc>
              </category>
              <category corresp="#other">
                <catDesc>
                  <num type="boolean" value="0"/>
                </catDesc>
                <category corresp="#free">
                  <gloss/>
                </category>
              </category>
              <category corresp="#none">
                <catDesc>
                  <num type="boolean" value="0"/>
                </catDesc>
              </category>
            </category>
          </category>
          <category xml:id="method">
            <catDesc rend="label">Method</catDesc>
            <category xml:id="critical_editing">
              <catDesc>
                <ref target="#K3.6">cf. Catalogue 3.6</ref>
              </catDesc>
              <catDesc>In how far is the text critically edited?</catDesc>
              <category xml:id="transmission_examined">
                <catDesc>
                  <num type="boolean" value="0"/>
                </catDesc>
              </category>
              <category xml:id="palaeographic_annotations">
                <catDesc>
                  <num type="boolean" value="0"/>
                </catDesc>
              </category>
              <category xml:id="normalization">
                <catDesc>
                  <num type="boolean" value="1"/>
                </catDesc>
              </category>
              <category xml:id="variants">
                <catDesc>
                  <num type="boolean" value="1"/>
                </catDesc>
              </category>
              <category xml:id="emendation">
                <catDesc>
                  <num type="boolean" value="1"/>
                </catDesc>
              </category>
              <category xml:id="commentary_notes">
                <catDesc>
                  <num type="boolean" value="1"/>
                </catDesc>
              </category>
              <category corresp="#other">
                <catDesc>
                  <num type="boolean" value="0"/>
                </catDesc>
                <category corresp="#free">
                  <gloss/>
                </category>
              </category>
              <category corresp="#none">
                <catDesc>
                  <num type="boolean" value="0"/>
                </catDesc>
              </category>
            </category>
            <category xml:id="standards">
              <catDesc>
                <ref target="#K3.7">cf. Catalogue 3.7</ref>
              </catDesc>
              <category xml:id="XML">
                <catDesc>Is the data encoded in XML?</catDesc>
                <catDesc>
                  <num type="boolean" value="1"/>
                </catDesc>
              </category>
              <category xml:id="standardized_data_model">
                <catDesc>
                  <num type="boolean" value="1"/>
                </catDesc>
                <catDesc>Is the project employing a standardized data model (e.g. TEI)?</catDesc>
              </category>
            </category>
            <category xml:id="text_type">
              <catDesc>
                <ref target="#K3.5">cf. Catalogue 3.5.</ref>
              </catDesc>
              <catDesc>Which kinds or forms of text are presented?</catDesc>
              <category xml:id="facsimiles">
                <catDesc>
                  <num type="boolean" value="1"/>
                </catDesc>
              </category>
              <category xml:id="diplomatic_transcription">
                <catDesc>
                  <num type="boolean" value="0"/>
                </catDesc>
              </category>
              <category xml:id="edited_text">
                <catDesc>
                  <num type="boolean" value="1"/>
                </catDesc>
              </category>
              <category xml:id="translations">
                <catDesc>
                  <num type="boolean" value="0"/>
                </catDesc>
              </category>
              <category xml:id="commentaries">
                <catDesc>
                  <num type="boolean" value="1"/>
                </catDesc>
              </category>
              <category xml:id="semantic_data">
                <catDesc>
                  <num type="boolean" value="0"/>
                </catDesc>
              </category>
            </category>
          </category>
          <category xml:id="technical_accessability">
            <category xml:id="persistent_identification">
              <catDesc>
                <ref target="#K4.8">cf. Catalogue 4.8</ref>
              </catDesc>
              <catDesc>Are there persistent identifiers and an addressing system for the
                                                edition and/or parts/objects of it and which mechanism is used to
                                                that end?</catDesc>
              <category xml:id="DOI">
                <catDesc>
                  <num type="boolean" value="1"/>
                </catDesc>
              </category>
              <category xml:id="ARK">
                <catDesc>
                  <num type="boolean" value="0"/>
                </catDesc>
              </category>
              <category xml:id="URN">
                <catDesc>
                  <num type="boolean" value="0"/>
                </catDesc>
              </category>
              <category xml:id="PURL.ORG">
                <catDesc>
                  <num type="boolean" value="0"/>
                </catDesc>
              </category>
              <category corresp="#other">
                <catDesc>
                  <num type="boolean" value="0"/>
                </catDesc>
                <category corresp="#free">
                  <gloss/>
                </category>
              </category>
              <category xml:id="persistent_URLs">
                <catDesc>
                  <num type="boolean" value="0"/>
                </catDesc>
              </category>
              <category corresp="#none">
                <catDesc>
                  <num type="boolean" value="0"/>
                </catDesc>
              </category>
            </category>
            <category xml:id="interfaces">
              <catDesc>
                <ref target="#K4.9">cf. Catalogue 4.9</ref>
              </catDesc>
              <catDesc>Are there technical interfaces like OAI-PMH, REST etc., which allow the reuse of the data of the project in other contexts?</catDesc>
              <category xml:id="OAI-PMH">
                <catDesc>
                  <num type="boolean" value="0"/>
                </catDesc>
              </category>
              <category xml:id="REST">
                <catDesc>
                  <num type="boolean" value="0"/>
                </catDesc>
              </category>
              <category xml:id="general_API">
                <catDesc>
                  <num type="boolean" value="0"/>
                </catDesc>
              </category>
              <category corresp="#other">
                <catDesc>
                  <num type="boolean" value="0"/>
                </catDesc>
                <category corresp="#free">
                  <gloss/>
                </category>
              </category>
              <category corresp="#none">
                <catDesc>
                  <num type="boolean" value="1"/>
                </catDesc>
              </category>
            </category>
            <category xml:id="open_access">
              <catDesc>Is the edition Open Access?</catDesc>
              <catDesc>
                <num type="boolean" value="1"/>
              </catDesc>
            </category>
            <category xml:id="basic_data_accessible">
              <catDesc>
                <ref target="#K4.12">cf. Catalogue 4.12</ref>
              </catDesc>
              <catDesc>Is the basic data (e.g. the XML) of the project accessible for each part of the edition (e.g. for a page)?</catDesc>
              <catDesc>
                <num type="boolean" value="0"/>
              </catDesc>
            </category>
            <category xml:id="download">
              <catDesc>
                <ref target="#K4.9">cf. Catalogue 4.9</ref>
              </catDesc>
              <catDesc>Can the entire raw data of the project be downloaded (as a whole)?</catDesc>
              <catDesc>
                <num type="boolean" value="0"/>
              </catDesc>
            </category>
            <category xml:id="reuse">
              <catDesc>
                <ref target="#K4.9">cf. Catalogue 4.9</ref>
              </catDesc>
              <catDesc>Can you use the data with other tools useful for this kind of content?</catDesc>
              <catDesc>
                <num type="boolean" value="1"/>
              </catDesc>
            </category>
            <category xml:id="rights">
              <category xml:id="declared">
                <catDesc>
                  <ref target="#K4.13">cf. Catalogue 4.13</ref>
                </catDesc>
                <catDesc>Are the rights to (re)use the content declared?</catDesc>
                <catDesc>
                  <num type="boolean" value="1"/>
                </catDesc>
              </category>
              <category xml:id="license">
                <catDesc>
                  <ref target="#K4.13">cf. Catalogue 4.13</ref>
                </catDesc>
                <catDesc>Under what license are the contents released?</catDesc>
                <category xml:id="CC0">
                  <catDesc>
                    <num type="boolean" value="0"/>
                  </catDesc>
                </category>
                <category xml:id="CC-BY">
                  <catDesc>
                    <num type="boolean" value="0"/>
                  </catDesc>
                </category>
                <category xml:id="CC-BY-ND">
                  <catDesc>
                    <num type="boolean" value="0"/>
                  </catDesc>
                </category>
                <category xml:id="CC-BY-NC">
                  <catDesc>
                    <num type="boolean" value="0"/>
                  </catDesc>
                </category>
                <category xml:id="CC-BY-SA">
                  <catDesc>
                    <num type="boolean" value="0"/>
                  </catDesc>
                </category>
                <category xml:id="CC-BY-NC-ND">
                  <catDesc>
                    <num type="boolean" value="0"/>
                  </catDesc>
                </category>
                <category xml:id="CC-BY-NC-SA">
                  <catDesc>
                    <num type="boolean" value="1"/>
                  </catDesc>
                </category>
                <category xml:id="PDM">
                  <catDesc>
                    <num type="boolean" value="0"/>
                  </catDesc>
                </category>
                <category corresp="#other">
                  <catDesc>
                    <num type="boolean" value="0"/>
                  </catDesc>
                  <category corresp="#free">
                    <gloss/>
                  </category>
                </category>
                <category xml:id="no_license">
                  <catDesc>
                    <num type="boolean" value="0"/>
                  </catDesc>
                </category>
                <category xml:id="multiple_licenses">
                  <catDesc>
                    <num type="boolean" value="0"/>
                  </catDesc>
                </category>
              </category>
            </category>
          </category>
        </taxonomy>
      </classDecl>
    </encodingDesc>
  </teiHeader>
  <text>
    <body>
      <div type="abstract"><emph>La dama boba: edici&#xF3;n cr&#xED;tica y archivo digital</emph> is an ambitious project that focuses on the history of Lope de Vega&#x2019;s play. It gives access to the facsimile and the modernized spelling transcription of three witnesses and it presents a critical text with an apparatus and explanatory notes. While it would benefit from documenting its markup and making all witnesses available for downloading, this edition succeeds in providing multiple views of the same work and it allows new inquiries to scholars interested in the transmission of the text.</div>
      <div type="text">
        <div type="div2">
        <head>Introduction</head>
        <p>Although not well known in the English-speaking world, F&#xE9;lix Lope de Vega&#x2019;s plays proved a great success in seventeenth-century Spain. Author of more than 500 plays, Lope was a playwright, novelist and poet and his fame was second only to that of Miguel de Cervantes. <emph>La dama boba</emph> (&#x2018;A Lady of Little Sense&#x2019;) excels as a unique composition of his where the Neoplatonic theory of love meets intrigue, misunderstanding and pure entertainment.</p>
        <p>In 1609 Lope de Vega published his manifesto <emph>Arte nuevo de hacer comedias en este tiempo</emph> (&#x2018;New Art of Writing Plays in This Time&#x2019;). In this treatise the author justified his style and defended his right to break with the three Neo-aristotelian unities of place, time and action. The so-called &#x201C;Nueva Comedia" (&#x2018;New Comedy&#x2019;) encompasses three acts instead of the traditional five and blurs the distinction between comedy and tragedy. In the New Comedy, the plot is complex, with multiple parallel actions, and the language is characterised by its lyricism and metrical variety. Lope de Vega&#x2019;s plays satisfied the audiences, and they were performed in popular theatres; some attendees also took it upon them to produce copies of the play for sale by memorizing it and, presumably, by taking notes. It goes without saying that these copies contained abundant errors. As a result, in 1617 Lope de Vega decided to engage in an editorial project consisting in the supervision of the printing process of his plays.</p>
        <p><emph>La dama boba</emph> was completed in April 1613. It narrates the story of two sisters, Finea and Nise. Finea is the lady of little sense referred in the title, who has inherited a considerable fortune, whereas Nise is a more educated, but poorer lady lacking suitors. The play focuses on Finea&#x2019;s transformation into an educated lady thanks to the power of love and it ends with the double marriage of the sisters with the noblemen Laurencio and Liseo, respectively. </p>
        <p><emph>La dama boba: edici&#xF3;n cr&#xED;tica y archivo digital</emph> was launched in 2015. In the section &#x201C;&#xBF;Por qu&#xE9; una edici&#xF3;n digital?", the editor states explicitly that the edition is aimed at scholars and researchers and that its focus is the textual transmission of the play. It is an ambitious project that aims to combine both an idealistic and a documentary approach to the editing of the text. On the one hand, the edition offers a &#x2018;best text&#x2019; with an apparatus of variants; on the other, it provides access to the transcriptions and facsimiles of the three documents taken into account for the <emph>constitutio textus</emph>. The edition presents the editor&#x2019;s hypotheses regarding the text, for instance, by showing the reader the editor&#x2019;s view of the chronological sequence of textual interventions. At the same time, it gives access to the documents that support the editor&#x2019;s hypotheses and allows the researcher to study how the printing process and the performance of the play on stage may have altered the original text composed by the author in 1613.</p>
        <p>The digital edition is the result of a collaboration between the Prolope group (Universitat Aut&#xF2;noma de Barcelona)<note xml:id="ftn1" n="1"><ptr target="http://web.archive.org/web/20161102160020/http://prolope.uab.cat/"/></note> devoted to the edition of Lope de Vega&#x2019;s collected plays, the Universit&#xE0; di Bologna and the Biblioteca Nacional de Espa&#xF1;a. The main researcher is Marco Presotto (Universit&#xE0; di Bologna), the main editor of the previous printed edition of <emph>La dama boba</emph> (Lope de Vega, 2007). The website, however, credits a number of collaborators responsible for the encoding (S&#xF2;nia Boadas, Eugenio Maggi, and Aur&#xE8;lia Pessarrodona), web developers (Marilena Daquino and Raffaele Messuti), and a scientific adviser (Francesca Tomasi). The team also acknowledges some digital projects (<emph>La entretenida</emph>,<note xml:id="ftn2" n="2"><ptr target="http://web.archive.org/web/20161102160646/http://entretenida.outofthewings.org/index.html"/></note> <emph>Biblioteca Digital Artelope</emph>,<note xml:id="ftn3" n="3"><ptr target="https://web.archive.org/web/20161102161855/http://artelope.uv.es/biblioteca/"/></note> <emph>Jane Austen&#x2019;s Fictions Manuscripts</emph>,<note xml:id="ftn4" n="4"><ptr target="https://web.archive.org/web/20161102162001/http://www.janeausten.ac.uk/index.html"/></note> <emph>Digital Variants</emph>,<note xml:id="ftn5" n="5"><ptr target="https://web.archive.org/web/20161102162106/http://www.digitalvariants.org/"/></note> and <emph>Manuscrito Digital de Juan Goytisolo</emph><note xml:id="ftn6" n="6"><ptr target="https://web.archive.org/web/20161102162246/http://goytisolo.unibe.ch/"/></note>) that inspired them.</p>
        </div>
        <div type="div2">
          <head>Subject and content of the edition</head>
        <p><emph>La dama boba</emph> has seen many printed editions and adaptations. Previous to this digital edition, it was published in digital format by the Biblioteca Virtual Miguel de Cervantes (Universitat d&#x2019;Alacant)<note xml:id="ftn7" n="7"><ptr target="https://web.archive.org/web/20161102162454/http://www.cervantesvirtual.com/obra-visor/la-dama-boba--0/html/ff8e86f8-82b1-11df-acc7-002185ce6064_1.html"/></note> and the research group Artelope (Universitat de Val&#xE8;ncia).<note xml:id="ftn8" n="8"><ptr target="https://web.archive.org/web/20161102162740/http://artelope.uv.es/biblioteca/textosAL/AL0575_LaDamaBoba"/></note> The first publication is a naked HTML page giving access to a text published in 1946. In addition, it contains a concordance tool that allows the reader to search and find words. The second publication is superior because it enriches the text by using markup; for instance, it highlights stage directions and it reveals some information on metrics when clicking on a button.</p>
        <p>From a scholarly point of view, <emph>La dama boba: edici&#xF3;n cr&#xED;tica y archivo digital</emph> excels the aforementioned digital editions. To begin with, this new digital edition contains a number of explanatory materials about the plot, the number of verses and types of stanzas that all help the reader to appreciate the aesthetic value of the work. The greatest contribution, however, is its focus on the history of the text, the writing process and its performance on the stage. The editor selected three sources to establish the best text:<list><item>Witness O: an autograph dated 1613</item><item>Witness A: a printed edition approved by the author dated 1617</item><item>Witness M: an illegal transcription by an attendant at an actual performance of the play in the seventeenth century.</item></list></p>
        <p>The edition presents the facsimile and the transcription of these three sources in a synoptical view. These documents represent different phases in the life of the piece: first, the autograph reflects the creative process; second, the printed edition, which was supervised by the author, shows us the social dimension of the printing process and it may, in comparison with the autograph, indicate cases of censorship; third, the illegal copies of the play document how the text was performed by actors on stage. The editor claims that only these witnesses are valuable from an editorial perspective; while other documents may transmit the text, too, they are, according to the editor, derived from the three presented ones. Although there are more documents available, the criteria of selection seem reasonable, given the goals of the edition. The editor chose three significant instantiations of the text, which allow the reader to track the modifications from the inception of the text to its dissemination as a book or as play. Moreover, the structural set-up of the edition should allow for a straightforward addition of further documents, should new research questions about the transmission of <emph>La dama boba</emph> arise.</p>
        <p>Witness O contains a number of interventions such as deletions, additions and substitutions by the author that allow the editor to track the writing process and which allow us to argue that the revision of this work was <emph>in itinere</emph>. The other two witnesses (A and M) are related from an editorial point of view since both derive from the same (lost) original, containing a shorter version of the work probably supervised by the author. The editor argues that Lope revised the original during the printing process of the <emph>editio princeps</emph> by 1617.</p>
        <p>In the section &#x201C;La tradici&#xF3;n textual", the editor also describes the sources and presents his hypothesis on the variants. In summary, textual variation may be seen as a rewriting intervention but also as a process of corruption in which printers and scribes omitted and replaced text (it should be noted, however, that the illegal copy amends some errors contained in the first printed edition). The introduction (called &#x2018;Estudio&#x2019;) also covers topics such as plot, type of stanzas, and a typology of variants. From my point of view, the whole introduction to the work could be more concise. The total number of words is 15,456. This extensiveness may work in a printed book, but reading long texts on screen is commonly experienced as tiresome. Finally, it must be noted that the inclusion of more explanatory notes and additional contextual materials are already taken into account in the section &#x201C;Desarrollos futuros del proyecto" (&#x2018;Future development&#x2019;).</p>
        </div>
        <div type="div2">
          <head>Aims and methods</head>
        <p>The rationale for <emph>La dama boba: edici&#xF3;n cr&#xED;tica y archivo digital</emph> can be found in the section &#x201C;&#xBF;Por qu&#xE9; una edici&#xF3;n digital?". The editor chose the autograph dated in 1613 as the base text and he aimed to establish a critical text but also give access to the two documents that he collated. As such, the critical text is presented with an apparatus of variants and explanatory notes.</p>
        <p>The editor states that his editorial decisions must be understood in the light of the Italian tradition of the so called <emph>filologia d&#x2019;autore</emph>. This is an interesting remark in the lights of a recent debate in Spain concerning the relationship between the French <emph>critique g&#xE9;n&#xE9;tique</emph> and the Italian <emph>filologia d&#x2019;autore</emph> (Vauthier, 2014). According to Cesare Segre (1995), the <emph>critique g&#xE9;n&#xE9;tique</emph> tries to track macrostructural changes (for example, additions, modifications or deletions of entire sections) and so editors usually present full texts or facsimiles in chronological order (dossiers, archives). In contrast, the <emph>filologia d&#x2019;autore</emph> privileges the best text but, at the same time, is interested in microstructural variation concerning a few words that can be represented in a critical apparatus. Pace the editor's claim, it seems to me that <emph>La dama boba: edici&#xF3;n cr&#xED;tica y archivo</emph> digital contains characteristics from both schools. On the microstructural dimension, it represents variants in a critical apparatus, a feature typically associated with <emph>filologia d&#x2019;autore</emph>; on the macrostructural dimension, it gives full access to texts that represent a diachronic movement (variance), a feature typically associated with <emph>critique g&#xE9;n&#xE9;tique</emph>. Thus, although this is not explicitly stated by the editor, I believe that <emph>La dama boba</emph> combines the two aforementioned theories of editing.</p>
        <p>The edition provides facsimiles of the three documents in a very good quality. In fact, both manuscripts and the printed edition had already been digitized by the Biblioteca Nacional de Espa&#xF1;a and were available in the <emph>Biblioteca Digital Hisp&#xE1;nica</emph>.<note xml:id="ftn9" n="9"><ptr target="https://web.archive.org/web/20161102162857/http://www.bne.es/en/Catalogos/BibliotecaDigitalHispanica/Inicio/"/></note> In the transcriptions, the edition offers a modernized spelling of the full text of each document (with a few exceptions such as the authorial interventions contained in the manuscripts A and M). The criteria employed in the modernization, however, remain opaque to a certain extent since no detailed explanation is offered; instead, the editor provides a link to the Prolope website, where the reader can download a PDF version of the editorial criteria.<note xml:id="ftn10" n="10"><ptr target="https://web.archive.org/web/20170126111950/http://prolope.uab.cat/obras/criterios_y_materiales_para_la_edicion.html"/></note></p>
        <p>In &#x201C;&#xBF;Por qu&#xE9; una edici&#xF3;n digital?", the editor also states that the transcription of each document was encoded according to the TEI Guidelines. The edition fails, however, to provide the reader with a documentation of the encoding principles that guided the transcription. Moreover, the only TEI file available for download is difficult to find and it corresponds to the critical text instead of the text of the three witnesses. In other words, the user has no access to the encoding of the three sources but only to the encoding of the edited text. This lack of documentation, no doubt, is one of weakest points of the edition. In fact, it is not even stated that the double end-point method<note xml:id="ftn11" n="11"><ptr target="https://web.archive.org/web/20170126112228/http://www.tei-c.org/release/doc/tei-p5-doc/en/html/TC.html"/></note> was employed to create the apparatus of variants. This information can only be found in the &lt;teiHeader&gt;.</p>
        <p>The reader, however, can find an account of the tool used to encode the texts. The team adapted a Wiki platform to integrate a visual editor called <emph>AnnoTEIted</emph>. This editor enabled the encoders to collaborate in the mark-up of the text. The reader is also told that the manuscript page was chosen as the reference system unit for the annotation of the texts. As a result, each page was encoded as a single TEI file. In the final phase the resulting files were combined to create the digital edition.<note xml:id="ftn12" n="12">For further details on this tool, see Presotto (2015).</note></p>
        </div>
        <div type="div2">
          <head>Publication and presentation</head>
          <figure><head>Fig. 1: Landing page of the edition</head><graphic url="wp-content/uploads/issue_5/damaboba/pictures/picture-1.png"/></figure>
          <p>The landing page of <emph>La dama boba</emph> is beautifully designed. Its structure, however, is rather atypical inasmuch as the page has no horizontal menu. The appearance is very neat and it highlights the title, the members of the team, and the institutional partners. On the left side of the edition, the reader can find a list that gives access to its contents.</p>
          <figure><head>Fig. 2: Screenshot of the Introduction to the work</head><graphic url="wp-content/uploads/issue_5/damaboba/pictures/picture-2.png"/></figure>
          <p>Once the user clicks on the section &#x201C;Estudio", the screen is divided into three horizontally arranged modules with a new menu bar in the centre. As a result, the width available for displaying the text is reduced considerably. The introduction would benefit from visual and interactive means such as a graph for displaying the relations between witnesses, and charts for displaying information on the number of verses and type of stanza. Instead the edition provides some tables containing information on the latter. Some of these tables are embedded in the HTML while others are found in a PDF file that users can download and print. Although readers may find the printable version helpful, an interactive chart would have been more effective to communicate the frequency of certain stanzas; for this reason, I think this aspect should be improved in the near future.</p>
        <p>The edition also contains a bibliographic list that gathers all the references mentioned in the introduction. Unfortunately, the references in the text and the bibliographic entries are not linked so the reader has to navigate back and forth between the alphabetical index and the main text.</p>
          <figure><head>Fig. 3: Screenshot of the Technical Guide</head><graphic url="wp-content/uploads/issue_5/damaboba/pictures/picture-3.png"/></figure>
          <p>The edition is browsed by clicking on &#x201C;Edici&#xF3;n y Archivo". This page displays the three sources plus the critical text in a synoptical view. The edition, thus, requires a high-resolution screen to be visualized correctly. Although the design is, in principle, responsive &#x2013; the website presentation changes its presentation on mobile devices &#x2013; the synoptical view is unavailable on mobile devices. All in all, the design is not very intuitive, but the user can quickly learn how to browse the edition thanks to the help texts activated when clicking on &#x201C;Gu&#xED;a t&#xE9;cnica" in the top left corner.</p>
          <figure><head>Fig. 4: The synoptical view of the autograph, the copy and the printed edition</head><graphic url="wp-content/uploads/issue_5/damaboba/pictures/picture-4.png"/></figure>
          <p>The user can choose to include one, two or three panels in the synoptical view, and for each panel s/he can select what to display from a drop-down list (autograph, copy [transcribed by the attendee], print edition, and critical text). These presentational options offer the user considerable possibilities for comparing the witnesses and to get simultaneous access to different stages of the work comprised between 1614 and 1617. The user can also decide how to present each document in three views: <list><item>Metadata (called &#x201C;Info")</item><item>Facsimile</item><item>Transcription</item></list></p>
        <p>The user can browse the edition per document page. The documents may be aligned by clicking on &#x201C;Alineaci&#xF3;n" in the top right of the website. This is a very useful function that facilitates the navigation and maintains the documents synchronized with the document placed in the left column. If the user browses the transcription of the autograph, s/he can visualize the interventions contained in this document: deletions in yellow strikethrough text and additions in green text. Some of these interventions may be animated when pressing the play icon; for an example, see folio 14v (represented also in Fig. 4). I find this feature especially interesting to display transpositions and also to recreate the chronological order of the interventions by using superscript numbers. However, the user cannot pause the animation and inspect each state of the text.</p>
          <figure><head>Fig. 5: Screenshot of the critical text in the left column</head><graphic url="wp-content/uploads/issue_5/damaboba/pictures/picture-5.png"/></figure>
          <p>With respect to the critical text, the editor created a positive apparatus that is displayed in a pop-up window in yellow when the user hovers over the text. Furthermore, the user can find a number of asterisks that indicate the presence of an explanatory note. The only two flaws that I can remark on this regard are that one cannot zoom in on the facsimiles and that in the critical text the apparatus does not contain the readings deleted in manuscript O. In summary, it can be said that the synoptical view allows the user to track macrostructural changes across different documents while the apparatus enables the user to pay attention to microstructural variants.</p>
          <figure><head>Fig. 6: Schreenshot of the advanced search showing the occurrence of the term &#x201C;luz" (&#x2018;light&#x2019;)</head><graphic url="wp-content/uploads/issue_5/damaboba/pictures/picture-6.png"/></figure>
          <p><emph>La dama boba: edici&#xF3;n cr&#xED;tica y archivo digital</emph> also provides an advanced search interface. The searches can be restricted to characters and witnesses and there is a help text in the top left corner. Since there are no indices available, the advanced search is the only way to explore the occurrences of specific terms. This is, no doubt, an aspect that might be improved in future updates.</p>
        <p>As already mentioned, the edition only offers access to the TEI file containing the critical text (even if difficult to find). One may be able to generate the transcription of all the witnesses with XSL transformations by replacing the lemmata with the respective variants. But ideally the underlying XML structure would be visualized in the same edition page as a fourth view option.<note xml:id="ftn13" n="13">For an example of a genetic edition offering comparisons between critical text, facsimile and encoding, see <ref target="http://shelleygodwinarchive.org/">The Shelley-Godwin Archive</ref>.</note> This would be especially useful for researchers interested in the transmission of the text and the encoding of variants. Similarly, the version suitable for printing in PDF format cannot be accessed from the edition page; it is only available in the section &#x201C;Resources". Finally, the user cannot retrieve and link a specific folio or a specific section of the critical text by means of a URL; this is unfortunate and should be rectified by the editor as soon as possible since without the possibility to reference, scholars will not be able to use the edition as evidence in their publications. These criticisms notwithstanding, the contents are clearly licensed, the resource has a persistent identifier (DOI) and the main information necessary for citation is always visible.</p>
        </div>
        <div type="div2">
          <head>Conclusion</head>
        <p>This digital edition has to be understood as a project undertaken by an experienced scholar who has previously published a printed edition of <emph>La dama boba</emph>. The main focus of the edition is the history of the text. The editor aimed to surpass the edition model of the print-paradigm and combined an idealistic and materialistic approach to the editing of the text. To achieve this, his team developed a digital infrastructure that can display a number of documents in multiple views without refusing to privilege the critical text.</p>
        <p>The focus on the history of the text, however, may limit its audience to those scholars interested in questions of textual variation. In contrast, the addition of an index of named entities would be appreciated by those users aiming to study the text from a literary point of view. Moreover, visual and contextual information could expand its audience beyond academia. Finally, the expansion of the documentation and a description of the encoding model of the text would notably increase the value of this edition.</p>
        <p>All in all, <emph>La dama boba: edici&#xF3;n cr&#xED;tica y archivo digital</emph> should be appraised positively because it meets its declared goals: on the one hand, to give access to a critical text and the documents that support the editor&#x2019;s choices; on the other, to allow the user to study three different versions of the work from its inception to its public dissemination on the stage and in book shops. The editor justifies accurately the editorial method adopted and the presentation of the data is beautiful and user friendly. The result is a state-of-the-art scholarly resource that lives up to the digital paradigm. First, it combines a microstructural and a macrostructural approach, giving the readers access both to a critical text as well as to document witnesses. Secondly, it doesn&#x2019;t merely present the documents for the users&#x2019; inspection, but represents them using a standardized TEI model. Thirdly, it provides a well-designed and beautiful web-presentation which allows for comparisons by utilizing animations, strikethroughs and various colours; the automatic alignment function also helps the user not to lose track of the changes in all documents, which would be very difficult if s/he had to deal with all of them in a physical library.</p>
        <p>In conclusion, although some improvements may be necessary in the near future, the edition is valuable because it provides multiple views of a single work and enables new inquires to researchers interested in the creative process and the transmission of the Lope de Vega plays.</p>
        </div>
        </div>
      <div type="references">
        <listBibl>
          <bibl>Lope de Vega, F. 2007. <emph>Comedias de Lope de Vega. Parte IX</emph>. Coordinated by Marco Presotto. Lleida: Milenio.</bibl>
          <bibl>Presotto, M. 2015. &#x2018;Hacia un modelo de edici&#xF3;n cr&#xED;tica digital del teatro de Lope.&#x2019; <emph>Anuario Lope de Vega. Texto, literatura, cultura</emph> XXI: 79-94. <ptr target="https://web.archive.org/web/20161102163902/http://revistes.uab.cat/anuariolopedevega/article/view/v21-presotto/115-pdf-es"/></bibl>
          <bibl>Segre, C. 1995. &#x2018;Critique des variantes et critique g&#xE9;n&#xE9;tique.&#x2019; <emph>Genesis</emph> 7: 29-46.</bibl>
          <bibl>Vauthier, B. 2014. &#x2018;&#xBF;<emph>Critique G&#xE9;n&#xE9;tique</emph> y/o <emph>Filologia d&#x2019;Autore</emph>? Seg&#xFA;n los casos&#x2026; &#x201C;Historia" &#x2014;&#xBF;o fin?&#x2014; &#x201C;de una utop&#xED;a real".&#x2019; <emph>Creneida</emph> 2: 79-125 <ptr target="https://web.archive.org/web/20161102164042/https://www.uco.es/ucopress/ojs/index.php/creneida/article/view/3529/3417"/></bibl>
        </listBibl>
      </div>
    </body>
  </text>
</TEI>
