<?xml version="1.0" encoding="UTF-8"?>
<TEI xmlns="http://www.tei-c.org/ns/1.0" xmlns:xsi="http://www.w3.org/2001/XMLSchema-instance"
  xsi:schemaLocation="http://www.tei-c.org/ns/1.0 http://ride.i-d-e.de/wp-content/uploads/schema/ride.xsd">
  <teiHeader>
    <fileDesc>
      <titleStmt>
        <title>Review of 'Varitext'</title>
        <respStmt>
          <resp>author</resp>
          <name>
            <persName>
              <forename>Julia</forename>
              <surname>Burkhardt</surname>
            </persName>
            <affiliation>
              <orgName>University of Leipzig</orgName>
              <placeName>Leipzig</placeName>
            </affiliation>
            <email>jburk (at) rz.uni-leipzig.de</email>
          </name>
        </respStmt>
      </titleStmt>
      <publicationStmt>
        <publisher>Institut f&#xFC;r Dokumentologie und Editorik</publisher>
        <date when="2017-09">September 2017</date>
        <idno type="issue">6</idno>
        <idno type="URI">http://ride.i-d-e.de/issue-6/Varitext</idno>
        <idno type="DOI">10.18716/ride.a.6.3</idno>
        <availability>
          <licence>
            <ref target="http://creativecommons.org/licenses/by/4.0/"/>
          </licence>
        </availability>
      </publicationStmt>
      <notesStmt>
        <relatedItem>
          <biblStruct>
            <monogr>
              <title xml:id="resource_title">Varitext</title>
              <editor xml:id="resource_editors">Sascha Diwersy, Peter Blumenthal, Salah
                Mejri</editor>
              <respStmt>
                <resp>Designer</resp>
                <persName>
                  <name>Sascha Diversy</name>
                </persName>
              </respStmt>
              <respStmt>
                <resp>Editor</resp>
                <persName>
                  <name>Peter Blumenthal</name>
                </persName>
              </respStmt>
              <respStmt>
                <resp>Editor</resp>
                <persName>
                  <name>Salah Mejri</name>
                </persName>
              </respStmt>
              <imprint>
                <date xml:id="resource_date_publication">2013</date>
              </imprint>
            </monogr>
            <idno xml:id="resource_uri">http://syrah.uni-koeln.de/varitext/</idno>
          </biblStruct>
        </relatedItem>
        <note>
          <date xml:id="resource_date_access">2017-08-15</date>
        </note>
      </notesStmt>
      <sourceDesc>
        <p>Auf der Basis von
            <ref>http://www.i-d-e.de/publikationen/weitereschriften/criteria-text-collections-version-1-0</ref>
        </p>
      </sourceDesc>
    </fileDesc>
    <encodingDesc>
      <classDecl>
        <taxonomy
          xml:base="https://www.i-d-e.de/publikationen/weitereschriften/criteria-text-collections-version-1-0/">
          <category xml:id="general_information">
            <category xml:id="bibl_desc">
              <catDesc>
                <ref target="#K1.1">cf. Catalogue 1.1</ref>
              </catDesc>
              <catDesc>Can the text collection be identified in terms similar to traditional
                bibliographic descriptions (title, responsible editors, institution, date(s) of
                publication, identifier/address)?</catDesc>
              <catDesc>
                <num type="boolean" value="1"/>
              </catDesc>
            </category>
            <category xml:id="contributors">
              <catDesc>
                <ref target="#K1.3">cf. Catalogue 1.3</ref>
              </catDesc>
              <catDesc>Are the contributors (editors, institutions, associates) of the project
                documented?</catDesc>
              <catDesc>
                <num type="boolean" value="1"/>
              </catDesc>
            </category>
            <category xml:id="contacts">
              <catDesc>
                <ref target="#K1.4">cf. Catalogue 1.4</ref>
              </catDesc>
              <catDesc>Is contact information given?</catDesc>
              <catDesc>
                <num type="boolean" value="1"/>
              </catDesc>
            </category>
          </category>
          <category xml:id="aims">
            <category xml:id="doc_contents">
              <catDesc>
                <ref target="#K2.1">cf. Catalogue 2.1</ref>
              </catDesc>
              <catDesc>Is there a description of the aims and contents of the text
                collection?</catDesc>
              <catDesc>
                <num type="boolean" value="0"/>
              </catDesc>
            </category>
            <category xml:id="purpose">
              <catDesc>
                <ref target="#K2.2">cf. Catalogue 2.2</ref>
              </catDesc>
              <catDesc>What is the purpose of the text collection?</catDesc>
              <category xml:id="research">
                <catDesc>
                  <num type="boolean" value="1"/>
                </catDesc>
              </category>
              <category xml:id="teaching">
                <catDesc>
                  <num type="boolean" value="1"/>
                </catDesc>
              </category>
              <category xml:id="general_purpose">
                <catDesc>
                  <num type="boolean" value="0"/>
                </catDesc>
              </category>
              <category corresp="#other">
                <catDesc>
                  <num type="boolean" value="0"/>
                </catDesc>
                <category corresp="#free">
                  <gloss/>
                </category>
              </category>
            </category>
            <category xml:id="research_type">
              <catDesc>
                <ref target="#K3.1.8">cf. Catalogue 3.1.8</ref>
              </catDesc>
              <catDesc>What kind of research does the collection allow to conduct
                primarily?</catDesc>
              <category xml:id="qualitative">
                <catDesc>
                  <num type="boolean" value="0"/>
                </catDesc>
              </category>
              <category xml:id="quantitative">
                <catDesc>
                  <num type="boolean" value="1"/>
                </catDesc>
              </category>
              <category corresp="#none">
                <catDesc>
                  <num type="boolean" value="0"/>
                </catDesc>
              </category>
            </category>
            <category xml:id="classification">
              <catDesc>
                <ref target="#K2.3">cf. Catalogue 2.3</ref>
              </catDesc>
              <catDesc>How does the text collection classify itself (e.g. in its title or
                documentation)?</catDesc>
              <category xml:id="collection">
                <catDesc>
                  <num type="boolean" value="0"/>
                </catDesc>
              </category>
              <category xml:id="corpus">
                <catDesc>
                  <num type="boolean" value="1"/>
                </catDesc>
              </category>
              <category xml:id="digital_archive">
                <catDesc>
                  <num type="boolean" value="0"/>
                </catDesc>
              </category>
              <category xml:id="digital_library">
                <catDesc>
                  <num type="boolean" value="0"/>
                </catDesc>
              </category>
              <category xml:id="digital_edition">
                <catDesc>
                  <num type="boolean" value="0"/>
                </catDesc>
              </category>
              <category xml:id="portal">
                <catDesc>
                  <num type="boolean" value="0"/>
                </catDesc>
              </category>
              <category xml:id="database">
                <catDesc>
                  <num type="boolean" value="1"/>
                </catDesc>
              </category>
              <category xml:id="no_classification">
                <catDesc>
                  <num type="boolean" value="0"/>
                </catDesc>
              </category>
              <category corresp="#other">
                <catDesc>
                  <num type="boolean" value="0"/>
                </catDesc>
                <category corresp="#free">
                  <gloss/>
                </category>
              </category>
            </category>
            <category xml:id="research_fields">
              <catDesc>
                <ref target="#K2.2">cf. Catalogue 2.2</ref>
              </catDesc>
              <catDesc>To which field(s) of research does the text collection contribute?</catDesc>
              <category xml:id="field_history">
                <catDesc>
                  <num type="boolean" value="0"/>
                </catDesc>
              </category>
              <category xml:id="field_literary_studies">
                <catDesc>
                  <num type="boolean" value="0"/>
                </catDesc>
              </category>
              <category xml:id="field_linguistics">
                <catDesc>
                  <num type="boolean" value="1"/>
                </catDesc>
              </category>
              <category xml:id="field_musicology">
                <catDesc>
                  <num type="boolean" value="0"/>
                </catDesc>
              </category>
              <category xml:id="field_art_history">
                <catDesc>
                  <num type="boolean" value="0"/>
                </catDesc>
              </category>
              <category xml:id="field_archaeology">
                <catDesc>
                  <num type="boolean" value="0"/>
                </catDesc>
              </category>
              <category xml:id="field_philosophy">
                <catDesc>
                  <num type="boolean" value="0"/>
                </catDesc>
              </category>
              <category xml:id="field_religious_studies">
                <catDesc>
                  <num type="boolean" value="0"/>
                </catDesc>
              </category>
              <category xml:id="field_sociology">
                <catDesc>
                  <num type="boolean" value="0"/>
                </catDesc>
              </category>
              <category corresp="#other">
                <catDesc>
                  <num type="boolean" value="0"/>
                </catDesc>
                <category corresp="#free">
                  <gloss/>
                </category>
              </category>
              <category corresp="#none">
                <catDesc>
                  <num type="boolean" value="0"/>
                </catDesc>
              </category>
            </category>
          </category>
          <category xml:id="content">
            <category xml:id="era">
              <catDesc>
                <ref target="#K2.5">cf. Catalogue 2.5</ref>
              </catDesc>
              <catDesc>What era(s) do the texts belong to?</catDesc>
              <category xml:id="era_classics">
                <catDesc>
                  <num type="boolean" value="0"/>
                </catDesc>
              </category>
              <category xml:id="era_medieval">
                <catDesc>
                  <num type="boolean" value="0"/>
                </catDesc>
              </category>
              <category xml:id="era_early_modern">
                <catDesc>
                  <num type="boolean" value="0"/>
                </catDesc>
              </category>
              <category xml:id="era_modern">
                <catDesc>
                  <num type="boolean" value="0"/>
                </catDesc>
              </category>
              <category xml:id="era_contemporary">
                <catDesc>
                  <num type="boolean" value="1"/>
                </catDesc>
              </category>
            </category>
            <category xml:id="language">
              <catDesc>
                <ref target="#K2.5">cf. Catalogue 2.5</ref>
              </catDesc>
              <catDesc>What languages are the texts in?</catDesc>
              <category xml:id="arabic">
                <catDesc>
                  <num type="boolean" value="0"/>
                </catDesc>
              </category>
              <category xml:id="chinese">
                <catDesc>
                  <num type="boolean" value="0"/>
                </catDesc>
              </category>
              <category xml:id="danish">
                <catDesc>
                  <num type="boolean" value="0"/>
                </catDesc>
              </category>
              <category xml:id="english">
                <catDesc>
                  <num type="boolean" value="0"/>
                </catDesc>
              </category>
              <category xml:id="finnish">
                <catDesc>
                  <num type="boolean" value="0"/>
                </catDesc>
              </category>
              <category xml:id="french">
                <catDesc>
                  <num type="boolean" value="1"/>
                </catDesc>
              </category>
              <category xml:id="german">
                <catDesc>
                  <num type="boolean" value="0"/>
                </catDesc>
              </category>
              <category xml:id="greek">
                <catDesc>
                  <num type="boolean" value="0"/>
                </catDesc>
              </category>
              <category xml:id="hebrew">
                <catDesc>
                  <num type="boolean" value="0"/>
                </catDesc>
              </category>
              <category xml:id="hindi">
                <catDesc>
                  <num type="boolean" value="0"/>
                </catDesc>
              </category>
              <category xml:id="italian">
                <catDesc>
                  <num type="boolean" value="0"/>
                </catDesc>
              </category>
              <category xml:id="japanese">
                <catDesc>
                  <num type="boolean" value="0"/>
                </catDesc>
              </category>
              <category xml:id="latin">
                <catDesc>
                  <num type="boolean" value="0"/>
                </catDesc>
              </category>
              <category xml:id="norwegian">
                <catDesc>
                  <num type="boolean" value="0"/>
                </catDesc>
              </category>
              <category xml:id="polish">
                <catDesc>
                  <num type="boolean" value="0"/>
                </catDesc>
              </category>
              <category xml:id="portuguese">
                <catDesc>
                  <num type="boolean" value="0"/>
                </catDesc>
              </category>
              <category xml:id="russian">
                <catDesc>
                  <num type="boolean" value="0"/>
                </catDesc>
              </category>
              <category xml:id="spanish">
                <catDesc>
                  <num type="boolean" value="0"/>
                </catDesc>
              </category>
              <category xml:id="swedish">
                <catDesc>
                  <num type="boolean" value="0"/>
                </catDesc>
              </category>
              <category xml:id="turkish">
                <catDesc>
                  <num type="boolean" value="0"/>
                </catDesc>
              </category>
              <category corresp="#other">
                <catDesc>
                  <num type="boolean" value="0"/>
                </catDesc>
                <category corresp="#free">
                  <gloss/>
                </category>
              </category>
              <category corresp="#free" xml:id="language_note">
                <gloss/>
              </category>
            </category>
            <category xml:id="text_type">
              <catDesc>
                <ref target="#K2.5">cf. Catalogue 2.5</ref>
              </catDesc>
              <catDesc>What kind of texts are in the collection?</catDesc>
              <category xml:id="literary_works">
                <catDesc>
                  <num type="boolean" value="0"/>
                </catDesc>
              </category>
              <category xml:id="private_documents">
                <catDesc>
                  <num type="boolean" value="0"/>
                </catDesc>
              </category>
              <category xml:id="essays">
                <catDesc>
                  <num type="boolean" value="0"/>
                </catDesc>
              </category>
              <category xml:id="newspaper_articles">
                <catDesc>
                  <num type="boolean" value="1"/>
                </catDesc>
              </category>
              <category xml:id="charters">
                <catDesc>
                  <num type="boolean" value="0"/>
                </catDesc>
              </category>
              <category xml:id="inscriptions">
                <catDesc>
                  <num type="boolean" value="0"/>
                </catDesc>
              </category>
              <category xml:id="files_records">
                <catDesc>
                  <num type="boolean" value="0"/>
                </catDesc>
              </category>
              <category xml:id="protocols">
                <catDesc>
                  <num type="boolean" value="0"/>
                </catDesc>
              </category>
              <category xml:id="scientific_papers">
                <catDesc>
                  <num type="boolean" value="0"/>
                </catDesc>
              </category>
              <category xml:id="speech_transcripts">
                <catDesc>
                  <num type="boolean" value="0"/>
                </catDesc>
              </category>
              <category corresp="#other">
                <catDesc>
                  <num type="boolean" value="0"/>
                </catDesc>
                <category corresp="#free">
                  <gloss/>
                </category>
              </category>
            </category>
            <category xml:id="add_information">
              <catDesc>
                <ref target="#K2.5">cf. Catalogue 2.5</ref>
              </catDesc>
              <catDesc>What kind of information is published in addition to the texts?</catDesc>
              <category xml:id="introduction">
                <catDesc>
                  <num type="boolean" value="0"/>
                </catDesc>
              </category>
              <category xml:id="commentary">
                <catDesc>
                  <num type="boolean" value="0"/>
                </catDesc>
              </category>
              <category xml:id="context_material">
                <catDesc>
                  <num type="boolean" value="0"/>
                </catDesc>
              </category>
              <category xml:id="bibliography">
                <catDesc>
                  <num type="boolean" value="0"/>
                </catDesc>
              </category>
              <category xml:id="facsimile">
                <catDesc>
                  <num type="boolean" value="0"/>
                </catDesc>
              </category>
              <category corresp="#other">
                <catDesc>
                  <num type="boolean" value="0"/>
                </catDesc>
                <category corresp="#free">
                  <gloss/>
                </category>
              </category>
              <category corresp="#none">
                <catDesc>
                  <num type="boolean" value="1"/>
                </catDesc>
              </category>
            </category>
          </category>
          <category xml:id="composition">
            <category xml:id="documentation_methods">
              <catDesc>
                <ref target="#K3.1.1">cf. Catalogue 3.1.1-3.1.3</ref>
              </catDesc>
              <catDesc>Are the principles and decisions regarding the design of the text collection,
                its composition and the selection of texts documented?</catDesc>
              <catDesc>
                <num type="boolean" value="0"/>
              </catDesc>
            </category>
            <category xml:id="selection">
              <catDesc>
                <ref target="#K3.1">cf. Catalogue 3.1</ref>
              </catDesc>
              <catDesc>What selection criteria have been chosen for the text collection?</catDesc>
              <category xml:id="selection_language">
                <catDesc>
                  <num type="boolean" value="1"/>
                </catDesc>
              </category>
              <category xml:id="selection_author">
                <catDesc>
                  <num type="boolean" value="0"/>
                </catDesc>
              </category>
              <category xml:id="selection_country">
                <catDesc>
                  <num type="boolean" value="1"/>
                </catDesc>
              </category>
              <category xml:id="selection_epoch">
                <catDesc>
                  <num type="boolean" value="0"/>
                </catDesc>
              </category>
              <category xml:id="selection_genre">
                <catDesc>
                  <num type="boolean" value="1"/>
                </catDesc>
              </category>
              <category xml:id="selection_topic">
                <catDesc>
                  <num type="boolean" value="0"/>
                </catDesc>
              </category>
              <category xml:id="selection_style">
                <catDesc>
                  <num type="boolean" value="0"/>
                </catDesc>
              </category>
              <category xml:id="selection_linguistic_characteristics">
                <catDesc>
                  <num type="boolean" value="0"/>
                </catDesc>
              </category>
              <category corresp="#other">
                <catDesc>
                  <num type="boolean" value="0"/>
                </catDesc>
                <category corresp="#free">
                  <gloss/>
                </category>
              </category>
            </category>
            <category xml:id="size">
              <category xml:id="size_texts">
                <catDesc>
                  <ref target="#K3.1.4">cf. Catalogue 3.1.4</ref>
                </catDesc>
                <catDesc>How large is the text collection in number of texts/records?</catDesc>
                <category xml:id="texts_le10">
                  <catDesc>
                    <num type="boolean" value="0"/>
                  </catDesc>
                </category>
                <category xml:id="texts_11-50">
                  <catDesc>
                    <num type="boolean" value="0"/>
                  </catDesc>
                </category>
                <category xml:id="texts_51-100">
                  <catDesc>
                    <num type="boolean" value="0"/>
                  </catDesc>
                </category>
                <category xml:id="texts_gt100_">
                  <catDesc>
                    <num type="boolean" value="0"/>
                  </catDesc>
                </category>
                <category xml:id="texts_gt1000">
                  <catDesc>
                    <num type="boolean" value="1"/>
                  </catDesc>
                </category>
                <category corresp="#unknown">
                  <catDesc>
                    <num type="boolean" value="0"/>
                  </catDesc>
                </category>
              </category>
              <category xml:id="size_tokens">
                <catDesc>
                  <ref target="#K3.1.4">cf. Catalogue 3.1.4</ref>
                </catDesc>
                <catDesc>How large is the text collection in number of tokens?</catDesc>
                <category xml:id="tokens_lt100.000">
                  <catDesc>
                    <num type="boolean" value="0"/>
                  </catDesc>
                </category>
                <category xml:id="tokens_100.000-1mio">
                  <catDesc>
                    <num type="boolean" value="0"/>
                  </catDesc>
                </category>
                <category xml:id="tokens_gt1mio">
                  <catDesc>
                    <num type="boolean" value="0"/>
                  </catDesc>
                </category>
                <category xml:id="tokens_gt10mio">
                  <catDesc>
                    <num type="boolean" value="1"/>
                  </catDesc>
                </category>
                <category corresp="#unknown">
                  <catDesc>
                    <num type="boolean" value="0"/>
                  </catDesc>
                </category>
              </category>
            </category>
            <category xml:id="structure">
              <catDesc>
                <ref target="#K3.1.5">cf. Catalogue 3.1.5</ref>
              </catDesc>
              <catDesc>Does the text collection have identifiable sub-collections or
                components?</catDesc>
              <catDesc>
                <num type="boolean" value="1"/>
              </catDesc>
            </category>
            <category xml:id="acquisition">
              <category xml:id="text_recording">
                <catDesc>
                  <ref target="#K3.1.6">cf. Catalogue 3.1.6</ref>
                </catDesc>
                <catDesc>Does the text collection record or transcribe the textual data for the
                  first time?</catDesc>
                <catDesc>
                  <num type="boolean" value="0"/>
                </catDesc>
              </category>
              <category xml:id="text_integration">
                <catDesc>
                  <ref target="#K3.1.6">cf. Catalogue 3.1.6</ref>
                </catDesc>
                <catDesc>What kind of material has been taken over from other sources?</catDesc>
                <category xml:id="full_text">
                  <catDesc>
                    <num type="boolean" value="1"/>
                  </catDesc>
                </category>
                <category xml:id="reuse_metadata">
                  <catDesc>
                    <num type="boolean" value="1"/>
                  </catDesc>
                </category>
                <category xml:id="reuse_annotation">
                  <catDesc>
                    <num type="boolean" value="0"/>
                  </catDesc>
                </category>
                <category corresp="#other">
                  <catDesc>
                    <num type="boolean" value="0"/>
                  </catDesc>
                  <category corresp="#free">
                    <gloss/>
                  </category>
                </category>
                <category corresp="#none">
                  <catDesc>
                    <num type="boolean" value="0"/>
                  </catDesc>
                </category>
              </category>
            </category>
            <category xml:id="quality">
              <catDesc>
                <ref target="#K3.1.7">cf. Catalogue 3.1.7</ref>
              </catDesc>
              <catDesc>Has the quality of the data (transcriptions, metadata, annotations, etc.)
                been checked?</catDesc>
              <catDesc>
                <num type="boolean" value="3"/>
              </catDesc>
            </category>
            <category xml:id="typology">
              <catDesc>
                <ref target="#K3.1.8">cf. Catalogue 3.1.8</ref>
              </catDesc>
              <catDesc>Considering aims and methods of the text collection, how would you classify
                it further? For definitions please consider the help-texts.</catDesc>
              <category xml:id="typology_general_purpose">
                <catDesc>
                  <num type="boolean" value="0"/>
                </catDesc>
              </category>
              <category xml:id="typology_corpus">
                <catDesc>
                  <num type="boolean" value="1"/>
                </catDesc>
              </category>
              <category xml:id="typology_collection_records">
                <catDesc>
                  <num type="boolean" value="0"/>
                </catDesc>
              </category>
              <category xml:id="typology_canon">
                <catDesc>
                  <num type="boolean" value="0"/>
                </catDesc>
              </category>
              <category xml:id="typology_oeuvre">
                <catDesc>
                  <num type="boolean" value="0"/>
                </catDesc>
              </category>
              <category xml:id="typology_reference_corpus">
                <catDesc>
                  <num type="boolean" value="0"/>
                </catDesc>
              </category>
              <category xml:id="typology_contrastive_corpus">
                <catDesc>
                  <num type="boolean" value="0"/>
                </catDesc>
              </category>
              <category xml:id="typology_parallel_corpus">
                <catDesc>
                  <num type="boolean" value="0"/>
                </catDesc>
              </category>
              <category xml:id="typology_diachronic_corpus">
                <catDesc>
                  <num type="boolean" value="0"/>
                </catDesc>
              </category>
              <category corresp="#other">
                <catDesc>
                  <num type="boolean" value="0"/>
                </catDesc>
                <category corresp="#free">
                  <gloss/>
                </category>
              </category>
            </category>
          </category>
          <category xml:id="data_modelling">
            <category xml:id="text_treatment">
              <catDesc>
                <ref target="#K3.2.1">cf. Catalogue 3.2.1</ref>
              </catDesc>
              <catDesc>How are the textual sources represented in the digital collection?</catDesc>
              <category xml:id="normalized_transcription">
                <catDesc>
                  <num type="boolean" value="0"/>
                </catDesc>
              </category>
              <category xml:id="orthographic_transcription">
                <catDesc>
                  <num type="boolean" value="0"/>
                </catDesc>
              </category>
              <category xml:id="phonetic_transcription">
                <catDesc>
                  <num type="boolean" value="0"/>
                </catDesc>
              </category>
              <category xml:id="diplomatic_transcription">
                <catDesc>
                  <num type="boolean" value="0"/>
                </catDesc>
              </category>
              <category xml:id="transliteration">
                <catDesc>
                  <num type="boolean" value="0"/>
                </catDesc>
              </category>
              <category xml:id="edited_text">
                <catDesc>
                  <num type="boolean" value="0"/>
                </catDesc>
              </category>
              <category xml:id="translated_text">
                <catDesc>
                  <num type="boolean" value="0"/>
                </catDesc>
              </category>
              <category xml:id="summarized_text">
                <catDesc>
                  <num type="boolean" value="0"/>
                </catDesc>
              </category>
              <category xml:id="sampled_text">
                <catDesc>
                  <num type="boolean" value="0"/>
                </catDesc>
              </category>
              <category corresp="#other">
                <catDesc>
                  <num type="boolean" value="1"/>
                </catDesc>
                <category corresp="#free">
                  <gloss/>
                </category>
              </category>
            </category>
            <category xml:id="basic_format">
              <catDesc>
                <ref target="#K3.2.4">cf. Catalogue 3.2.4</ref>
              </catDesc>
              <catDesc>In which basic format are the texts encoded?</catDesc>
              <category xml:id="plain_text">
                <catDesc>
                  <num type="boolean" value="0"/>
                </catDesc>
              </category>
              <category xml:id="xml">
                <catDesc>
                  <num type="boolean" value="1"/>
                </catDesc>
              </category>
              <category xml:id="html">
                <catDesc>
                  <num type="boolean" value="0"/>
                </catDesc>
              </category>
              <category corresp="#other">
                <catDesc>
                  <num type="boolean" value="0"/>
                </catDesc>
                <category corresp="#free">
                  <gloss/>
                </category>
              </category>
            </category>
            <category xml:id="annotation">
              <category xml:id="annotation_type">
                <catDesc>
                  <ref target="#K3.2.2">cf. Catalogue 3.2.2</ref>
                </catDesc>
                <catDesc>With what information are the texts further enriched?</catDesc>
                <category xml:id="semantic_annotations">
                  <catDesc>
                    <num type="boolean" value="0"/>
                  </catDesc>
                </category>
                <category xml:id="linguistic_annotations">
                  <catDesc>
                    <num type="boolean" value="1"/>
                  </catDesc>
                </category>
                <category xml:id="editorial_annotations">
                  <catDesc>
                    <num type="boolean" value="0"/>
                  </catDesc>
                </category>
                <category xml:id="structural_information">
                  <catDesc>
                    <num type="boolean" value="1"/>
                  </catDesc>
                </category>
                <category corresp="#other">
                  <catDesc>
                    <num type="boolean" value="0"/>
                  </catDesc>
                  <category corresp="#free">
                    <gloss/>
                  </category>
                </category>
                <category corresp="#none">
                  <catDesc>
                    <num type="boolean" value="0"/>
                  </catDesc>
                </category>
              </category>
              <category xml:id="annotation_integration">
                <catDesc>
                  <ref target="#K3.2.2">cf. Catalogue 3.2.2</ref>
                </catDesc>
                <catDesc>How are the annotations linked to the texts themselves?</catDesc>
                <category xml:id="embedded">
                  <catDesc>
                    <num type="boolean" value="0"/>
                  </catDesc>
                </category>
                <category xml:id="stand-off">
                  <catDesc>
                    <num type="boolean" value="1"/>
                  </catDesc>
                </category>
                <category corresp="#other">
                  <catDesc>
                    <num type="boolean" value="0"/>
                  </catDesc>
                  <category corresp="#free">
                    <gloss/>
                  </category>
                </category>
                <category corresp="#not_applicable">
                  <catDesc>
                    <num type="boolean" value="0"/>
                  </catDesc>
                </category>
              </category>
            </category>
            <category xml:id="metadata">
              <category xml:id="metadata_type">
                <catDesc>
                  <ref target="#K3.2.3">cf. Catalogue 3.2.3</ref>
                </catDesc>
                <catDesc>What kind of metadata are included in the text collection?</catDesc>
                <category xml:id="descriptive">
                  <catDesc>
                    <num type="boolean" value="1"/>
                  </catDesc>
                </category>
                <category xml:id="structural">
                  <catDesc>
                    <num type="boolean" value="1"/>
                  </catDesc>
                </category>
                <category xml:id="administrative">
                  <catDesc>
                    <num type="boolean" value="0"/>
                  </catDesc>
                </category>
                <category corresp="#other">
                  <catDesc>
                    <num type="boolean" value="0"/>
                  </catDesc>
                  <category corresp="#free">
                    <gloss/>
                  </category>
                </category>
                <category corresp="#none">
                  <catDesc>
                    <num type="boolean" value="0"/>
                  </catDesc>
                </category>
              </category>
              <category xml:id="metadata_level">
                <catDesc>
                  <ref target="#K3.2.2">cf. Catalogue 3.2.2</ref>
                </catDesc>
                <catDesc>On which level are the metadata included?</catDesc>
                <category xml:id="whole_collection">
                  <catDesc>
                    <num type="boolean" value="0"/>
                  </catDesc>
                </category>
                <category xml:id="collection_parts">
                  <catDesc>
                    <num type="boolean" value="0"/>
                  </catDesc>
                </category>
                <category xml:id="individual_texts">
                  <catDesc>
                    <num type="boolean" value="1"/>
                  </catDesc>
                </category>
                <category corresp="#other">
                  <catDesc>
                    <num type="boolean" value="0"/>
                  </catDesc>
                  <category corresp="#free">
                    <gloss/>
                  </category>
                </category>
                <category corresp="#not_applicable">
                  <catDesc>
                    <num type="boolean" value="0"/>
                  </catDesc>
                </category>
              </category>
            </category>
            <category xml:id="data_standards">
              <category xml:id="data_schema">
                <catDesc>
                  <ref target="#K3.2.4">cf. Catalogue 3.2.4</ref>
                </catDesc>
                <catDesc>What kind of data/metadata/annotation schemas are used for the text
                  collection?</catDesc>
                <category xml:id="standardized_schema">
                  <catDesc>
                    <num type="boolean" value="0"/>
                  </catDesc>
                </category>
                <category xml:id="customized_standard_schema">
                  <catDesc>
                    <num type="boolean" value="0"/>
                  </catDesc>
                </category>
                <category xml:id="project_specific">
                  <catDesc>
                    <num type="boolean" value="1"/>
                  </catDesc>
                </category>
                <category corresp="#none">
                  <catDesc>
                    <num type="boolean" value="0"/>
                  </catDesc>
                </category>
                <category corresp="#unknown">
                  <catDesc>
                    <num type="boolean" value="0"/>
                  </catDesc>
                </category>
              </category>
              <category xml:id="standard_format">
                <catDesc>
                  <ref target="#K3.2.4">cf. Catalogue 3.2.4</ref>
                </catDesc>
                <catDesc>Which standards for text encoding, metadata and annotation are used in the
                  text collection?</catDesc>
                <category xml:id="tei">
                  <catDesc>
                    <num type="boolean" value="1"/>
                  </catDesc>
                </category>
                <category xml:id="cei">
                  <catDesc>
                    <num type="boolean" value="0"/>
                  </catDesc>
                </category>
                <category xml:id="ead">
                  <catDesc>
                    <num type="boolean" value="0"/>
                  </catDesc>
                </category>
                <category xml:id="xces">
                  <catDesc>
                    <num type="boolean" value="0"/>
                  </catDesc>
                </category>
                <category xml:id="dublin_core">
                  <catDesc>
                    <num type="boolean" value="0"/>
                  </catDesc>
                </category>
                <category xml:id="edm">
                  <catDesc>
                    <num type="boolean" value="0"/>
                  </catDesc>
                </category>
                <category xml:id="mets">
                  <catDesc>
                    <num type="boolean" value="0"/>
                  </catDesc>
                </category>
                <category xml:id="mods">
                  <catDesc>
                    <num type="boolean" value="0"/>
                  </catDesc>
                </category>
                <category xml:id="skos">
                  <catDesc>
                    <num type="boolean" value="0"/>
                  </catDesc>
                </category>
                <category xml:id="owl">
                  <catDesc>
                    <num type="boolean" value="0"/>
                  </catDesc>
                </category>
                <category xml:id="imdi">
                  <catDesc>
                    <num type="boolean" value="0"/>
                  </catDesc>
                </category>
                <category xml:id="cmdi">
                  <catDesc>
                    <num type="boolean" value="0"/>
                  </catDesc>
                </category>
                <category xml:id="tcf">
                  <catDesc>
                    <num type="boolean" value="0"/>
                  </catDesc>
                </category>
                <category xml:id="olac">
                  <catDesc>
                    <num type="boolean" value="0"/>
                  </catDesc>
                </category>
                <category xml:id="eagles">
                  <catDesc>
                    <num type="boolean" value="0"/>
                  </catDesc>
                </category>
                <category xml:id="pos_tagsets">
                  <catDesc>
                    <num type="boolean" value="0"/>
                  </catDesc>
                </category>
                <category corresp="#other">
                  <catDesc>
                    <num type="boolean" value="0"/>
                  </catDesc>
                  <category corresp="#free">
                    <gloss/>
                  </category>
                </category>
                <category corresp="#none">
                  <catDesc>
                    <num type="boolean" value="0"/>
                  </catDesc>
                </category>
              </category>
            </category>
          </category>
          <category xml:id="provision">
            <category xml:id="basic_data_accessible">
              <catDesc>
                <ref target="#K4.1">cf. Catalogue 4.1</ref>
              </catDesc>
              <catDesc>Is the textual data accessible in a source format (e.g. XML, TXT)?</catDesc>
              <catDesc>
                <num type="boolean" value="0"/>
              </catDesc>
            </category>
            <category xml:id="download">
              <catDesc>
                <ref target="#K4.2">cf. Catalogue 4.2</ref>
              </catDesc>
              <catDesc>Can the entire raw data of the project be downloaded (as a whole)?</catDesc>
              <catDesc>
                <num type="boolean" value="0"/>
              </catDesc>
            </category>
            <category xml:id="technical_interfaces">
              <catDesc>
                <ref target="#K4.2">cf. Catalogue 4.2</ref>
              </catDesc>
              <catDesc>Are there technical interfaces which allow the reuse of the data of the text
                collection in other contexts?</catDesc>
              <category xml:id="OAI-PMH">
                <catDesc>
                  <num type="boolean" value="0"/>
                </catDesc>
              </category>
              <category xml:id="REST">
                <catDesc>
                  <num type="boolean" value="0"/>
                </catDesc>
              </category>
              <category xml:id="SPARQL_endpoint">
                <catDesc>
                  <num type="boolean" value="0"/>
                </catDesc>
              </category>
              <category xml:id="general_API">
                <catDesc>
                  <num type="boolean" value="0"/>
                </catDesc>
              </category>
              <category corresp="#other">
                <catDesc>
                  <num type="boolean" value="0"/>
                </catDesc>
                <category corresp="#free">
                  <gloss/>
                </category>
              </category>
              <category corresp="#none">
                <catDesc>
                  <num type="boolean" value="1"/>
                </catDesc>
              </category>
            </category>
            <category xml:id="analytical_data">
              <catDesc>
                <ref target="#K4.3">cf. Catalogue 4.3</ref>
              </catDesc>
              <catDesc>Besides the textual data, does the project provide analytical data (e.g.
                statistics) to download or harvest?</catDesc>
              <catDesc>
                <num type="boolean" value="1"/>
              </catDesc>
            </category>
            <category xml:id="reuse">
              <catDesc>
                <ref target="#K4.4">cf. Catalogue 4.4</ref>
              </catDesc>
              <catDesc>Can you use the data with other tools useful for this kind of
                content?</catDesc>
              <catDesc>
                <num type="boolean" value="0"/>
              </catDesc>
            </category>
          </category>
          <category xml:id="user_interface">
            <category xml:id="interface_provision">
              <catDesc>
                <ref target="#K5.1">cf. Catalogue 5.1</ref>
              </catDesc>
              <catDesc>Does the text collection have a dedicated user interface designed for the
                collection at hand in which the texts of the collection are represented and/or in
                which the data is analyzable?</catDesc>
              <catDesc>
                <num type="boolean" value="1"/>
              </catDesc>
            </category>
            <category xml:id="user_interface_sub">
              <category xml:id="usability">
                <catDesc>
                  <ref target="#K5.3">cf. Catalogue 5.3</ref>
                </catDesc>
                <catDesc>From your point of view, is the interface of the text collection clearly
                  arranged and easy to navigate so that the user can quickly identify the purpose,
                  the content and the main access methods of the resource?</catDesc>
                <catDesc>
                  <num type="boolean" value="0"/>
                </catDesc>
              </category>
              <category xml:id="access_modes">
                <category xml:id="browsing">
                  <catDesc>
                    <ref target="#K5.4">cf. Catalogue 5.4</ref>
                  </catDesc>
                  <catDesc>Does the project offer the possibility to browse the contents by simple
                    browsing options or advanced structured access via indices (e.g. by author,
                    year, genre)?</catDesc>
                  <catDesc>
                    <num type="boolean" value="1"/>
                  </catDesc>
                </category>
                <category xml:id="full_text_search">
                  <catDesc>
                    <ref target="#K5.4">cf. Catalogue 5.4</ref>
                  </catDesc>
                  <catDesc>Does the project offer a fulltext search?</catDesc>
                  <catDesc>
                    <num type="boolean" value="1"/>
                  </catDesc>
                </category>
                <category xml:id="advanced_search">
                  <catDesc>
                    <ref target="#K5.4">cf. Catalogue 5.4</ref>
                  </catDesc>
                  <catDesc>Does the project offer an advanced search?</catDesc>
                  <catDesc>
                    <num type="boolean" value="1"/>
                  </catDesc>
                </category>
              </category>
              <category xml:id="analysis">
                <category xml:id="analysis_tools">
                  <catDesc>
                    <ref target="#K5.5">cf. Catalogue 5.5</ref>
                  </catDesc>
                  <catDesc>Does the text collection integrate tools for analyses of the
                    data?</catDesc>
                  <catDesc>
                    <num type="boolean" value="1"/>
                  </catDesc>
                </category>
                <category xml:id="analysis_customization">
                  <catDesc>
                    <ref target="#K5.5">cf. Catalogue 5.5</ref>
                  </catDesc>
                  <catDesc>Can the user alter the interface in order to affect the outcomes of
                    representation and analysis of the text collection (besides basic search
                    functionalities), e.g. by applying his or her own queries or by choosing
                    analysis parameters?</catDesc>
                  <catDesc>
                    <num type="boolean" value="1"/>
                  </catDesc>
                </category>
              </category>
              <category xml:id="visualization">
                <catDesc>
                  <ref target="#K5.6">cf. Catalogue 5.6</ref>
                </catDesc>
                <catDesc>Does the text collection provide particular visualizations of the
                  data?</catDesc>
                <category xml:id="networks">
                  <catDesc>
                    <num type="boolean" value="0"/>
                  </catDesc>
                </category>
                <category xml:id="charts">
                  <catDesc>
                    <num type="boolean" value="1"/>
                  </catDesc>
                </category>
                <category xml:id="treemaps">
                  <catDesc>
                    <num type="boolean" value="0"/>
                  </catDesc>
                </category>
                <category xml:id="wordclouds">
                  <catDesc>
                    <num type="boolean" value="0"/>
                  </catDesc>
                </category>
                <category corresp="#other">
                  <catDesc>
                    <num type="boolean" value="0"/>
                  </catDesc>
                  <category corresp="#free">
                    <gloss/>
                  </category>
                </category>
                <category xml:id="no_visualization">
                  <catDesc>
                    <num type="boolean" value="0"/>
                  </catDesc>
                </category>
              </category>
              <category xml:id="personalization">
                <catDesc>
                  <ref target="#K5.7">cf. Catalogue 5.7</ref>
                </catDesc>
                <catDesc>Is there a personalisation mode that enables the users e.g. to create their
                  own sub-collections of the existing text collection?</catDesc>
                <catDesc>
                  <num type="boolean" value="0"/>
                </catDesc>
              </category>
            </category>
          </category>
          <category xml:id="preservation">
            <category xml:id="documentation_project">
              <catDesc>
                <ref target="#K6.1">cf. Catalogue 6.1</ref>
              </catDesc>
              <catDesc>Does the text collection provide sufficient documentation about the project
                in general as well as about the aims, contents and methods of the text
                collection?</catDesc>
              <catDesc>
                <num type="boolean" value="0"/>
              </catDesc>
            </category>
            <category xml:id="open_access">
              <catDesc>
                <ref target="#K6.2">cf. Catalogue 6.2</ref>
              </catDesc>
              <catDesc>Is the text collection Open Access?</catDesc>
              <catDesc>
                <num type="boolean" value="1"/>
              </catDesc>
            </category>
            <category xml:id="rights">
              <category xml:id="rights_declared">
                <catDesc>
                  <ref target="#K6.2">cf. Catalogue 6.2</ref>
                </catDesc>
                <catDesc>Are the rights to (re)use the content declared?</catDesc>
                <catDesc>
                  <num type="boolean" value="1"/>
                </catDesc>
              </category>
              <category xml:id="rights_license">
                <catDesc>
                  <ref target="#K6.2">cf. Catalogue 6.2</ref>
                </catDesc>
                <catDesc>Under what license are the contents released?</catDesc>
                <category xml:id="CC0">
                  <catDesc>
                    <num type="boolean" value="0"/>
                  </catDesc>
                </category>
                <category xml:id="CC-BY_only">
                  <catDesc>
                    <num type="boolean" value="0"/>
                  </catDesc>
                </category>
                <category xml:id="CC-BY-ND">
                  <catDesc>
                    <num type="boolean" value="0"/>
                  </catDesc>
                </category>
                <category xml:id="CC-BY-NC">
                  <catDesc>
                    <num type="boolean" value="0"/>
                  </catDesc>
                </category>
                <category xml:id="CC-BY-SA">
                  <catDesc>
                    <num type="boolean" value="0"/>
                  </catDesc>
                </category>
                <category xml:id="CC-BY-NC-ND">
                  <catDesc>
                    <num type="boolean" value="0"/>
                  </catDesc>
                </category>
                <category xml:id="CC-BY-NC-SA">
                  <catDesc>
                    <num type="boolean" value="0"/>
                  </catDesc>
                </category>
                <category xml:id="PDM">
                  <catDesc>
                    <num type="boolean" value="0"/>
                  </catDesc>
                </category>
                <category corresp="#other">
                  <catDesc>
                    <num type="boolean" value="0"/>
                  </catDesc>
                  <category corresp="#free">
                    <gloss/>
                  </category>
                </category>
                <category xml:id="no_license">
                  <catDesc>
                    <num type="boolean" value="1"/>
                  </catDesc>
                </category>
              </category>
            </category>
            <category xml:id="persistent_identification">
              <catDesc>
                <ref target="#K6.3">cf. Catalogue 6.3</ref>
              </catDesc>
              <catDesc>Are there persistent identifiers and an addressing system for the text
                collection and/or parts/objects of it and which mechanism is used to that
                end?</catDesc>
              <category xml:id="DOI">
                <catDesc>
                  <num type="boolean" value="0"/>
                </catDesc>
              </category>
              <category xml:id="ARK">
                <catDesc>
                  <num type="boolean" value="0"/>
                </catDesc>
              </category>
              <category xml:id="URN">
                <catDesc>
                  <num type="boolean" value="0"/>
                </catDesc>
              </category>
              <category xml:id="PURL.ORG">
                <catDesc>
                  <num type="boolean" value="0"/>
                </catDesc>
              </category>
              <category corresp="#other">
                <catDesc>
                  <num type="boolean" value="0"/>
                </catDesc>
                <category corresp="#free">
                  <gloss/>
                </category>
              </category>
              <category xml:id="persistent_URLs">
                <catDesc>
                  <num type="boolean" value="1"/>
                </catDesc>
              </category>
              <category corresp="#none">
                <catDesc>
                  <num type="boolean" value="0"/>
                </catDesc>
              </category>
            </category>
            <category xml:id="citation">
              <catDesc>
                <ref target="#K6.3">cf. Catalogue 6.3</ref>
              </catDesc>
              <catDesc>Does the text collection supply citation guidelines?</catDesc>
              <catDesc>
                <num type="boolean" value="1"/>
              </catDesc>
            </category>
            <category xml:id="archiving">
              <catDesc>
                <ref target="#K6.4">cf. Catalogue 6.4</ref>
              </catDesc>
              <catDesc>Does the documentation include information about the long term sustainability
                of the basic data (archiving of the data)?</catDesc>
              <catDesc>
                <num type="boolean" value="0"/>
              </catDesc>
            </category>
            <category xml:id="curation">
              <catDesc>
                <ref target="#K6.4">cf. Catalogue 6.4</ref>
              </catDesc>
              <catDesc>Does the project provide information about institutional support for the
                curation and sustainability of the project?</catDesc>
              <catDesc>
                <num type="boolean" value="0"/>
              </catDesc>
            </category>
            <category xml:id="completion">
              <catDesc>
                <ref target="#K6.4">cf. Catalogue 6.4</ref>
              </catDesc>
              <catDesc>Is the text collection completed?</catDesc>
              <catDesc>
                <num type="boolean" value="1"/>
              </catDesc>
            </category>
          </category>
        </taxonomy>
      </classDecl>
    </encodingDesc>
  </teiHeader>
  <text>
    <body>
      <div type="abstract">
        <p>This review discusses the web-based platform <emph>Varitext</emph> that up to now
          provides free-of-charge access to the <emph>Corpus des vari&#xE9;t&#xE9;s nationales du
            fran&#xE7;ais (CoVaNa-FR)</emph> and is designed to assimilate further linguistic
          corpora of other languages in the future. The aim of <emph>Varitext</emph> is to make
          available large-scale resources of so-called &#x2018;pluricentric&#x2019; languages
          focussing on the national variations of the respective standard languages. At present
          French standard varieties in CoVaNa-FR are represented by texts of the francophone daily
          press. <emph>Varitext</emph> offers a working environment making it possible to analyse
          the corpus of standard varieties with primary regard to lexical and statistical
          aspects.</p>
      </div>
      <div type="text">
        <figure>
          <head>Fig. 1: Die webbasierte Plattform <emph>Varitext</emph></head>
          <graphic url="wp-content/uploads/issue_6/Varitext/pictures/picture-1.png"/>
        </figure>
        <p>Das Projekt <emph>Varitext</emph> hat zum Ziel, Textressourcen, und zwar konkret
          linguistische Korpora, sowie eine online zug&#xE4;ngliche Arbeitsumgebung f&#xFC;r deren
          Analyse bereitzustellen. Dabei sei unter Textressourcen allgemein jede beliebige Art von
          digitaler Textsammlung verstanden, unter einem linguistischen Korpus hingegen speziell
          eine zu sprachwissenschaftlichen Zwecken zusammengestellte und aufbereitete digitale
          Textsammlung (s. u.). <emph>Varitext</emph> ist zugleich jene webbasierte Arbeitsumgebung
            (<emph>platforme</emph>), die Zugang zu den Korpora und den damit verkn&#xFC;pften
          Analysetools verschafft (siehe Fig. 1).</p>
        <p>Ins Leben gerufen und getragen ist das Projekt laut Internetseite vom Romanischen Seminar
          der Universit&#xE4;t zu K&#xF6;ln und vom <emph>Laboratoire Lexique, Dictionnaire,
            Informatique</emph> (LDI) der Universit&#xE4;t Paris 13. Haupts&#xE4;chlich gestaltet
          und betreut wird <emph>Varitext</emph> von Sascha Diwersy. Zielgruppe sind laut Webseite
          Forschende, Lehrende und Studierende, die sich f&#xFC;r die Erforschung und Analyse
          sprachlicher Variet&#xE4;ten interessieren. Zum Entstehungskontext und zu den Bedingungen,
          unter denen das Projekt realisiert wird und wurde, werden leider keine Angaben gemacht.
          Ebenso finden sich bedauerlicherweise keine Angaben dazu, in welchem konkreten
          finanziellen und institutionellen Rahmen das Projekt weiter verfolgt wird. Beschreibungen,
          Hilfstexte und Arbeitsoberfl&#xE4;che sind bislang ausschlie&#xDF;lich in
          franz&#xF6;sischer Sprache gehalten. <emph>Varitext</emph> ist einfach und frei online
          erreichbar und verwendbar; es gen&#xFC;gen eine Registrierung und die Best&#xE4;tigung
          durch das Team hinter <emph>Varitext</emph>.</p>
        <p>Das Fernziel von <emph>Varitext</emph> ist es, Korpora zu (Standard-)Variet&#xE4;ten
          unterschiedlicher (und durchaus nicht nur romanischer) Sprachen zu sammeln und f&#xFC;r
          die Analyse zug&#xE4;nglich zu machen: &#x201E;As is indicated by its name, it is open to
          host corpora for other languages compiled according to the same rationale of large scale
          variationist research in a pluricentric perspective.&#x201C; (Diwersy 2014, 51). Bisher
          bietet die Plattform Zugang zu einem franz&#xF6;sischen Korpus, dem CoVaNa-FR:
            <emph>Corpus des vari&#xE9;t&#xE9;s nationales du fran&#xE7;ais</emph>. Die Integration
          eines Korpus spanischer Texte ist Diwersy (2014, 51) zufolge in Arbeit und die
          Zusammenstellung weiterer Korpora (Portugiesisch, Russisch, Arabisch) zumindest geplant.
          Zu Anpassungen der Plattform, z. B. sprachlicher oder technischer Art, die durch eine
          solche Erweiterung durch andere Sprachen notwendig werden k&#xF6;nnen, sind derzeit noch
          keine Informationen verf&#xFC;gbar.</p>
        <p>&#xDC;ber den genauen Inhalt des Korpus CoVaNa-FR, die Aufbereitung, die Annotation und
          die linguistische Einordnung des Korpus informiert ein Aufsatz Sascha Diwersys (2014)
          (leider nicht <emph>Varitext</emph> selbst, s. u.). CoVaNa-FR stellt ein
          schriftsprachliches Korpus dar und setzt sich (bislang) aus Texten der frankophonen Presse
          in Frankreich, Kanada, der Schweiz sowie mehreren afrikanischen Staaten zusammen, und
          zwar: Elfenbeink&#xFC;ste, Marokko, Algerien, der Demokratischen Republik Kongo, Mali,
          Kamerun, Senegal und Tunesien. Geplant ist eine Erweiterung um andere schriftsprachliche,
          n&#xE4;mlich fiktionale und akademische Texte. Mit einer solchen Ressource wird in der
          Tat, wie Sascha Diwersy (2014, 48) meint, ein wichtiges Desiderat innerhalb der
          Dokumentation und Erforschung des Franz&#xF6;sischen angegangen. Zwar ist das
          Franz&#xF6;sische durch diverse Korpora dokumentiert:<note xml:id="ftn1" n="1">Zum
            Franz&#xF6;sischen steht bislang kein ausgewogenes Referenzkorpus in dem Sinne zur
            Verf&#xFC;gung, wie es z.B. f&#xFC;r das Deutsche mit dem DeReKo (Deutsches
            Referenzkorpus) des Instituts f&#xFC;r deutsche Sprache der Fall ist. An einem
              <emph>Corpus de r&#xE9;f&#xE9;rence du fran&#xE7;ais contemporain</emph> arbeiten
            jedoch Dirk Siepmann, Christoph B&#xFC;rgel und Sascha Diwersy (2016).</note> so bietet
          die Ressource <emph>Frantext</emph> z. B. einen &#x201E;panchronen&#x201C; (Pusch 2014,
          183) Zugang zu franz&#xF6;sischen Texten mehrerer Jahrhunderte, bei denen es sich im Kern
          um literarische, essayistische, philosophische und wissenschaftliche Werke handelt; zum
          Teil l&#xE4;sst sich die Textsammlung als linguistisches Korpus im engeren Sinne nutzen.
          Eine Vielzahl gr&#xF6;&#xDF;erer und kleinerer Projekte dokumentieren unterdessen das
          gesprochene Franz&#xF6;sisch, wie z. B. <emph>Corpus de R&#xE9;f&#xE9;rence du
            Fran&#xE7;ais Parl&#xE9;</emph> oder <emph>Corpus de Langue parl&#xE9;e en
            interaction</emph> (CLAPI). Ein umfangreiches linguistisches Korpus zur Variation des
          (Standard-)Franz&#xF6;sischen im internationalen frankophonen Raum, das zudem einfach und
          kostenlos zug&#xE4;nglich ist, gibt es allerdings bislang, soweit ich sehe, nicht (siehe
          z. B. den &#xDC;berblick von Pusch 2014).</p>
        <p>Aus fast jedem der angegebenen frankophonen Staaten sind mindestens zwei verschiedene
          Angebote der nationalen Tagespresse vertreten (z. B. <emph>Le Temps</emph> und <emph>La
            Tribune de Gen&#xE8;ve</emph> f&#xFC;r die Schweiz, <emph>Fraternit&#xE9; Matin</emph>
          und <emph>Notre Voie</emph> f&#xFC;r die Elfenbeink&#xFC;ste). Erhoben wurden f&#xFC;r
          jede Zeitung jeweils alle Ausgaben eines ganzen Jahres oder mehrerer Jahre.
          Schwerpunktm&#xE4;&#xDF;ig sind die Jahre 2007 und 2008 vertreten, das hei&#xDF;t, dass
          fast jedes Presseteilkorpus<note xml:id="ftn2" n="2">Das Gesamtkorpus CoVaNa-FR besteht
            aus Subkorpora auf der Ebene der L&#xE4;nder und ihrer jeweiligen Presse (<emph>presse
              hexagonale</emph>, <emph>presse suisse</emph>, <emph>presse
            maroccaine</emph>&#x2026;). Diese wiederum bestehen aus den Subkorpora, die sich durch
            die Sammlung der Ausgaben eines bestimmten Jahres ergeben (z.B. <emph>Le Monde</emph>
            2007). Ich bezeichne die Subkorpora der ersten Ebene als Presseteilkorpus. Die
            Subkorpora der zweiten Ebene als Ausgabenteilkorpus.</note> die Ausgaben dieser beiden
          oder eines dieser beiden Jahre umfasst. Insgesamt reicht die Zeitspanne, aus der Texte
          erhoben wurden, von 2003 bis 2009. Presse- und Ausgabenteilkorpora k&#xF6;nnen also in
          dieser Hinsicht als vergleichbar angenommen werden. Derzeit umfasst CoVaNa-FR
          ungef&#xE4;hr 419.700.000 Token. Die Gr&#xF6;&#xDF;e der Presseteilkorpora variiert
          zwischen 18,8 Mio. (Elfenbeink&#xFC;ste) und 53,5 Mio. Token (Kanada) (Diwersy 2014, 49),
          in Abh&#xE4;ngigkeit von der Anzahl der verzeichneten Jahrg&#xE4;nge und sicher auch vom
          jeweiligen Angebot der Tageszeitungen.</p>
        <p>Laut Diwersy (2014, 51) liegt das Korpus in XML vor und ist nach Subkorpus, Einzeltext,
          Absatz und Satz strukturiert. Da mit der <emph>Open Corpus Workbench</emph> gearbeitet
          wird, sind die Daten vertikalisiert, also in einer Art Tabelle mit XML-Tags, formatiert.
          Inwieweit die Annotationen kompatibel mit den Empfehlungen der <emph>Text Encoding
            Initiative</emph> sind, wird nicht expliziert. Das Korpus ist mit morphosyntaktischen
            (<emph>Part-of-Speech</emph>) und syntaktischen Informationen (<emph>Parsing</emph>)
          angereichert und dar&#xFC;ber hinaus lemmatisiert. Die Aufbereitung der Texte ist mit
          Hilfe von <emph>Connexor</emph> Tools (Tagger) realisiert worden. <emph>Varitext</emph>
          liefert eine benutzungsfreundliche graphische Oberfl&#xE4;che und umfangreiche
          Auswertungsoptionen, f&#xFC;r deren Aufbau die <emph>Open Corpus Workbench, UCS
            toolkit</emph> 0.6 sowie <emph>R</emph> verwendet wurden (Diwersy 2014, 49-52). Die Art
          der Aufbereitung und Strukturierung der Daten erlaubt eine differenzierte, individuelle
          Korpuskomposition und vielf&#xE4;ltige Analysen und Auswertungen. Die Arbeitsumgebung
          erm&#xF6;glicht Konkordanz- (KWIC-Konkordanzen), Frequenz- und Kookkurenzanalysen (s.
          u.).</p>
        <figure>
          <head>Fig. 2: Zusammenstellung des Untersuchungskorpus. Wahl der Presseteilkorpora</head>
          <graphic url="wp-content/uploads/issue_6/Varitext/pictures/picture-2.png"/>
        </figure>
        <figure>
          <head>Fig. 3: Zusammenstellung des Untersuchungskorpus. Wahl der
            Ausgabenteilkorpora</head>
          <graphic url="wp-content/uploads/issue_6/Varitext/pictures/picture-3.png"/>
        </figure>
        <p>Um Analysen durchf&#xFC;hren zu k&#xF6;nnen, wird zun&#xE4;chst, unterst&#xFC;tzt von der
          Arbeitsoberfl&#xE4;che, ein Untersuchungskorpus zusammengestellt (<emph>cr&#xE9;er ou
            ajouter un sous-corpus</emph>, siehe Fig. 2 und 3).<note xml:id="ftn3" n="3">Alternativ
            kann f&#xFC;r die Erstellung des Untersuchungskorpus die Variante <emph>cr&#xE9;er un
              &#xE9;chantillon &#xE0; partition</emph> gew&#xE4;hlt werden. Die Varianten
            unterscheiden sich im Wesentlichen darin, dass die erste (cr&#xE9;er un copus) einem
            top-down-Prozess entspricht: das Gesamtkorpus wird durch immer detailliertere Kriterien
            gegliedert. Unterdessen bietet die zweite einen schnelleren Zugang zu einem beliebig
            gro&#xDF;en Teilkorpus, das nach einem pr&#xE4;zisen Kriterium wie z. B. Datum gefiltert
            wurde.</note> Es kann jederzeit verfeinert und erweitert, aber leider nicht f&#xFC;r
          einen sp&#xE4;teren Gebrauch gespeichert werden. &#xDC;ber die Presse- und
          Ausgabenteilkorpora hinaus kann das Untersuchungskorpus nach einem genaueren Datum
            (<emph>Date</emph>), nach Themen bzw. Sparten (<emph>section</emph>) und AutorInnen
            (<emph>Auteur</emph>) pr&#xE4;zisiert werden.<note xml:id="ftn4" n="4">Das ebenfalls
            m&#xF6;gliche Kriterium <emph>Titre du Texte</emph> liefert keine Ergebnisse. Weitere
            Filterkriterien sind <emph>code g&#xE9;ographique</emph> und <emph>code
              sous-&#xE9;chantillon</emph>, da jedem Presseteilkorpus ein geographischer Code (z. B.
            CAN f&#xFC;r Kanada) sowie ein Korpus-Code (z. B. PRESSE_CAN) zugeordnet ist. Jedes
            Ausgabenteilkorpus hat ebenfalls einen Code (z. B. DEV_CAN07 f&#xFC;r <emph>Le
              Devoir</emph> 2007, Kanada).</note> H&#xF6;chst problematisch ist allerdings, dass der
          genaue Inhalt, die Gr&#xF6;&#xDF;e und der zeitliche Kontext des Gesamtkorpus sowie seiner
          Subkorpora innerhalb der Arbeitsumgebung <emph>Varitext</emph> an keiner Stelle genau
          beschrieben werden. Die erste Zusammenstellung eines Untersuchungskorpus gleicht demnach
          einer Entdeckungsreise, weil erst im Verlaufe dieses Prozesses nach und nach erschlossen
          werden kann, wie CoVaNa-FR im Einzelnen aufgebaut ist.</p>
        <figure>
          <head>Fig. 4: Eingabe und Differenzierung der gesuchten W&#xF6;rter oder
            Ausdr&#xFC;cke</head>
          <graphic url="wp-content/uploads/issue_6/Varitext/pictures/picture-4.png"/>
        </figure>
        <figure>
          <head>Fig. 5: Pr&#xE4;zisierung der Anfrage. Auswahl der Analysefunktion (KWIC-Konkordanz,
            Frequenz, Kookkurrenz), ggf. Regulierung der Ergebnisanzeige und des Kotextes</head>
          <graphic url="wp-content/uploads/issue_6/Varitext/pictures/picture-5.png"/>
        </figure>
        <figure>
          <head>Fig. 6: Einfache Frequenzanalyse: Lexicogramme von
              <emph>la</emph>+<emph>femme</emph></head>
          <graphic url="wp-content/uploads/issue_6/Varitext/pictures/picture-6.png"/>
        </figure>
        <figure>
          <head>Fig. 7: Kookkurrenzanalyse zu „la femme“, zeigt h&#xE4;ufigste linke (_L) und rechte
            (_R) Kollokatoren aus und gibt entsprechend den Einstellungen in der Anfrage
            statistische Werte aus.</head>
          <graphic url="wp-content/uploads/issue_6/Varitext/pictures/picture-7.png"/>
        </figure>
        <p>Steht das (vorl&#xE4;ufige) Untersuchungskorpus fest, k&#xF6;nnen detaillierte
          Suchanfragen formuliert und entschieden werden, welche Art der Auswertung
          (KWIC-Konkordanzen, Frequenz-, Kookkurrenzanalysen) durchgef&#xFC;hrt werden soll (siehe
          Fig. 4 und 5). Die Bearbeitung der zugrundeliegenden Textbasis (s. o.) erlaubt die Suche
          von exakten Wortformen, Lemmata, Kollokationen und die Verwendung von regul&#xE4;ren
          Ausdr&#xFC;cken. Suchw&#xF6;rter und &#x2013;phrasen k&#xF6;nnen morphosyntaktisch
          spezifiziert werden, und zwar nach Wortart und nach syntaktischen Relationen und
          Funktionen (z. B. <emph>sujet</emph>, <emph>attribut de l&#x2019;objet</emph>,
            <emph>auxiliaire</emph>). Eine Kombination verschiedener Kriterien ist m&#xF6;glich und
          erm&#xF6;glicht komplexe Abfragen. Kookkurrenz- und Frequenzanalyse bieten umfangreiche
          statistische Auswertungen, die in verschiedenen Formaten (Lexikogramm, Tabelle, Graphik)
          dargestellt werden (siehe Fig. 6 und 7).</p>
        <figure>
          <head>Fig. 8: Anzeige der Ergebnisse. Ergebnisse f&#xFC;r KWIC-Konkordanzen zu
              <emph>la</emph>+<emph>femme</emph></head>
          <graphic url="wp-content/uploads/issue_6/Varitext/pictures/picture-8.png"/>
        </figure>
        <p>Die Ausgabe der KWIC-Konkordanzen (m&#xF6;glich bis maximal 10.000 Ergebnisse) erfolgt in
          einer Tabelle, die das Suchwort, die unmittelbaren linken und rechten Nachbarn sowie den
          linksseitigen und rechtsseitigen Kotext (bis zu 50 W&#xF6;rter) &#xFC;bersichtlich
          pr&#xE4;sentiert. Zudem k&#xF6;nnen ggf. die jeweiligen Presseteilkorpora, aus denen die
          Belege stammen, nachvollzogen und weitere Metadaten abgerufen werden (siehe Fig. 8). Die
          Inhalte der Tabellenspalten k&#xF6;nnen zus&#xE4;tzlich sortiert und gefiltert werden. Die
          Ergebnisse sind in Form einer csv-Datei herunterladbar, stehen also bei Bedarf f&#xFC;r
          eine weitere Verarbeitung zur Verf&#xFC;gung. Ein Zugriff auf die Volltexte ist jedoch
          nicht m&#xF6;glich. Die Zugriffsbeschr&#xE4;nkungen verschiedener Art werden nur ungenau
          erl&#xE4;utert und begr&#xFC;ndet; so finden sich im Hilfetext lediglich recht allgemeine
          Hinweise dazu, dass die Ausgabe von Konkordanzen oder der Umfang des Kotextes &#x201E;pour
          des raison d&#x2019;ordre juridique (et technique)&#x201C; begrenzt ist. Deutlich gesagt
          wird, dass aus Gr&#xFC;nden des Copyrights CoVaNa-FR nicht als komplette Ressource
          heruntergeladen werden kann, sondern ausschlie&#xDF;lich in Teilen und &#xFC;ber die
          graphische Benutzungsoberfl&#xE4;che zur Verf&#xFC;gung steht (Diwersy 2014, 49).</p>
        <p>Es k&#xF6;nnen hier nicht alle Funktionen ausf&#xFC;hrlich beschrieben werden:
            <emph>Varitext</emph> ist in jeder Hinsicht ein wertvolles Arbeitsinstrument f&#xFC;r
          die Analyse der franz&#xF6;sischen Sprache. Die drei genannten Auswertungsfunktionen
          qualifizieren es insbesondere f&#xFC;r Fragestellungen im Zusammenhang mit dem Lexikon,
          die Textzusammenstellung f&#xFC;r den Vergleich innerhalb der Frankophonie. Das
          Hilfemen&#xFC; (<emph>Aide</emph>) gibt zu allen Analysefunktionen eine verst&#xE4;ndliche
          und detaillierte Anleitung (in franz&#xF6;sischer Sprache), und die &#xFC;bersichtliche,
          teils anschauliche Darstellung der Ergebnisse erleichtert die Untersuchung und / oder
          Interpretation der Daten. So k&#xF6;nnen die M&#xF6;glichkeiten von <emph>Varitext</emph>
          auch von z. B. Studierenden mit vergleichsweise wenig Aufwand ausgesch&#xF6;pft werden.
          Gleichzeitig bietet die Arbeitsplattform fortgeschrittenen Nutzenden ausreichend
          Differenzierungsm&#xF6;glichkeiten bei der statistischen Auswertung.</p>
        <p>Problematisch, da mehr als l&#xFC;ckenhaft, ist leider insgesamt die Dokumentation und
          Beschreibung der Plattform <emph>Varitext</emph> und des Korpus CoVaNa-FR sowie seiner
          Voraussetzungen, konzeptionellen Verortung und genauen Zielstellung. Dies gilt in
          korpusmethodischer ebenso wie in variationslinguistischer Hinsicht. Zwar hat Sascha
          Diwersy in seinem 2014 ver&#xF6;ffentlichten Beitrag zu den <emph>Proceedings of the First
            Workshop on Applying NLP Tools to Similar Languages, Varieties and Dialects</emph>
          Vieles zu einer solchen Dokumentation beigetragen; jedoch ist fast nichts davon auf der
          Internetseite selbst nachvollziehbar und ist die Publikation dort auch nicht abgelegt oder
          zumindest verlinkt; es findet sich auch kein Hinweis darauf.</p>
        <p>Aus (variet&#xE4;ten-)linguistischer Sicht fehlt eine Beschreibung und Einordnung von
          CoVaNa-FR im Rahmen der Plattform <emph>Varitext</emph> fast vollst&#xE4;ndig. Die
          Kurzvorstellung (<emph>Accueil</emph>, siehe Fig. 1) und die Nutzungsbedingungen
            (<emph>Charte Varitext</emph>) benennen als Inhalt der Textbasis geographische
          Variet&#xE4;ten der afrikanischen und europ&#xE4;ischen Frankophonie: &#x201E;la base
            <emph>Varitext</emph> couvrent une aire g&#xE9;ographique importante dans l'espace
          francophone africain et europ&#xE9;en&#x201C;<note xml:id="ftn5" n="5">Hier wurde Kanada
            vergessen.</note>. In diesem Zusammenhang findet der Begriff &#x201A;vari&#xE9;t&#xE9;s
          nationales&#x2018; Verwendung, der auf der Webseite nicht weiter expliziert wird, sich
          aber auch im Namen der konkreten Textbasis wiederfindet: <emph>COVANA-FR &#x2013; Corpus
            des vari&#xE9;t&#xE9;s nationales du fran&#xE7;ais</emph>. Es ist davon auszugehen, und
          das best&#xE4;tigt Diwersy (2014, 48-49), dass damit auf das Konzept der
          &#x201A;nationalen Variet&#xE4;ten&#x2018; sogenannter plurizentrischer Sprachen abgehoben
          wird. In dessen Sinne versteht z. B. Bernhard P&#xF6;ll unter nationalen Variet&#xE4;ten
          &#x201E;Auspr&#xE4;gungen der jeweiligen Standardvariet&#xE4;t in einem Gebiet, das
          entweder mit einem Staat oder mit einem staats&#xE4;hnlichen Gebilde
          zusammenf&#xE4;llt&#x201C; (P&#xF6;ll 2000, 51). Dies vorausgesetzt, bezieht
            <emph>CoVaNa-FR</emph> sich also auf diejenigen Variet&#xE4;ten des Franz&#xF6;sischen,
          die in den jeweiligen frankophonen Staaten als &#x201E;internes
          Standardfranz&#xF6;sisch&#x201C; anerkannt und als solches zum hexagonalen Standard in
          Beziehung gesetzt werden k&#xF6;nnen (Diwersy 2014, 48). Dies birgt jedoch verschiedene
          Probleme und sollte deshalb keinesfalls unkommentiert bleiben. Die fraglichen Punkte
          sollen hier angedeutet werden:</p>
        <p>Erstens ist die Identifikation von Variations- und Nationengrenze, den der Begriff
            <emph>vari&#xE9;t&#xE9;s nationales</emph> impliziert, nicht unproblematisch (siehe z.
          B. die Diskussion des Begriffs bei Reiffenstein 2001). Diwersy zufolge fokussiert die
          Korpuskonstruktion allerdings &#x201E;elements of endonormative differentiation, i.e. the
          emergence of regionally specific norms compared to a supposed metropolitan standard
          variety of French&#x201C; (Diwersy 2014, 48). Ob solche &#x201E;regionalspezifischen
          Normen&#x201C; mit dem Begriff &#x201A;vari&#xE9;t&#xE9; nationale&#x2018; passend erfasst
          sind, w&#xE4;re zu diskutieren. Diwersy findet hier eine Formulierung, die eigentlich
          f&#xFC;r eine viel offenere begriffliche Konzeption steht und in der Lage w&#xE4;re,
          Heterogenit&#xE4;t innerhalb frankophoner Regionen zu integrieren. Die h&#xF6;chst
          komplexen und je eigenen Verh&#xE4;ltnisse gerade in den multiethnischen und
          multilingualen afrikanischen Staaten lassen &#xFC;berhaupt die Einordnung des
          Franz&#xF6;sischen als &#x201A;nationale&#x2018; Sprache / Variet&#xE4;t in diesen
          ehemaligen Kolonien diskutabel erscheinen.</p>
        <p>Zumal sich zweitens diese &#x201E;nationalen Standardvariet&#xE4;ten&#x201C; in ihren
          Funktionen f&#xFC;r die Sprachgemeinschaften und in ihrer Reichweite durchaus stark
          unterscheiden k&#xF6;nnen (cf. Bickel 2000); Standardsprachen bilden also nicht
          notwendigerweise ein einheitliches und auch kein selbsterkl&#xE4;rendes Ph&#xE4;nomen. In
          den frankophonen Staaten Afrikas h&#xE4;ngt, wie P&#xF6;ll zu entnehmen ist (1998, 95
          ff.), die Reichweite des Franz&#xF6;sischen, zumal des Standardfranz&#xF6;sischen, nicht
          selten von Status, Bildung und ethnischer Zugeh&#xF6;rigkeit der einzelnen Sprechenden ab.
          Bisweilen ist Franz&#xF6;sisch reine Schrift- und Verwaltungssprache. Das trifft so jedoch
          nat&#xFC;rlich nicht f&#xFC;r alle frankophonen Regionen zu. Die hiesige Konzeption von
          Standardsprache und -norm bezieht sich aber ganz offensichtlich allein auf die
          geschriebene Sprache und identifiziert diese mit Standardvariet&#xE4;ten: &#x201E;It
          should be obvious, then, that our present activities focus on diversifying the corpus
          resources, especially with regard to other written genres.&#x201C; (Diwersy 2014, 55).
          Dies wird in <emph>Varitext</emph> weder erw&#xE4;hnt noch begr&#xFC;ndet.</p>
        <p>Drittens ergibt sich aus der (rudiment&#xE4;ren) Beschreibung des Korpus auf der
          Internetseite einerseits und dem manifesten Inhalt des Korpus andererseits zun&#xE4;chst
          der Eindruck, dass hier stillschweigend vorausgesetzt wird, diese &#x201A;nationalen
          (Standard-)Variet&#xE4;ten&#x2018; w&#xFC;rden durch die jeweilige &#xFC;berregionale
          Tagespresse repr&#xE4;sentiert. Das ist sicher keine abwegige Annahme, sie sollte aber
          dennoch begr&#xFC;ndet sein. In seinem Konferenzbeitrag verweist Diwersy (2014, 49) auf
          entsprechende &#xDC;berlegungen zum Verh&#xE4;ltnis zwischen Presse und Norm und betont
          auch, dass ein Ausbau des Korpus um weitere Textsorten vorgesehen ist:</p>
        <quote>
          <p>Due to its focus on endonormative differentiation, the CoVaNa-FR is less balanced with
            respect to genre than similar corpora for other languages [&#x2026;] The initial version
            of the CoVaNa-FR, accessible on the Varitext platform, is made up of journalistic texts
            published by national newspapers in different Francophone countries in Africa, Europe
            and North America. The choice of national newspapers as primary sources is based on the
            assumption made by Glessgen (2007: 97) that these are particularly representative of
            contemporary standard varieties (&#x2026;).</p>
          <ref>(Diwersy 2014, 49)</ref>
        </quote>
        <p>Es l&#xE4;sst sich diskutieren, ob Pressetexte Standardvariet&#xE4;ten
          &#x201E;repr&#xE4;sentieren&#x201C; oder ob nicht vielmehr eine enge, wechselseitige
          Beziehung zwischen der Sprache &#xFC;berregionaler Presseerzeugnisse und sprachlichen
          Normen angenommen werden muss (siehe hierzu z. B. Burr 2004; Burkhardt et al. in
          Vorbereitung); und es muss gefragt werden, ob Pressetexte <emph>allein</emph> in der Lage
          sind f&#xFC;r Standardvariet&#xE4;ten zu stehen, auch wenn das nur vor&#xFC;bergehend der
          Fall ist. Die Bezeichnung des bisherigen Korpus oder / und dessen Beschreibung sollten
          diesen Einschr&#xE4;nkungen gegebenenfalls Rechnung tragen.<note xml:id="ftn6" n="6">Da
            sich das Korpus ausdr&#xFC;cklich auch an Studierende richtet, sollte das schon aus
            didaktischen Gr&#xFC;nden geschehen.</note></p>
        <p>Insgesamt w&#xE4;re f&#xFC;r die Nutzung der Ressource als linguistisches Korpus im
          engeren Sinne die Dokumentation <list type="labeled">
            <item><label>a)</label> der linguistischen Verortung,</item>
            <item><label>b)</label> des Korpusdesigns in Bezug auf die linguistische
              Konzeption,</item>
            <item><label>c)</label> der Einschr&#xE4;nkungen und (vor&#xFC;bergehenden)
              L&#xFC;cken</item>
          </list>
          <emph>unmittelbar im Rahmen der Pr&#xE4;sentation des Korpus</emph> mehr als
          w&#xFC;nschenswert. Dies gilt ebenso f&#xFC;r eine Beschreibung <list type="labeled">
            <item><label>d)</label> der genauen Korpuszusammensetzung (Inhalt, Gr&#xF6;&#xDF;e,
              Formate),</item>
            <item><label>e)</label> seiner Aufbereitung und Annotation und</item>
            <item><label>f)</label> der daraus resultierenden Potentiale.</item>
          </list> Tats&#xE4;chlich findet sich nur in den Nutzungsbedingungen von
            <emph>Varitext</emph> ein knapper Hinweis auf das XML-Format sowie auf PoS-Tagging,
          Lemmatisierung und Parsing. Dass das Korpus &#xFC;berhaupt und ausschlie&#xDF;lich
          Pressetexte enth&#xE4;lt, &#x201E;entdeckt&#x201C; die Nutzerin des Korpus erst, wenn sie
          beginnt, ein Untersuchungskorpus zusammenzustellen (s. o.).</p>
        <p>Dass CoVaNa-FR nicht nur als linguistisches Korpus gedacht ist (dies vermittelt zumindest
          der Name), sondern als solches nutzbar ist, steht dabei au&#xDF;er Frage. Unter einem
          linguistischen Korpus im engeren Sinne verstehe ich in Anlehnung an Biber, Conrad und
          Reppen (1998, 246) sowie Burr (2004, 136-137) eine Sammlung elektronisch vorliegender
          Texte, die a) authentischen sozialen Kontexten entstammen, b) genau so, wie sie dort
          vorkamen, in das Korpus aufgenommen worden sind und c) mit Annotationen versehen sind, die
          mindestens die Zuordnung der Daten zu ihrem (zeitlichen, r&#xE4;umlichen usw.) Kontext
          erlauben. Ein linguistisches Korpus unterscheidet sich zudem von anderen
          &#x201A;Textkollektionen&#x2018; durch seine &#xFC;berlegte Zusammenstellung und
          Bearbeitung f&#xFC;r linguistische Untersuchungen. In diesem Sinne definiert John
          Sinclair: <quote>
            <p>A corpus is a collection of pieces of language text in electronic form, selected
              according to external criteria to represent, as far as possible, a language or
              language variety as a source of data for linguistic research.</p>
            <ref>(Sinclair 2005, o. S.)</ref>
          </quote> Das dr&#xFC;ckt sich im Falle der Textbasis von <emph>Varitext</emph> nicht nur
          in der Zusammenstellung nach externen Kriterien aus, wie es Sinclair fordert,<note
            xml:id="ftn7" n="7">Mit externen Kriterien ist die kommunikative Funktion von Texten
            gemeint, mit internen konkrete sprachliche Merkmale, die Sinclair (2005) zufolge jedoch
            nicht Auswahlkriterium, sondern vielmehr Gegenstand der Untersuchung sein sollen.</note>
          sondern eben auch in der umfangreichen linguistischen Annotation, die konkrete
          sprachwissenschaftliche Analysen st&#xFC;tzt.</p>
        <p>Ein wichtiges Kriterium ist dar&#xFC;ber hinaus aber auch, dass das Korpus
          ausgew&#xE4;hlte und beschreibbare Sprachausschnitte enth&#xE4;lt, die geeignet sind, eine
          Sprache oder einen bestimmten Teil der Sprache (z. B. eine Variet&#xE4;t) in gewisser
          Hinsicht zu repr&#xE4;sentieren; die sich daraus ergebende Zusammensetzung bestimmt
          erheblich mit, welche Fragestellungen mit Hilfe des Korpus bearbeitet werden k&#xF6;nnen:
          &#x201E;The representativeness of the corpus, in turn, determines the kinds of research
          questions that can be addressed and the generalizability of the results of the
          research.&#x201C; (Biber, Conrad, and Reppen 1998, 246). Jedoch erfordert sowohl die
          Beurteilung der &#x201A;Repr&#xE4;sentativit&#xE4;t&#x2018; eines Korpus in Bezug auf eine
          bestimmte Variet&#xE4;t als auch die Einsch&#xE4;tzung, inwieweit die Ergebnisse von
          Datenanalysen verallgemeinerbar sein werden, als auch die Antizipation m&#xF6;glicher
          Fragestellungen, die mit Hilfe eines Korpus beantwortet werden k&#xF6;nnten, gerade eine
          transparente, umfangreiche und methodisch wie konzeptionell fundierte Dokumentation.</p>
        <p>Die Arbeitsplattform <emph>Varitext</emph> und das bisher enthaltene linguistische Korpus
            <emph>Corpus des vari&#xE9;t&#xE9;s nationales du fran&#xE7;ais</emph> stellen eine
          vielversprechende Ressource f&#xFC;r die linguistische, und zwar insbesondere lexikalische
          und lexikologische Analyse franz&#xF6;sischer Variet&#xE4;ten in Europa, Afrika und
          Nordamerika dar. Zum jetzigen Zeitpunkt l&#xE4;sst sich das Korpus dabei in erster Linie
          als &#x201A;Korpus frankophoner Pressesprachen&#x2018; nutzen. Die Arbeitsumgebung
            <emph>Varitext</emph> bietet einen vergleichsweise benutzungsfreundlichen Zugang zum
          Textkorpus und stellt erhellende automatische Analysen sowie statistische Auswertungen
          bereit. Als dringend erforderlich erweist sich eine transparentere Darstellung und
          Beschreibung des Projekts, der Plattform und vor allem des Korpus; dies gilt sowohl in
          Hinsicht auf die methodische und inhaltliche Korpuskonstruktion als auch auf die
          sprachwissenschaftliche Verortung seines Inhalts. Eine solche Dokumentation stellt (einmal
          ganz abgesehen von ihrem Interessantheitswert) aus korpuslinguistischer Sicht die
          Voraussetzung f&#xFC;r eine ad&#xE4;quate Nutzung der Ressource und die anschlie&#xDF;ende
          Bewertung der Ergebnisse dar.</p>
      </div>
      <div type="references">
        <listBibl>
          <bibl>Analyse et traitement informatique de la langue fran&#xE7;aise. 2017. &#x201C;Base
            textuelle FRANTEXT.&#x201C; <ptr target="http://www.frantext.fr/"/> (accessed
            30.05.2017).</bibl>
          <bibl>Biber, Douglas, Susan Conrad, and Randi Reppen. 1998. <emph>Corpus Linguistics:
              Investigating language structure end use.</emph> Cambridge: Cambridge University
            Press.</bibl>
          <bibl>Bickel, Hans. 2000. &#x201C;Deutsch in der Schweiz als nationale Variet&#xE4;t des
            Deutschen.&#x201C; <emph>Sprachreport</emph> (4): 21-27.</bibl>
          <bibl>Burkhardt, Julia, Elena Potapenko, Rebekka Sierig, and Aram&#xED;s Concepci&#xF3;n
            Dur&#xE1;n. In Vorbereitung. &#x201C;Leipziger FrItz-Korpus: Das Korpus
            franz&#xF6;sischer und italienischer Zeitungssprache und seine Auszeichnung.&#x201C;
              <emph>Romanische Studien.</emph></bibl>
          <bibl>Burr, Elisabeth. 2004. &#x201C;Das Korpus romanischer Zeitungssprachen in Forschung
            und Lehre.&#x201C; In <emph>Romanistik und neue Medien: Romanistisches Kolloquium
              XVI</emph>, edited by Wolfgang Dahmen, G&#xFC;nter Holtus, Johannes Kramer, Michael
            Metzeltin, Wolfgang Schweickard, and Otto Winkelmann, 133-162. T&#xFC;bingen:
            Narr.</bibl>
          <bibl>Laboratoire ICAR. 2014. &#x201C;Corpus de Langue parl&#xE9;e en interaction.&#x201C;
              <ptr target="https://web.archive.org/save/_embed/http://clapi.ish-lyon.cnrs.fr/"
            />.</bibl>
          <bibl>Diwersy, Sascha. 2014. &#x201C;The Varitext platform and the Corpus des
            vari&#xE9;t&#xE9;s nationales du fran&#xE7;ais (CoVaNa-FR) as resources for the study of
            French from a pluricentric perspective.&#x201C;&#xA0;<emph>Proceedings of the First
              Workshop on Applying NLP Tools to Similar Languages, Varieties and Dialects</emph>:
            48-57. doi: 10.3115/v1/W14-5306.</bibl>
          <bibl>P&#xF6;ll, Bernhard. 1998. <emph>Franz&#xF6;sisch au&#xDF;erhalb Frankreichs:
              Geschichte, Status und Profil regionaler und nationaler Variet&#xE4;ten.</emph>
            T&#xFC;bingen: Niemeyer.</bibl>
          <bibl>P&#xF6;ll, Bernhard. 2000. &#x201C;Plurizentrische Sprachen im
            Fremdsprachenunterricht (am Beispiel des Franz&#xF6;sischen)&#x201C; In <emph>Normen im
              Fremdsprachenunterricht</emph>, edited by Wolfgang B&#xF6;rner, Wolfgang and Klaus
            Vogel, 51-63. T&#xFC;bingen: Narr.</bibl>
          <bibl>Pusch, Claus D. 2014. &#x201C;Les corpus romans contemporains.&#x201C; In
              <emph>Manuels des languges romanes</emph>, edited by Andre Klump, Johannes Kramer and
            Aline Willems, 173-196. Berlin / Boston: de Gruyter.</bibl>
          <bibl>Reiffenstein, Ingo. 2010. &#x201C;Das Problem der nationalen Variet&#xE4;ten.
            Rezensionsaufsatz zu Ulrich Ammon: Die deutsche Sprache in Deutschland, &#xD6;sterreich
            und der Schweiz. Das Problem der nationalen Variet&#xE4;ten, Berlin/New York
            1995.&#x201C; <emph>Zeitschrift f&#xFC;r Deutsche Philologie</emph> 1: 78-89. <ptr
              target="https://www.zfdphdigital.de/ZFDPH.01.2001.078"/> (accessed 10.04.2017).</bibl>
          <bibl>Siepmann, Dirk, Christoph B&#xFC;rgel, and Sascha Diwersy. 2016. &#x201C;Le Corpus
            de r&#xE9;f&#xE9;rence du fran&#xE7;ais contemporain (CRFC), un corpus massif du
            fran&#xE7;ais largement diversifi&#xE9; par genres.&#x201D; In <emph>SHS Web of
              Conferences</emph> (27): 11002. doi: 10.1051/shsconf/20162711002.</bibl>
          <bibl>Sinclair, John. 2005. &#x201C;Corpus and Text: Basic Principles.&#x201C; In
              <emph>Developing Linguistic Corpora: a Guide to Good Practice</emph>, edited by Martin
            Wynne. Oxford: Oxbow Books <ptr
              target="https://web.archive.org/web/20170530110622/http://ota.ox.ac.uk/documents/creating/dlc/"
            />.</bibl>
        </listBibl>
      </div>
    </body>
  </text>
</TEI>
