<?xml version="1.0" encoding="utf-8"?>
<TEI xmlns="http://www.tei-c.org/ns/1.0">
  <teiHeader>
    <fileDesc>
      <titleStmt>
        <title>Review for "Nietzschesource"</title>
        <respStmt>
          <resp>author</resp>
          <name>
            <persName>
              <forename xml:id="reviewer_forename" rend="text" style="required"><note rend="label">First Name</note>Philipp</forename>
              <surname xml:id="reviewer_surname" rend="text" style="required"><note rend="label">Surname</note>Steinkrüger</surname>
            </persName>
            <affiliation>
              <orgName xml:id="reviewer_organization" rend="text"><note rend="label">Organization</note>KU LEUVEN</orgName>
              <placeName xml:id="reviewer_place" rend="text"><note rend="label">Place</note>Leuven, Belgium</placeName>
            </affiliation>
            <email xml:id="reviewer_email" rend="text" style="required"><note rend="label">Email</note>philipp.steinkrueger (at) hiw.kuleuven.be</email>
          </name>
        </respStmt>
      </titleStmt>
      <publicationStmt>
        <publisher>Institut für Dokumentologie und Editorik</publisher>
        <date>2014-05-25_14-27-04</date>
        <idno type="issue">1</idno>
      </publicationStmt>
      <notesStmt>
        <relatedItem>
          <biblStruct>
            <monogr>
              <title xml:id="resource_title" rend="text" style="required"><note rend="label">Title</note>Nietzschesource</title>
              <editor xml:id="resource_editor" rend="text" style="required"><note rend="help">Bibliographical description of responsible personnel</note><note rend="label">Editors</note>Paolo D’Iorio</editor>
              <imprint>
                <date xml:id="resource_date_publication" rend="text" style="required"><note rend="help">Format should be either yyyy, yyyyff. or yyyy-yyyy, e.g. 2007 or 2007-2013.</note><note rend="label">Publication Date</note>2009</date>
              </imprint>
            </monogr>
            <idno xml:id="resource_uri" type="URI" rend="text" style="required">http://www.nietzschesource.org/</idno>
          </biblStruct>
        </relatedItem>
        <note>
          <date xml:id="resource_date_access" type="access" rend="text" style="required"><note rend="label">Date of last access</note>25.05.2014</date>
        </note>
      </notesStmt>
      <sourceDesc>
        <p>Auf der Basis von <ref>http://www.i-d-e.de/aktivitaeten/reviews/criteria-for-reviewing-scholarly-digital-editions-version-1-1</ref></p>
      </sourceDesc>
    </fileDesc>
    <encodingDesc>
      <classDecl>
        <taxonomy>
          <category xml:id="documentation">
            <catDesc rend="label">Documentation</catDesc>
            <category xml:id="biblDesc" rend="radio">
              <catDesc rend="label">Bibliographic description</catDesc>
              <catDesc><ref target="#K1.2">cf. Guidelines 1.2</ref>Is it easily possible to describe the project bibliographically along the schema "responsible editors, publishing/hosting institution, year(s) of publishing"?<num type="boolean" value="1"/></catDesc>
            </category>
            <category xml:id="contributors" rend="radio">
              <catDesc rend="label">Contributors</catDesc>
              <catDesc><ref target="#K1.4">cf. Guidelines 1.4</ref>Are the contributors (editors, institutions, associates) of the project fully documented?<num type="boolean" value="1"/></catDesc>
            </category>
            <category xml:id="contacts" rend="radio">
              <catDesc rend="label">Contacts</catDesc>
              <catDesc><ref target="#K1.5">cf. Guidelines 1.5</ref>Does the project list contact persons?<num type="boolean" value="1"/></catDesc>
            </category>
            <category xml:id="selection">
              <catDesc rend="label">Selection of materials</catDesc>
              <category xml:id="explained" rend="radio">
                <catDesc rend="label">Explanation</catDesc>
                <catDesc><ref target="#K2.1">cf. Guidelines 2.1</ref>Is the selection of materials of the project explicitly documented?<num type="boolean" value="1"/></catDesc>
              </category>
              <category xml:id="reasonable" rend="radio">
                <catDesc rend="label">Reasonability</catDesc>
                <catDesc><ref target="#K2.1">cf. Guidelines 2.1</ref>Is the selection by and large reasonable?<num type="boolean" value="1"/></catDesc>
              </category>
            </category>
            <category xml:id="dataArchive" rend="radio">
              <catDesc rend="label">Archiving of the data</catDesc>
              <catDesc><ref target="#K4.16">cf. Guidelines 4.16</ref>Does the documentation include information about the long term sustainability of the basic data (archiving of the data)?<num type="boolean" value="0"/></catDesc>
              <catDesc rend="help">Choose yes if you have reason to believe that the archiving and long term sustainability of the data is cared for (e.g. because the data is part of a platform that cares for these aspects), even if the documentation makes no explicit statement about it</catDesc>
            </category>
            <category xml:id="aims" rend="radio">
              <catDesc rend="label">Aims</catDesc>
              <catDesc><ref target="#K3.1">cf. Guidelines 3.1</ref>Are the aims and purposes of the project explicitly documented?<num type="boolean" value="1"/></catDesc>
            </category>
            <category xml:id="methods" rend="radio">
              <catDesc rend="label">Methods</catDesc>
              <catDesc><ref target="#K3.1">cf. Guidelines 3.1</ref>Are the methods employed in the project explicitly documented?<num type="boolean" value="0"/></catDesc>
            </category>
            <category xml:id="dataModel" rend="radio">
              <catDesc rend="label">Data model</catDesc>
              <catDesc><ref target="#K3.7">cf. Guidelines 3.7</ref>Does the project document which data model (e.g. TEI) has been used and for what reason?<num type="boolean" value="1"/></catDesc>
            </category>
            <category xml:id="help" rend="radio">
              <catDesc rend="label">Help</catDesc>
              <catDesc><ref target="#K4.15">cf. Guidelines 4.15</ref>Does the project offer help texts concerning the use of the project?<num type="boolean" value="1"/></catDesc>
            </category>
            <category xml:id="citation" rend="radio">
              <catDesc rend="label">Citation</catDesc>
              <catDesc><ref target="#K4.8">cf. Guidelines 4.8</ref>Does the project supply citation guidelines (i.e. how to cite the project or a part of it)?<num type="boolean" value="1"/></catDesc>
            </category>
            <category xml:id="complete" rend="radio">
              <catDesc rend="label">Completion</catDesc>
              <catDesc><ref target="#K4.16">cf. Guidelines 4.16</ref>Does the editon regard itself as a completed project (i.e. not promise further modifications and additions)?<num type="boolean" value="0"/></catDesc>
            </category>
            <category xml:id="institutionalCuration" rend="radio">
              <catDesc rend="label">Institutional Curation</catDesc>
              <catDesc><ref target="#K4.13">cf. Guidelines 4.13</ref>Does the project provide information about institutional support for the curation and sustainability of the project?<num type="boolean" value="1"/></catDesc>
              <catDesc rend="help">Select yes, if there is either an explicit claim that continuous maintenance for the project is provided by some institution or you have strong reason to believe that this is the case, even if it is not explicitly claimed, otherwise select no.</catDesc>
            </category>
          </category>
          <category xml:id="contents">
            <catDesc rend="label">Contents</catDesc>
            <category xml:id="previousEdition" rend="radio">
              <catDesc rend="label">Previous Edition</catDesc>
              <catDesc><ref target="#K2.2">cf. Guidelines 2.2</ref>Has the material been previously edited (in print or digitally)?<num type="boolean" value="1"/></catDesc>
            </category>
            <category xml:id="materialsUsed" rend="radio">
              <catDesc rend="label">Materials Used</catDesc>
              <catDesc><ref target="#K2.2">cf. Guidelines 2.2</ref>Does the edition make use of these previous editions?<num type="booleanX" value="1"/></catDesc>
            </category>
            <category xml:id="introduction" rend="radio">
              <catDesc rend="label">Introduction</catDesc>
              <catDesc><ref target="#K4.15">cf. Guidelines 4.15</ref>Does the project offer an introduction to the subject-matter (the author(s), the work, its history, the theme, etc.) of the project?<num type="boolean" value="0"/></catDesc>
            </category>
            <category xml:id="bibliography" rend="radio">
              <catDesc rend="label">Bibliography</catDesc>
              <catDesc><ref target="#K2.3">cf. Guidelines 2.3</ref>Does the project offer a bibliography?<num type="boolean" value="0"/></catDesc>
            </category>
            <category xml:id="commentary" rend="radio">
              <catDesc rend="label">Commentary</catDesc>
              <catDesc><ref target="#K2.3">cf. Guidelines 2.3</ref>Does the project offer a scholarly commentary (e.g. notes on unclear passages, interpretation, etc.)?<num type="boolean" value="0"/></catDesc>
            </category>
            <category xml:id="contexts" rend="radio">
              <catDesc rend="label">Contexts</catDesc>
              <catDesc><ref target="#K2.3">cf. Guidelines 2.3</ref>Does the project include or link to external resources with contextual material?<num type="boolean" value="0"/></catDesc>
            </category>
            <category xml:id="images" rend="radio">
              <catDesc rend="label">Images</catDesc>
              <catDesc><ref target="#K2.3">cf. Guidelines 2.3</ref>Does the project offer images of digitised sources?<num type="boolean" value="1"/></catDesc>
            </category>
            <category xml:id="imageQuality" rend="radio">
              <catDesc rend="label">Image quality</catDesc>
              <catDesc><ref target="#K4.6">cf. Guidelines 4.6</ref>Does the project offer images of an acceptable quality (e.g. 300dpi resolution)?<num type="booleanX" value="1"/></catDesc>
            </category>
            <category xml:id="transcriptions" rend="radio">
              <catDesc rend="label">Transcriptions</catDesc>
              <catDesc><ref target="#K2.3">cf. Guidelines 2.3</ref>Is the text fully transcribed?<num type="boolean" value="1"/></catDesc>
            </category>
            <category xml:id="textQuality" rend="radio">
              <catDesc rend="label">Text quality</catDesc>
              <catDesc><ref target="#K4.6">cf. Guidelines 4.6</ref>Does the project offer texts of an acceptable quality (typos, errors, etc.)?<num type="boolean" value="1"/></catDesc>
            </category>
            <category xml:id="indices" rend="radio">
              <catDesc rend="label">Indices</catDesc>
              <catDesc><ref target="#K4.5">cf. Guidelines 4.5</ref>Does the project feature compilations indices, registers or visualisations that offer alternative ways to access the material?<num type="boolean" value="0"/></catDesc>
              <catDesc rend="help">Select ‘yes’ if the project offers at least one of the mentioned features.</catDesc>
            </category>
            <category xml:id="documents">
              <catDesc rend="label">Documents</catDesc>
              <category xml:id="docType" rend="multiselect">
                <catDesc rend="label">Types of documents</catDesc>
                <catDesc><ref target="#K1.3 #K2.1">cf. Guidelines 1.3 and 2.1</ref>Which kinds of documents are at the basis of the project?</catDesc>
                <category xml:id="singleManuscript">
                  <catDesc>
                    <num type="boolean" value="0"/>
                  </catDesc>
                  <catDesc rend="label">Single manuscript</catDesc>
                  <catDesc rend="help">a single physical document or a series of documents belonging together, like a multi volume manuscript or a series of notebooks</catDesc>
                </category>
                <category xml:id="singleWork">
                  <catDesc>
                    <num type="boolean" value="0"/>
                  </catDesc>
                  <catDesc rend="label">Single work</catDesc>
                  <catDesc rend="help">a single work, e.g. Plato’s Laches, which might be transmitted in multiple manuscripts</catDesc>
                </category>
                <category xml:id="collectionOfTexts">
                  <catDesc>
                    <num type="boolean" value="0"/>
                  </catDesc>
                  <catDesc rend="label">Collection of texts</catDesc>
                  <catDesc rend="help">several abstract texts across the documents of their transmission, e.g Aristotle’s Physics and Simplicius’ Commentary on Aristotle’s Physics</catDesc>
                </category>
                <category xml:id="collectedWorks">
                  <catDesc>
                    <num type="boolean" value="1"/>
                  </catDesc>
                  <catDesc rend="label">Collected works</catDesc>
                  <catDesc rend="help">a collection of several works of one or several authors, e.g. the works of Plato</catDesc>
                </category>
                <category xml:id="papers">
                  <catDesc>
                    <num type="boolean" value="0"/>
                  </catDesc>
                  <catDesc rend="label">Papers</catDesc>
                  <catDesc rend="help">a collection of personal or family documents or personal papers</catDesc>
                </category>
                <category xml:id="archivalHolding">
                  <catDesc>
                    <num type="boolean" value="0"/>
                  </catDesc>
                  <catDesc rend="label">Archival holding</catDesc>
                  <catDesc rend="help">the collection of a repository</catDesc>
                </category>
                <category xml:id="charters">
                  <catDesc>
                    <num type="boolean" value="0"/>
                  </catDesc>
                  <catDesc rend="label">Charters</catDesc>
                  <catDesc rend="help">texts documenting a legal fact by using a special form supporting its validity, e.g. the Magna Carta</catDesc>
                </category>
                <category xml:id="letters">
                  <catDesc>
                    <num type="boolean" value="0"/>
                  </catDesc>
                  <catDesc rend="label">Letters</catDesc>
                  <catDesc rend="help">letters of one or several authors</catDesc>
                </category>
                <category xml:id="diary">
                  <catDesc>
                    <num type="boolean" value="0"/>
                  </catDesc>
                  <catDesc rend="label">Diary</catDesc>
                  <catDesc rend="help">one or several diaries of one or several authors</catDesc>
                </category>
                <category corresp="#other">
                  <catDesc>
                    <num type="boolean" value="0"/>
                  </catDesc>
                  <catDesc rend="label">other</catDesc>
                  <category corresp="#free">
                    <gloss>choose \'other\' above</gloss>
                  </category>
                </category>
              </category>
              <category xml:id="docTime" rend="multiselect">
                <catDesc rend="label">Document era</catDesc>
                <catDesc><ref target="#K1.3 #K2.1">cf. Guidelines 1.3 and 2.1</ref>What era(s) do the documents belong to?</catDesc>
                <catDesc rend="help">The year dates refer to the Gregorian calendar</catDesc>
                <category xml:id="classics">
                  <catDesc>
                    <num type="boolean" value="0"/>
                  </catDesc>
                  <catDesc rend="label">Classics</catDesc>
                  <catDesc rend="help">before 500 CE</catDesc>
                </category>
                <category xml:id="medieval">
                  <catDesc>
                    <num type="boolean" value="0"/>
                  </catDesc>
                  <catDesc rend="label">Medieval</catDesc>
                  <catDesc rend="help">501 CE until 1500 CE</catDesc>
                </category>
                <category xml:id="earlyModern">
                  <catDesc>
                    <num type="boolean" value="0"/>
                  </catDesc>
                  <catDesc rend="label">Early Modern</catDesc>
                  <catDesc rend="help">1501 CE until 1800 CE</catDesc>
                </category>
                <category xml:id="modern">
                  <catDesc>
                    <num type="boolean" value="1"/>
                  </catDesc>
                  <catDesc rend="label">Modern</catDesc>
                  <catDesc rend="help">1801 CE until today</catDesc>
                </category>
              </category>
            </category>
            <category xml:id="subject" rend="multiselect">
              <catDesc rend="label">Subject</catDesc>
              <catDesc><ref target="#K1.3">cf. Guidelines 1.3</ref>Which perspective(s) do the editors take towards the edited material? How can the edition be classified in general terms?</catDesc>
              <category xml:id="history">
                <catDesc>
                  <num type="boolean" value="0"/>
                </catDesc>
                <catDesc rend="label">History</catDesc>
              </category>
              <category xml:id="philologyLiteraryStudies">
                <catDesc>
                  <num type="boolean" value="1"/>
                </catDesc>
                <catDesc rend="label">Philology / Literary Studies</catDesc>
              </category>
              <category xml:id="philosophyTheology">
                <catDesc>
                  <num type="boolean" value="1"/>
                </catDesc>
                <catDesc rend="label">Philosophy / Theology</catDesc>
              </category>
              <category xml:id="historyOfScience">
                <catDesc>
                  <num type="boolean" value="0"/>
                </catDesc>
                <catDesc rend="label">History of Science</catDesc>
              </category>
              <category xml:id="musicology">
                <catDesc>
                  <num type="boolean" value="0"/>
                </catDesc>
                <catDesc rend="label">Musicology</catDesc>
              </category>
              <category xml:id="artHistory">
                <catDesc>
                  <num type="boolean" value="0"/>
                </catDesc>
                <catDesc rend="label">Art History</catDesc>
              </category>
              <category corresp="#other">
                <catDesc>
                  <num type="boolean" value="0"/>
                </catDesc>
                <catDesc rend="label">other</catDesc>
                <category corresp="#free">
                  <gloss>choose \'other\' above</gloss>
                </category>
              </category>
            </category>
          </category>
          <category xml:id="presentation">
            <catDesc rend="label">Presentation</catDesc>
            <category xml:id="spinOffs" rend="multiselect">
              <catDesc rend="label">Spin-offs</catDesc>
              <catDesc><ref target="#K4.11">cf. Guidelines 4.11</ref>Does the project offer any spin-offs?</catDesc>
              <category xml:id="app">
                <catDesc>
                  <num type="boolean" value="0"/>
                </catDesc>
                <catDesc rend="label">App</catDesc>
                <catDesc rend="help">any application (for personal computer or mobile devices) apart from browsers with which the project can be accessed</catDesc>
              </category>
              <category xml:id="mobile">
                <catDesc>
                  <num type="boolean" value="0"/>
                </catDesc>
                <catDesc rend="label">Mobile</catDesc>
                <catDesc rend="help">a browser-version adapted for mobile devices</catDesc>
              </category>
              <category xml:id="PDF">
                <catDesc>
                  <num type="boolean" value="0"/>
                </catDesc>
                <catDesc rend="label">PDF</catDesc>
                <catDesc rend="help">the project or parts of as PDF files</catDesc>
              </category>
              <category corresp="#other">
                <catDesc>
                  <num type="boolean" value="0"/>
                </catDesc>
                <catDesc rend="label">other</catDesc>
                <catDesc rend="help">other access options apart from HTML-browsers</catDesc>
                <category corresp="#free">
                  <gloss>choose \'other\' above</gloss>
                </category>
              </category>
              <category corresp="#none">
                <catDesc>
                  <num type="boolean" value="1"/>
                </catDesc>
                <catDesc rend="label">none</catDesc>
              </category>
            </category>
            <category xml:id="browseBy" rend="multiselect">
              <catDesc rend="label">Browse by</catDesc>
              <catDesc><ref target="#K4.3">cf. Guidelines 4.3</ref>By which categories does the project offer to browse the contents?</catDesc>
              <category xml:id="authors">
                <catDesc>
                  <num type="boolean" value="0"/>
                </catDesc>
                <catDesc rend="label">Authors</catDesc>
              </category>
              <category xml:id="works">
                <catDesc>
                  <num type="boolean" value="1"/>
                </catDesc>
                <catDesc rend="label">Works</catDesc>
              </category>
              <category xml:id="versions">
                <catDesc>
                  <num type="boolean" value="0"/>
                </catDesc>
                <catDesc rend="label">Versions</catDesc>
              </category>
              <category xml:id="structure">
                <catDesc>
                  <num type="boolean" value="0"/>
                </catDesc>
                <catDesc rend="label">Structure</catDesc>
                <catDesc rend="help">Select this if the project allows browsing by elements used to structure a text, e.g. chapters, sections, paragraphs, etc.</catDesc>
              </category>
              <category xml:id="pages">
                <catDesc>
                  <num type="boolean" value="0"/>
                </catDesc>
                <catDesc rend="label">Pages</catDesc>
              </category>
              <category xml:id="documents2">
                <catDesc>
                  <num type="boolean" value="0"/>
                </catDesc>
                <catDesc rend="label">Documents</catDesc>
                <catDesc rend="help">Select this if the project offers to browse by individual source objects, e.g. by the individual letters in a letter-edition, the individual charters in a charter-edition, etc.</catDesc>
              </category>
              <category xml:id="typeOfMaterial">
                <catDesc>
                  <num type="boolean" value="0"/>
                </catDesc>
                <catDesc rend="label">Type of material</catDesc>
              </category>
              <category xml:id="images2">
                <catDesc>
                  <num type="boolean" value="0"/>
                </catDesc>
                <catDesc rend="label">Images</catDesc>
              </category>
              <category xml:id="dates">
                <catDesc>
                  <num type="boolean" value="0"/>
                </catDesc>
                <catDesc rend="label">Dates</catDesc>
              </category>
              <category xml:id="persons">
                <catDesc>
                  <num type="boolean" value="0"/>
                </catDesc>
                <catDesc rend="label">Persons</catDesc>
              </category>
              <category xml:id="places">
                <catDesc>
                  <num type="boolean" value="0"/>
                </catDesc>
                <catDesc rend="label">Places</catDesc>
              </category>
              <category corresp="#other">
                <catDesc>
                  <num type="boolean" value="0"/>
                </catDesc>
                <catDesc rend="label">other</catDesc>
                <category corresp="#free">
                  <gloss>choose \'other\' above</gloss>
                </category>
              </category>
            </category>
          </category>
          <category xml:id="search">
            <catDesc rend="label">Search</catDesc>
            <category xml:id="simple" rend="radio">
              <catDesc rend="label">Simple</catDesc>
              <catDesc><ref target="#K4.4">cf. Guidelines 4.4</ref>Does the project offer a simple search?<num type="boolean" value="1"/></catDesc>
            </category>
            <category xml:id="advanced" rend="radio">
              <catDesc rend="label">Advanced</catDesc>
              <catDesc><ref target="#K4.4">cf. Guidelines 4.4</ref>Does the project offer an advanced search?<num type="boolean" value="1"/></catDesc>
              <catDesc rend="help">any search that offers more complex search than just a word or a phrase, e.g. boolean operators, wildcards, restricted search, etc.</catDesc>
            </category>
            <category xml:id="wildcard" rend="radio">
              <catDesc rend="label">Wildcards</catDesc>
              <catDesc><ref target="#K4.4">cf. Guidelines 4.4</ref>Does the search support the use of wildcards?<num type="booleanX" value="1"/></catDesc>
              <catDesc rend="help">any search that offers to substitute a defined set of possible characters by special characters, e.g. ‘king*’ searching for ‘king’, ‘kings’, ‘kingdom’, etc.</catDesc>
            </category>
            <category xml:id="index" rend="radio">
              <catDesc rend="label">Index</catDesc>
              <catDesc><ref target="#K4.4">cf. Guidelines 4.4</ref>Does the search offer an index of the searched field?<num type="booleanX" value="1"/></catDesc>
              <catDesc rend="help">Select yes if it is possible to access an index of a search field, e.g. if the search field ‘author’ is present, a list of all authors the project contains is accessible</catDesc>
            </category>
            <category xml:id="suggest" rend="radio">
              <catDesc rend="label">Suggest functionalities</catDesc>
              <catDesc><ref target="#K4.4">cf. Guidelines 4.4</ref>Does the search offer autocompletion or suggest functionalities?<num type="booleanX" value="1"/></catDesc>
              <catDesc rend="help">any search that offers possible search as soon as the first characters are typed into the search field</catDesc>
            </category>
            <category xml:id="helptext" rend="radio">
              <catDesc rend="label">Helptext</catDesc>
              <catDesc><ref target="#K4.4">cf. Guidelines 4.4</ref>Does the project offer help texts for the search?<num type="booleanX" value="1"/></catDesc>
              <catDesc rend="help">texts that explain how to use the search function, e.g. explanation of wildcard characters, operators, etc.</catDesc>
            </category>
          </category>
          <category xml:id="aim">
            <catDesc rend="label">Aim</catDesc>
            <category xml:id="audience" rend="multiselect">
              <catDesc rend="label">Audience</catDesc>
              <catDesc><ref target="#K3.3">cf. Guidelines 3.3</ref>Who is the intended audience of the project?</catDesc>
              <category xml:id="scholars">
                <catDesc>
                  <num type="boolean" value="1"/>
                </catDesc>
                <catDesc rend="label">Scholars</catDesc>
              </category>
              <category xml:id="interestedPublic">
                <catDesc>
                  <num type="boolean" value="1"/>
                </catDesc>
                <catDesc rend="label">Interested public</catDesc>
              </category>
            </category>
            <category xml:id="typology" rend="select">
              <catDesc rend="label">Typology</catDesc>
              <catDesc><ref target="#K3.3 #K5.1">cf. Guidelines 3.3 and 5.1</ref>Which type fits best for the reviewed project?</catDesc>
              <category xml:id="facsimileEdition">
                <catDesc>
                  <num type="boolean" value="0"/>
                </catDesc>
                <catDesc rend="label">Facsimile Edition</catDesc>
                <catDesc rend="help">focuses on the visual layer of texts with additional information for access and understanding; no transcription</catDesc>
              </category>
              <category xml:id="archiveEdition">
                <catDesc>
                  <num type="boolean" value="0"/>
                </catDesc>
                <catDesc rend="label">Archive Edition</catDesc>
                <catDesc rend="help">focuses on the width of a work, the documents of its transmission, its context; aims at completeness</catDesc>
              </category>
              <category xml:id="documentaryEdition">
                <catDesc>
                  <num type="boolean" value="0"/>
                </catDesc>
                <catDesc rend="label">Documentary Edition</catDesc>
                <catDesc rend="help">related to the school of "documentary editing", focusses on the documents rather than on abstract texts; tries to give truthful representations of the documents with (often: diplomatic) transcription and additional information</catDesc>
              </category>
              <category xml:id="diplomaticEdition">
                <catDesc>
                  <num type="boolean" value="0"/>
                </catDesc>
                <catDesc rend="label">Diplomatic Edition</catDesc>
                <catDesc rend="help">focuses on the text (not the visual layer) of documents, tries to give a transcription as accurate as possible</catDesc>
              </category>
              <category xml:id="geneticEdition">
                <catDesc>
                  <num type="boolean" value="0"/>
                </catDesc>
                <catDesc rend="label">Genetic Edition</catDesc>
                <catDesc rend="help">focuses on the genesis of texts, usually on the level of microgenesis (within a document) sometimes on the level of macrogenesis (across documents)</catDesc>
              </category>
              <category xml:id="workCriticalEdition">
                <catDesc>
                  <num type="boolean" value="1"/>
                </catDesc>
                <catDesc rend="label">Work Critical Edition</catDesc>
                <catDesc rend="help">focuses on the (potentially: complete) work of an author, aims at completeness on the level of the abstract work (and what needs to be presented to accomplish this)</catDesc>
              </category>
              <category xml:id="textCriticalEdition">
                <catDesc>
                  <num type="boolean" value="0"/>
                </catDesc>
                <catDesc rend="label">Text Critical Edition</catDesc>
                <catDesc rend="help">focuses on the construction of a "best text" or definitive reading by means of textual criticism</catDesc>
              </category>
              <category xml:id="enrichedEdition">
                <catDesc>
                  <num type="boolean" value="0"/>
                </catDesc>
                <catDesc rend="label">Enriched Edition</catDesc>
                <catDesc rend="help">’Enriched Edition’ describes digital representations of texts that put a particular emphasis on extracting information from the text, e.g. by elaborate indices, extensive comments and annotations on the content, linking of related information, or formal representation of content</catDesc>
              </category>
              <category xml:id="databaseEdition">
                <catDesc>
                  <num type="boolean" value="0"/>
                </catDesc>
                <catDesc rend="label">Database Edition</catDesc>
                <catDesc rend="help">transforms text and documents into structured data to capture the semantic information</catDesc>
              </category>
              <category xml:id="digitalLibrary">
                <catDesc>
                  <num type="boolean" value="0"/>
                </catDesc>
                <catDesc rend="label">Digital Library</catDesc>
                <catDesc rend="help">provides a collection of scholarly material without the approach of critical engagement with single documents, texts, or works; or simple digital facsimiles; not a scholarly digital edition in the sense of the review criteria</catDesc>
              </category>
              <category xml:id="collectionOfTexts2">
                <catDesc>
                  <num type="boolean" value="0"/>
                </catDesc>
                <catDesc rend="label">Collection of Texts</catDesc>
                <catDesc rend="help">textual representations without critical commentary, the application of textual criticism or paratexts that describe, explain or contextualize the texts; not a scholarly digital edition in the sense of the review criteria</catDesc>
              </category>
              <category corresp="#other">
                <catDesc>
                  <num type="boolean" value="0"/>
                </catDesc>
                <catDesc rend="label">other</catDesc>
                <category corresp="#free">
                  <gloss>choose \'other\' above</gloss>
                </category>
              </category>
              <category corresp="#none">
                <catDesc>
                  <num type="boolean" value="0"/>
                </catDesc>
                <catDesc rend="label">none</catDesc>
              </category>
            </category>
          </category>
          <category xml:id="method">
            <catDesc rend="label">Method</catDesc>
            <category xml:id="criticalEditing" rend="multiselect">
              <catDesc rend="label">Critical editing</catDesc>
              <catDesc><ref target="#K3.6">cf. Guidelines 3.6</ref>In how far is the text critically edited?</catDesc>
              <category xml:id="transmissionExamined">
                <catDesc>
                  <num type="boolean" value="0"/>
                </catDesc>
                <catDesc rend="label">Transmission examined</catDesc>
                <catDesc rend="help">attempt to establish the transmission of the text, the results of which are traditionally reflected in a Stemma Codicum</catDesc>
              </category>
              <category xml:id="palaeographicAnnotations">
                <catDesc>
                  <num type="boolean" value="0"/>
                </catDesc>
                <catDesc rend="label">Palaeographic annotations</catDesc>
                <catDesc rend="help">accounts of the palaeographic dimension of a text</catDesc>
              </category>
              <category xml:id="normalization">
                <catDesc>
                  <num type="boolean" value="0"/>
                </catDesc>
                <catDesc rend="label">Normalization</catDesc>
                <catDesc rend="help">has the orthography been normalised according to a chosen standard (e.g. ’seyn’ to ’sein’)</catDesc>
              </category>
              <category xml:id="variants">
                <catDesc>
                  <num type="boolean" value="0"/>
                </catDesc>
                <catDesc rend="label">Variants</catDesc>
                <catDesc rend="help">accounts of textual variants, i.e. textual differences between documents transmitting the same text</catDesc>
              </category>
              <category xml:id="emendation">
                <catDesc>
                  <num type="boolean" value="1"/>
                </catDesc>
                <catDesc rend="label">Emendation</catDesc>
                <catDesc rend="help">corrections or revisions have been applied to the text</catDesc>
              </category>
              <category xml:id="commentaryNotes">
                <catDesc>
                  <num type="boolean" value="0"/>
                </catDesc>
                <catDesc rend="label">Commentary notes</catDesc>
                <catDesc rend="help">comments regarding any of the phenomena mentioned before or other textual phenomena (not regarding the content)</catDesc>
              </category>
              <category corresp="#other">
                <catDesc>
                  <num type="boolean" value="0"/>
                </catDesc>
                <catDesc rend="label">other</catDesc>
                <category corresp="#free">
                  <gloss>choose \'other\' above</gloss>
                </category>
              </category>
              <category corresp="#none">
                <catDesc>
                  <num type="boolean" value="0"/>
                </catDesc>
                <catDesc rend="label">none</catDesc>
              </category>
            </category>
            <category xml:id="standards" rend="radio">
              <catDesc rend="label">Standards</catDesc>
              <catDesc><ref target="#K3.7">cf. Guidelines 3.7</ref>Is the project employing a standardized data model (e.g. TEI)?<num type="boolean" value="1"/></catDesc>
            </category>
            <category xml:id="textType" rend="multiselect">
              <catDesc rend="label">Types of text</catDesc>
              <catDesc><ref target="#K3.5">cf. Guidelines 3.5.</ref>Which kinds or forms of text are presented?</catDesc>
              <category xml:id="facsimiles">
                <catDesc>
                  <num type="boolean" value="1"/>
                </catDesc>
                <catDesc rend="label">Facsimiles</catDesc>
                <catDesc rend="help">any copy of historical documents</catDesc>
              </category>
              <category xml:id="diplomaticTranscriptions">
                <catDesc>
                  <num type="boolean" value="0"/>
                </catDesc>
                <catDesc rend="label">Diplomatic transcription</catDesc>
                <catDesc rend="help">transcription of the document taking account of features like spelling, punctuation, abbreviations, deletions, insertions, alterations, etc.</catDesc>
              </category>
              <category xml:id="editedText">
                <catDesc>
                  <num type="boolean" value="1"/>
                </catDesc>
                <catDesc rend="label">Edited text</catDesc>
                <catDesc rend="help">a reading text as constituted by the editor(s), based on procedures like recensio, examinatio, emendatio, correction, modernization etc.</catDesc>
              </category>
              <category xml:id="translations">
                <catDesc>
                  <num type="boolean" value="0"/>
                </catDesc>
                <catDesc rend="label">Translations</catDesc>
                <catDesc rend="help">any translations into languages different from that of the original text</catDesc>
              </category>
              <category xml:id="commentaries">
                <catDesc>
                  <num type="boolean" value="0"/>
                </catDesc>
                <catDesc rend="label">Commentaries</catDesc>
                <catDesc rend="help">scholarly commentary on the content of the documents</catDesc>
              </category>
              <category xml:id="semanticData">
                <catDesc>
                  <num type="boolean" value="0"/>
                </catDesc>
                <catDesc rend="label">Semantic data</catDesc>
                <catDesc rend="help">transformation of the text (e.g. an account book) into a database or representation of its content as RDF or the like</catDesc>
              </category>
            </category>
          </category>
          <category xml:id="technicalAccessability">
            <catDesc rend="label">Technical accessability</catDesc>
            <category xml:id="persistentIdentification" rend="select">
              <catDesc rend="label">Persistent Identification and Addressing</catDesc>
              <catDesc><ref target="#K4.8">cf. Guidelines 4.8</ref>Are there persistent identifiers and an addressing system for the edition and/or parts/objects of it and which mechanism is used to that end?</catDesc>
              <category xml:id="DOI">
                <catDesc>
                  <num type="boolean" value="0"/>
                </catDesc>
                <catDesc rend="label">DOI</catDesc>
                <catDesc rend="help">Digital Object Identifier according to the definition of the The International DOI Foundation. The DOIs should be resolvable through<ref>http://doi.org/</ref></catDesc>
              </category>
              <category xml:id="URN">
                <catDesc>
                  <num type="boolean" value="0"/>
                </catDesc>
                <catDesc rend="label">URN</catDesc>
              </category>
              <category xml:id="ARK">
                <catDesc>
                  <ref>https://wiki.ucop.edu/display/Curation/ARK</ref>
                  <num type="boolean" value="0"/>
                </catDesc>
                <catDesc rend="label">ARK</catDesc>
                <catDesc rend="help">Archival Resource Key according to the definition of the California Digital Library. An ARK URL contains the label: ‘ark’ after the URL’s hostname.</catDesc>
              </category>
              <category xml:id="PURL.ORG">
                <catDesc>
                  <num type="boolean" value="0"/>
                </catDesc>
                <catDesc rend="label">PURL.ORG</catDesc>
                <catDesc rend="help">Persistent Uniform Resource Locator using the PURL concept and administered by the Online Computer Library Center</catDesc>
              </category>
              <category corresp="#other">
                <catDesc>
                  <num type="boolean" value="0"/>
                </catDesc>
                <catDesc rend="label">other service</catDesc>
                <catDesc rend="help">choose this if an external service other than the above options is used</catDesc>
                <category corresp="#free">
                  <gloss>choose \'other\' above</gloss>
                </category>
              </category>
              <category xml:id="persistentURLs">
                <catDesc>
                  <num type="boolean" value="1"/>
                </catDesc>
                <catDesc rend="label">Persistent URLs</catDesc>
                <catDesc rend="help">choose this if the project promises permanent URLs or uses a local resolving system between URLs and underlying technical addresses but does not use any of the external services mentioned in the options</catDesc>
              </category>
              <category corresp="#none">
                <catDesc>
                  <num type="boolean" value="0"/>
                </catDesc>
                <catDesc rend="label">none</catDesc>
                <catDesc rend="help">choose this if no persistent identifiers and adressing system are used at all</catDesc>
              </category>
            </category>
            <category xml:id="interfaces" rend="multiselect">
              <catDesc rend="label">Interfaces</catDesc>
              <catDesc><ref target="#K4.9">cf. Guidelines 4.9</ref>Are there technical interfaces like OAI-PMH, REST etc., which allow the reuse of the data of the project in other contexts?</catDesc>
              <category xml:id="OAI-PMH">
                <catDesc>
                  <num type="boolean" value="0"/>
                </catDesc>
                <catDesc rend="label">OAI-PMH</catDesc>
              </category>
              <category xml:id="REST">
                <catDesc>
                  <num type="boolean" value="0"/>
                </catDesc>
                <catDesc rend="label">REST</catDesc>
              </category>
              <category xml:id="generalAPI">
                <catDesc>
                  <num type="boolean" value="0"/>
                </catDesc>
                <catDesc rend="label">General API</catDesc>
              </category>
              <category corresp="#other">
                <catDesc>
                  <num type="boolean" value="0"/>
                </catDesc>
                <catDesc rend="label">other</catDesc>
                <category corresp="#free">
                  <gloss>choose \'other\' above</gloss>
                </category>
              </category>
              <category corresp="#none">
                <catDesc>
                  <num type="boolean" value="1"/>
                </catDesc>
                <catDesc rend="label">none</catDesc>
              </category>
              <category corresp="#unknown">
                <catDesc>
                  <num type="boolean" value="0"/>
                </catDesc>
                <catDesc rend="label">unknown</catDesc>
              </category>
            </category>
            <category xml:id="basicDataAccessible" rend="radio">
              <catDesc rend="label">Accessability of the basic data</catDesc>
              <catDesc><ref target="#K4.12">cf. Guidelines 4.12</ref>Is the basic data (e.g. the XML) of the project accessible for each part of the edition (e.g. for a page)?<num type="boolean" value="0"/></catDesc>
              <catDesc rend="help">basic data: the data from which the HTML or other spin-offs have been produced, e.g. the XML of a specific part of the project. If the basic data is only accessible as a download package containing the entire data, select ’no’ here.</catDesc>
            </category>
            <category xml:id="download" rend="radio">
              <catDesc rend="label">Download</catDesc>
              <catDesc><ref target="#K4.9">cf. Guidelines 4.9</ref>Can the entire raw data of the project be downloaded (as a whole)?<num type="boolean" value="0"/></catDesc>
              <catDesc rend="help">can the basic data be downloaded as a whole via HTTP- or FTP-Link, i.e. not only individual parts like the XML of a specific part of the project</catDesc>
            </category>
            <category xml:id="reuse" rend="radio">
              <catDesc rend="label">Reuse</catDesc>
              <catDesc><ref target="#K4.9">cf. Guidelines 4.9</ref>Can you use the data with other tools useful for this kind of content?<num type="boolean" value="0"/></catDesc>
            </category>
            <category xml:id="rights">
              <catDesc rend="label">Rights</catDesc>
              <category xml:id="declared" rend="radio">
                <catDesc rend="label">Declared</catDesc>
                <catDesc><ref target="#K4.13">cf. Guidelines 4.13</ref>Are the rights to (re)use the content declared?<num type="boolean" value="1"/></catDesc>
              </category>
              <category xml:id="license" rend="select">
                <catDesc rend="label">License</catDesc>
                <catDesc><ref target="#K4.8">cf. Guidelines 4.8</ref>Under what license are the contents released?</catDesc>
                <category xml:id="CC0">
                  <catDesc>
                    <num type="boolean" value="0"/>
                  </catDesc>
                  <catDesc rend="label">CC0</catDesc>
                  <catDesc rend="help">Creative Commons license CC0 applied</catDesc>
                </category>
                <category xml:id="CC-BY">
                  <catDesc>
                    <num type="boolean" value="0"/>
                  </catDesc>
                  <catDesc rend="label">CC-BY</catDesc>
                  <catDesc rend="help">Creative Commons license CC-BY applied</catDesc>
                </category>
                <category xml:id="CC-BY-ND">
                  <catDesc>
                    <num type="boolean" value="0"/>
                  </catDesc>
                  <catDesc rend="label">CC-BY-ND</catDesc>
                  <catDesc rend="help">Creative Commons license CC-BY-ND applied</catDesc>
                </category>
                <category xml:id="CC-BY-NC">
                  <catDesc>
                    <num type="boolean" value="1"/>
                  </catDesc>
                  <catDesc rend="label">CC-BY-NC</catDesc>
                  <catDesc rend="help">Creative Commons license CC-BY-NC applied</catDesc>
                </category>
                <category xml:id="CC-BY-SA">
                  <catDesc>
                    <num type="boolean" value="0"/>
                  </catDesc>
                  <catDesc rend="label">CC-BY-SA</catDesc>
                  <catDesc rend="help">Creative Commons license CC-BY-SA applied</catDesc>
                </category>
                <category xml:id="CC-BY-NC-ND">
                  <catDesc>
                    <num type="boolean" value="0"/>
                  </catDesc>
                  <catDesc rend="label">CC-BY-NC-ND</catDesc>
                  <catDesc rend="help">Creative Commons license CC-BY-NC-ND applied</catDesc>
                </category>
                <category xml:id="CC-BY-NC-SA">
                  <catDesc>
                    <num type="boolean" value="0"/>
                  </catDesc>
                  <catDesc rend="label">CC-BY-NC-SA</catDesc>
                  <catDesc rend="help">Creative Commons license CC-BY-NC-SA applied</catDesc>
                </category>
                <category xml:id="PDM">
                  <catDesc>
                    <num type="boolean" value="0"/>
                  </catDesc>
                  <catDesc rend="label">PDM</catDesc>
                  <catDesc rend="help">Work is in the Public Domain</catDesc>
                </category>
                <category corresp="#other">
                  <catDesc>
                    <num type="boolean" value="0"/>
                  </catDesc>
                  <catDesc rend="label">other</catDesc>
                  <category corresp="#free">
                    <gloss>choose \'other\' above</gloss>
                  </category>
                </category>
                <category xml:id="no-licence">
                  <catDesc>
                    <num type="boolean" value="0"/>
                  </catDesc>
                  <catDesc rend="label">No explicit licence / all rights reserved.</catDesc>
                </category>
                <category corresp="#unknown">
                  <catDesc>
                    <num type="boolean" value="0"/>
                  </catDesc>
                  <catDesc rend="label">unknown</catDesc>
                </category>
              </category>
            </category>
          </category>
          <category xml:id="other">
            <catDesc>other values than specified by the given list<num type="boolean" value="0"/></catDesc>
          </category>
          <category xml:id="none">
            <catDesc>none of the values specified by the given list<num type="boolean" value="0"/></catDesc>
          </category>
          <category xml:id="unknown">
            <catDesc>unknown<num type="boolean" value="0"/></catDesc>
          </category>
          <category xml:id="free">
            <catDesc>free text<term type="text"/></catDesc>
          </category>
        </taxonomy>
      </classDecl>
    </encodingDesc>
    <profileDesc>
      <calendarDesc>
        <calendar xml:id="cal_Gregorian">
          <p>Gregorian calendar</p>
        </calendar>
      </calendarDesc>
      <textClass>
        <catRef/>
      </textClass>
    </profileDesc>
  </teiHeader>
  <text>
    <body>
      <div type="abstract">
        <p>This review addresses the digital edition of Nietzsche’s works, <emph>Nietzschesource</emph>. The project presents a definite step ahead in the history of editions of the works of the 19<hi rend="sup">th</hi> century philosopher and writer and offers the best text available to date. Moreover, it includes a growing archive of digital facsimiles of Nietzsche’s manuscripts and thus allows a wide base of scholars to suggest corrections and emendations of the established text. As a digital edition, however, it is in many respects disappointing, for it fails to make use of the great possibilities modern editorial techniques offer, for instance, the possibility to enrich texts with contextual material such as information <anchor xml:id="id__GoBack"/>on persons and places mentioned in the texts.</p>
      </div>
      <div type="text">
        <p>Nietzschesource describes itself as a ‘web site devoted to the publication of scholarly content on the work and life of Friedrich Nietzsche’. So far, two editions of Nietzsche’s work have been made available on Nietzschesource: the <emph>Digitale Kritische Gesamtausgabe Werke und Briefe</emph> (eKGWB) and the <emph>Digitale Faksimile Gesamtausgabe</emph>                (DFGA) of the<emph> Nietzsche Estate</emph>. The eKGWB is based on the latest critical print edition of Nietzsche’s works, the <emph>Gesamtausgabe</emph> edited by Giorgio Colli and Mazzino Montinari (Colli-Montinari) and follows both the text as well as the categorisation of Nietzsche’s writings established by that edition, which are the following: </p>
        <list type="unordered">
          <item>Published works (18 volumes in the eKGWB)</item>
          <item>Private publication (3 volumes)</item>
          <item>Authorised manuscripts (3 documents) </item>
          <item>Posthumous writings (8 documents)</item>
          <item>Posthumous fragments</item>
          <item>Letters (covering 38 years)</item>
        </list>
        <p>The DFGA is an independent contribution of Nietzschesource, at the moment comprising 9000 digitised pages and aiming at providing high-resolution colour-scans of the entire contents of the Nietzsche estate. The scholarly team behind Nietzschesource consists of a group of ten people headed by Paolo D’Iorio; the website is currently managed by the <emph>Association HyperNietzsche</emph>, a non-profit organisation hosted at the École normale supérieure in Paris. </p>
        <p>Nietzschesource is not the first attempt to produce a digital edition of Nietzsche’s works and, as we will see, it falls behind some of the achievements of these earlier attempts. In the world of digital editions, Nietzsche has had a relatively long history, starting with a CD-ROM version by Malcolm Brown published by de Gruyter in 1994 (Brown). Since then there has been the HyperNietzsche project (D'Iorio 2001), whose website first appeared online in 2001, and now Nietzschesource. HyperNietzsche and Nietzschesource, both being directed by D’Iorio and managed by the Association HyperNietzsche, are two closely connected projects<emph>. </emph>Furthermore, navigating to http://www.hypernietzsche.org will redirect you immediately to Nietzschesource, and hence it appears that Nietzschesource is supposed to be the successor of HyperNietzsche and a further development. At the same time, much of the content of HyperNietzsche is still available if one uses a search engine to bypass the start-page. A good entry point is &lt;<ptr target="http://www.hypernietzsche.org/surf_page.php?type=scholarly"/>&gt;. The relation of HyperNietzsche and Nietzschesource is a very interesting issue from a number of viewpoints, but a detailed comparison of the two projects is beyond the scope of this review. I will, however, refer to HyperNietzsche at some points of my criticism of Nietzschesource and it will emerge that, at least in some aspects, HyperNietzsche has to be considered to be superior to its successor project.</p>
        <figure>
          <head>eKGWB main view</head>
          <graphic url="picture-1.png"/>
        </figure>
        <p>To be sure, Nietzschesource is certainly a very good starting-point for the study of the works of Nietzsche. The texts in the eKGWB are presented in an intuitive interface boasting four languages and a lucid, modern design. The screen is always divided into three parts: an area at the top containing the search-function, a navigation-path and the print-button; a collapsible drop-down menu on the left that initially shows the different categories of Nietzsche’s writing and unfolds down to section-level; and the main reading view, appropriately taking up the largest part of the screen. The search-engine allows simple as well as advances queries, which can include rudimentary regular expressions. Typing in a search window will bring up auto-complete suggestions based on a word-list, also showing the number of occurrences of a particular term in the corpus. The advanced search allows different and well-known restrictions-methods: any/all terms, case-sensitivity, and a complex work-selection that can be either set to a certain time-period, a particular work or, in the case of the letters, to a specific recipient or a location from which and/or to which the letter has been sent. In the search-results screen, hits are grouped by work in the left pane and a preview is shown in the central area. Rather unexpectedly, clicking on a particular hit will display the section containing the hit in isolation from its context. A button located in the top area will bring the reader to the normal work-view, but it would serve purposes better to immediately show the hit in its context and guide the eyes of the user by appropriate highlighting of both the section and the search-terms. </p>
        <p>Browsing the contents the eKGWB is straight-forwarded and can hardly be improved. After selecting a work from the left navigation pane, the entire text is loaded into the central reading area while the navigation pane unfolds into a chapter-browser. This is convenient, for it allows the readers to avail themselves of the inbuilt search-function of his browser. Reading longer parts of the text from the screen can prove somewhat exhausting, due to line-spacing, the choice of font and the fact that the length of the lines is determined by the browser window, which, on modern big screen results in very long lines. However, this is a minor point and thanks to the incorporation of numerous corrections on the text of the <emph>Gesamtausgabe</emph>, the eKGWB can pride itself of being the most up-to-date edition of Nietzsche’s works available. All these features should make Nietzschesource the first stop for students of Nietzsche’s work and a great contribution to Nietzsche scholarschip.</p>
        <p>Nietzschesource developed a reference system that allows referring to works, chapters, aphorisms or fragments with human-readable, fixed and therefore citable internet-addresses. For instance, section 18 of the prelude of the <emph>Gay Science, </emph>‘Schmale Seelen’, can be referred to with the URL &lt;<ptr target="http://www.nietzschesource.org/#eKGWB/FW-Vorspiel-18"/>&gt;. At the moment, to obtain such a reference-URL, the reader has to select the relevant section from the navigation pane and then copy the URL from the browser address bar; it would be more convenient to also have appropriate citation information in every referable section in the main reading area. </p>
        <p>The DFGA offers high-res colour facsimiles of several of Nietzsche’s writings, but a quick view of the current contents makes it evident that some work still has to be done. At the moment, the reader will find facsimiles of some published works, as well as proof sheets, manuscripts for printing, loose sheets, notebooks and notepads, but the digitising of such an enormous corpus evidently takes a long time and hence a lot is still unavailable. Studying the facsimiles is facilitated through an image-viewing app that allows not only to zoom in and out, but also to rotate the image and modify contrast, brightness, hue and saturation, features that certainly will be appreciated by those trying to decipher Nietzsche’s handwriting, which, especially when it comes to his notebooks, can be a tricky business.</p>
        <figure>
          <head>Facsimile Viewer in DFGA</head>
          <graphic url="picture-2.png"/>
        </figure>
        <p>In general, a reader unfamiliar with digital editions will feel at home right away when working with Nietzschesource. Hardly any use has been made of the possibilities digital editions offer in favour of classical forms to present editorial action, well known from printed editions: added letters are angle-bracketed and incorporated corrections highlighted with a different background colour. Only the additional information regarding the type of correction offered in a popup window prove to be exceptions to this observation.</p>
        <figure>
          <head>Synoptic view of HyperNietzsche (see &lt;<ptr target="http://www.hypernietzsche.org/navigate.php?sigle=awilliamsigerike-123&amp;mode=synoptic"/>&gt;)</head>
          <graphic url="picture-3.png"/>
        </figure>
        <p>So much for the upside (if, indeed, the last point is considered a plus). The downside looks a bit bleaker. First of all, the most disappointing thing about Nietzschesource is the fact that eKGWB and DFGA are, at present, completely unconnected. To compare the edition with the respective facsimile it is necessary to open two browser windows and find the right facsimile manually (if it is available at all, of course). The idea of layers of texts, which enable the reader to go from an edited text to a diplomatic transcription and from there to the underlying facsimile, is absent from the current version of Nietzschesource. In this respect one cannot help to acknowledge the loss of some features which were already realized in HyperNietzsche: there, several layers were available in a synoptic view (cf. (Saller 2003)), and the manuscript-editions even offered a rhizome-view providing a representation of the evolution of certain works.</p>
        <figure>
          <head>Rhizome-view, allowing the reader to trace the text from Nietzsche’s notebook, over his copybook and the printer’s copy to the final print; see &lt;<ptr target="http://www.hypernietzsche.org/navigate.php?sigle=igerikesikrawehl-117&amp;mode=synoptic"/>&gt;</head>
          <graphic url="picture-4.png"/>
        </figure>
        <p>Secondly, the mark-up of existing textual phenomena is extremely limited. Apart from the above-mentioned addition of missing letters, it seems that the only one other phenomenon that has been marked is letter-spacing. Of course, editors have to make a choice regarding the phenomena they want to record, especially if confronted with a corpus as large as Nietzsche’s. However, some phenomena, for instance strike-through, are so fundamental for a critical edition that the omission to record these has to count as a considerable minus; again, HyperNietzsche did much better in this respect. </p>
        <p>I would like to add a note on the phenomenon of letter-spacing. In the eKGWB, letter-spacing is frequently used both in texts belonging to the category of printed works, as well as in handwritten material such as the letters. If we compare passages of the printed works featuring this phenomenon with their respective manuscripts, we find that Nietzsche, writing by hand, did not space the letters, but underlined them. Thus, his underlining was meant to tell the printer to emphasize the respective words and probably can also be interpreted as an expression of his wish that these words should be letter-spaced assuming, as is plausible, that Nietzsche knew that the printers would make use of this kind of emphasis. The eKGWB edition of the letters also feature letter-spacing and we can assume (since there are no facsimiles of the letters yet, I was unable to confirm this assumption) that the manuscripts of the letters also underline the words that the eKGWB represents as letter-spaced. </p>
        <p>Hence, one could say that the eKGWB is consistent in representing underlining with letter-spacing. However, there is a difference. For while in the case of manuscripts that were meant to be published Nietzsche used underlining as an indication for the printers to emphasize the respective words and in all probability knew that the printers would not use underlining but letter-spacing to realize this indication, this is not the case for the letters. This brings up the question how an editor should deal with textual phenomena such as underlining. The editors of Nietzschesoure have chosen to represent the semantics of the phenomenon: underlining in the case of the published works as well as in the case of the letters was (probably correctly) interpreted as emphasis and this semantic value is, in the edition, represented with letter-spacing. Alternatively, an editor can choose to preserve the textual phenomenon and mark the respective words as underlined. They can then, in a further step, add an interpretation of this phenomenon and decide that underlining has the semantic value of emphasis. The latter method has the advantage of greater flexibility: for the reading texts of the published works it might make sense to use letter-spacing for words marked as underlined in order to stay close to the printed works, which, since Nietzsche saw and approved of them, count as autographs. But for the letters, it might be better to represent underlined words by underlining them. In both cases, given appropriate documentation, the process is transparent to reader and hence open to criticism. This consideration is not meant as criticism of Nietzschesource, for such a criticism would be nit-picking. Also, it is possible that the editors indeed went half the way of the second method: according to their introduction the texts are encoded using TEI and the normal way to encode underlining in TEI would be &lt;emph rend="underlined"&gt;; I cannot confirm that this mark-up has been used because the TEI files are not publically available, but even if this was the case, Nietzschesource makes no use of the separation between textual phenomenon and semantic interpretation by just printing letter-spaced without providing the reader with information regarding the underlying textual phenomenon. </p>
        <p>But at the end of the day, if the eKGWB is consistent in always representing underlining with letter-spacing, nothing is lost to the reader and that is all that counts. But I think the consideration shows an important (possible and desirable) feature of digital scholarly editions, namely to preserve and present textual phenomena and keep them and the editor’s interpretation of them apart (a striking example is the use of underlining in medieval manuscripts: words were underlined for a number of reasons including deletion, indication of proper names and quotes, just to mention a few. Clearly, keeping the textual phenomenon and its interpretation apart is instrumental when editing such a text.) </p>
        <p>This brings us, thirdly, to the important question of documentation. As the case of the letter-spacing shows, the readers are forced to speculate about the textual evidence (or, if available, they have to check the facsimiles themselves), even in case of existing mark-up because no explanation regarding these issues is provided within Nietzschesource (another example is the occurrence of ‘[+ + +]’ in the letters). The same is true for information regarding the technical background of Nietzschesource. We learn from the four-paragraph introduction to the eKGWB that TEI was used to encode the data, but nothing else is revealed (the XML files themselves are not accessible). All in all, ‘minimalistic’ would certainly be a euphemism as far Nietzschesource’s technical and editorial documentation is concerned. In fact, it is a basic editorial duty to make transparent to the reader all symbols used to indicate editorial action, but even after browsing Nietzschesource for hours I could not obtain these information.</p>
        <figure>
          <head>Who is Robert Buddensieg? And where is Pforta, anyway?</head>
          <graphic url="picture-5.png"/>
        </figure>
        <p>Furthermore, it is regrettable that one of the greatest possibilities of digital editions has been neglected, which might be called deep indexing or information enrichment, i.e. the adding of information relevant to the text, for example the identification of named entities and the connection to entities and identifiers from authority files. Especially in the case of letters and diaries this technique can be put to great use, since the readers are usually confronted with a plethora of persons, and about which they are eager to learn more. To accomplish such a task, an increasing number of databases is already available to date, such as GND/PND or VIAF or, for editions mostly concerned with German speaking persons, the Biographie-Portal, which merges ADB, NDB and a few other registers (see &lt;<ptr target="http://www.biographie-portal.eu/"/>&gt;). Even Wikipedia provides a convenient way of linking to their data with the use of unique person-IDs obtainable, in the case of the German Wikipedia, which would probably be the most important for Nietzschesource, through a web interface: &lt;<ptr target="http://toolserver.org/~apper/pd/"/>&gt;. Thus, linking a name with the appropriate ID, and with a little scripting, the student of Nietzsche’s letters could immediately see who Erwin Rohde or Friedrich Ritschl was. A similar point can be made for the occurrence of references to certain writings, especially those of Nietzsche himself: where in the letters is he referring to his works (completed or in progress)? This question could certainly be of interest to the historian of philosophy who tries to trace the genesis of a particular text. Hence, two important functionalities become available as soon as textual entities like persons and works are appropriately tagged: the readers can conveniently obtain contextual information that helps them to understand the text; and it is possible to automatically create indices that can be used to systematically study the text with respect to an indexed item.</p>
        <p>Since it is evident that this sort of additional information can be extremely helpful, it should, if at all possible, always be provided in a digital edition. But there are even more basic kinds of metadata, and it seems that Nietzschesource is not providing them, either. A striking example is the <emph>Idyllen aus Messina</emph>. Opening this work from the list of published works in the eKGWB will give you only the title itself and then immediately the first piece, ‘Prinz Vogelfrei’. But we are not told – at least in the eKGWB, while the DFGA, remarkably, contains this data – that this work was published in the fifth issue of Ernst Schmeitzner’s <emph>Internationale Monatsschrift. </emph>               <emph>Zeitschrift für allgemeine und nationale Kultur und deren Litteratur</emph> or any other relevant information regarding its publication. Nietzsche scholarship has put in an effort to provide these information (Schaberg 1995) and an extract of such findings or at least a reference to it would be of great value to any reader. Again, had work titles been indexed it would have been possible to provide the readers with links to documents relevant for the publication of the <emph>Idyllen</emph>, as e.g. Nietzsche’s letter to the editor of the <emph>Monatsschrift</emph>, Schmeitzner (cf. &lt;<ptr target="http://www.nietzschesource.org/#eKGWB/BVN-1882,227"/>&gt;). One could object that the case of the <emph>Idyllen</emph> is a rather exceptional example and that basic information like the place of publication is available for all or most of the other works. However, the real problem is that they are not available as <emph>formal </emph>metadata, but only as text on the cover-pages of the individual works. This is another example of missing mark-up and results in the impossibility, just to give one example, of automatically creating registers that include the different publishing houses and editors Nietzsche published his works with.</p>
        <p>To sum up, Nietzschesource will certainly be welcomed by scholars working on Nietzsche or related subjects: it is a free of charge, publically available edition of all of his works offering the best text available to date, thanks to the incorporation of the <emph>errata</emph>; a large number of facsimiles can be studied and the search engine can be put to great use. Apart from that, and in view of the criticism advanced above, I conclude that Nietschesource is rather a digitised critical edition than a true digital scholarly edition (Sahle 1:148-155). There are, despite D’Iorio’s claim that Nietzschesourve ‘is not a “digital photocopy” of the <emph>Gesamtausgabe</emph>’ (D’Iorio 2010)<emph>, </emph>only very few features that could not have been accomplished by a printed edition, and some features that a good printed edition surely would have provided, are missing. Compared to other digital editions projects, like for instance the <emph>Diaries of Robert</emph> (Graves-Petter-Roberts 2003), the <emph>Correspondence of Carl Maria von Weber </emph>(Allroggen et al. 2013), the <emph>Correspondence of Alfred Escher</emph> (Jung 2012), or the <emph>Diary of William Godwin </emph>(Myers-O'Shaughnessy-Philip 2010). Nietzschesource has not availed itself of the possibilities that would allow it to meet expectations generally held for digital scholarly editions nowadays. Without access to the XML files or a sufficiently detailed technical documentation, it is unclear to me that it would be possible to implement the following suggestions, but I feel these would immeasurably enhance the existing project: first and most importantly, establishing links between eKGWB and DFGA; secondly, incorporating a layer-model including a diplomatic view; and thirdly, enriching the texts with metadata. Moreover, making the XML files publically available would allow specialists to systematically analyse the corpus as well as make sure that the work the Nietzschesource-team has put into the creation of a TEI-version of Nietzsche’s texts can function as the basis for a future development.</p>
        <p>Given this evaluation of Nietzschesource, the question of its relation to HyperNietzsche is raised once again, especially since D’Iorio has been involved in HyperNietzsche as well. Most of my criticism would have been inapplicable to HyperNietzsche, and we have to wonder why, even if it had proved impossible to carry through the extremely ambitious task HyperNietzsche set for itself, Nietzschesource is significantly below its precursor in terms of methodological aims and design. One could suspect that this is due to the integration of Nietzschesource into the community of other *-source projects, like Wittgensteinsource, or ModernPhilosophiesource (see &lt;<ptr target="http://www.discovery-project.eu/philosource.html"/>&gt;), foisting the Nietzsche-project into a generic framework that cannot accommodate for many features, the lack of which has been criticised above. However, one would expect that something as basic as the mark-up of persons and works should be available in any framework designed to host a great variety of philosophical writers. At any rate, it seems that the different *-source projects really are pretty independent of each other and that Wittgensteinsource, for instance, offers a very neat configurable synoptic viewer including diplomatic transcriptions, just to name one feature (&lt;<ptr target="http://tinyurl.com/cbd8nga"/>&gt;).</p>
        <p>To conclude, Nietzschesource is a great resource for students and scholars of Nietzsche. It offers the best text available to date and is free of cost. It already provides many facsimiles that will allow researchers to challenge the existing editions and hopefully this collection will grow over time. As a digital edition, though, it is, at least in its current state, a disappointment, for the reasons outlined above. The author of this review hopes that the future will allow the team around Nietzschesource to pick up some of the ambitious and fascinating ideas that made HyperNietzsche such an interesting project. </p>
      </div>
      <div type="references">
        <listBibl>
          <bibl>Allroggen, Gerhard et al., eds. <emph>Correspondence of Carl Maria von </emph>Weber<emph>. </emph>Mainz: Akademie der Wissenschaften und der Literatur, 2013. <emph>&lt;</emph>http://www.weber-gesamtausgabe.de<emph>&gt;. </emph>Accessed: 09.04.2014</bibl>
          <bibl>Brown, Malcom. Nietzsche, Kritische Gesamtausgabe Werke. Berlin and New York: Walter de Gruyter, 1990. CD-ROM.</bibl>
          <bibl>Colli, Giorgio, and Mazzino Montinari, eds. Nietzsche, Friedrich. Werke. Kritische Gesamtausgabe. Berlin and New York: Walter de Gruyter, 1967–.</bibl>
          <bibl>D’Iorio, Paolo et al., eds. <emph>HyperNietzsche</emph>. Paris: Association HyperNietzsche, École normale supérieure, 2001.  &lt;<ptr target="http://www.hypernietzsche.org/surf_page.php?type=scholarly"/>&gt;. Accessed: 09.04.2014.</bibl>
          <bibl>D’Iorio, Paolo et al., eds. <emph>Nietzschesource</emph>. Paris: Association HyperNietzsche, École normale supérieure 2009. &lt;<ptr target="http://www.nietzschesource.org"/>&gt;. Accessed: 09.04.2014.</bibl>
          <bibl>D’Iorio, Paolo. “The Digital Critical Edition of the Works and Letters of Nietzsche.” <emph>The Journal of Nietzsche Studies</emph> 40 (2010): 70-80.</bibl>
          <bibl>Graves, Beryl, Christopher Gordon Petter and L. Roberts. <emph>Diary of Robert Graves 1935-39 and ancillary material</emph>. Victoria, B.C.: University of Victoria Libraries, 2002. &lt;<ptr target="http://graves.uvic.ca/graves/site/index.xml"/>&gt;. Accessed: 09.04.2014.</bibl>
          <bibl>Jung, Joseph, ed. <emph>Digitale Briefedition Alfred Escher</emph>. Zürich: Alfred Escher-Stiftung, 2012. &lt;<ptr target="http://www.briefedition.alfred-escher.ch"/>&gt;. Accessed: 09.04.2014.</bibl>
          <bibl>Myers, Victoria, David O'Shaughnessy, and Mark Philp. <emph>The Diary of William Godwin</emph>, eds. Oxford: Oxford Digital Library, 2010. &lt;<ptr target="http://godwindiary.bodleian.ox.ac.uk"/>&gt;. Accessed: 09.04.2014.</bibl>
          <bibl>Sahle, Patrick. <emph>Digitale Editionsformen</emph>. 3 vols. Norderstedt: BoD, 2013.</bibl>
          <bibl>               Schaberg, William. <emph>The Nietzsche Canon: A Publication History and Bibliography</emph>. Chicago: University of Chicago Press, 1995.</bibl>
        </listBibl>
      </div>
    </body>
  </text>
</TEI>
