<?xml version="1.0"?>
<TEI xmlns="http://www.tei-c.org/ns/1.0" xmlns:xsi="http://www.w3.org/2001/XMLSchema-instance"
  xsi:schemaLocation="http://www.tei-c.org/ns/1.0 https://ride.i-d-e.de/wp-content/uploads/schema/ride.xsd">
  <teiHeader>
    <fileDesc>
      <titleStmt>
        <title>Rezension des „Corpus Oral de Referencia de la Lengua Española Contempóranea“</title>
        <respStmt>
          <resp>author</resp>
          <name>
            <persName>
              <forename>Katrin</forename>
              <surname>Betz</surname>
            </persName>
            <affiliation>
              <orgName>Universit&#xE4;t Bamberg</orgName>
              <placeName>Bamberg</placeName>
            </affiliation>
            <email>katrin.betz (at) uni-bamberg.de</email>
          </name>
        </respStmt>
      </titleStmt>
      <publicationStmt>
        <publisher>Institut f&#xFC;r Dokumentologie und Editorik</publisher>
        <date when="2018">2018</date>
        <idno type="issue">9</idno>
        <idno type="URI">http://ride.i-d-e.de/issue-9/corlec</idno>
        <idno type="DOI"/>
        <availability>
          <licence>
            <ref target="http://creativecommons.org/licenses/by/4.0/"/>
          </licence>
        </availability>
      </publicationStmt>
      <notesStmt>
        <relatedItem>
          <biblStruct>
            <monogr>
              <title xml:id="resource_title">CORLEC</title>
              <editor xml:id="resource_editors">Universidad Aut&#xF3;noma de Madrid</editor>
              <respStmt>
                <resp>Editor</resp>
                <persName>
                  <name>Universidad Aut&#xF3;noma de Madrid</name>
                </persName>
              </respStmt>
              <respStmt>
                <resp>Editor</resp>
                <persName>
                  <name>Francisco, Marcos Mar&#xED;n </name>
                </persName>
              </respStmt>
              <respStmt>
                <resp>Contributor</resp>
                <persName>
                  <name>Almudena Ballester, Carrillo</name>
                </persName>
              </respStmt>
              <respStmt>
                <resp>Contributor</resp>
                <persName>
                  <name>Carmen, Santamar&#xED;a Garc&#xED;a</name>
                </persName>
              </respStmt>
              <respStmt>
                <resp>Contributor</resp>
                <persName>
                  <name>Elena, Pertierra Torre&#xF1;o</name>
                </persName>
              </respStmt>
              <respStmt>
                <resp>Contributor</resp>
                <persName>
                  <name>Otilia, Brand&#xC6;o Cardoso dos Santos</name>
                </persName>
              </respStmt>
              <respStmt>
                <resp>Contributor</resp>
                <persName>
                  <name>Pedro, Luis D&#xED;ez Orzas</name>
                </persName>
              </respStmt>
              <imprint>
                <date xml:id="resource_date_publication">1992</date>
              </imprint>
            </monogr>
            <idno xml:id="resource_uri">http://www.lllf.uam.es/ESP/Corlec.html</idno>
          </biblStruct>
        </relatedItem>
        <note>
          <date xml:id="resource_date_access">2018-04-30</date>
        </note>
      </notesStmt>
      <sourceDesc>
        <p>Auf der Basis von
            <ref>http://www.i-d-e.de/publikationen/weitereschriften/criteria-text-collections-version-1-0</ref>
        </p>
      </sourceDesc>
    </fileDesc>
    <encodingDesc>
      <classDecl>
        <taxonomy
          xml:base="https://www.i-d-e.de/publikationen/weitereschriften/criteria-text-collections-version-1-0/">
          <category xml:id="general_information">
            <category xml:id="bibl_desc">
              <catDesc>
                <ref target="#K1.1">cf. Catalogue 1.1</ref>
              </catDesc>
              <catDesc>Can the text collection be identified in terms similar to traditional
                bibliographic descriptions (title, responsible editors, institution, date(s) of
                publication, identifier/address)?</catDesc>
              <catDesc>
                <num type="boolean" value="1"/>
              </catDesc>
            </category>
            <category xml:id="contributors">
              <catDesc>
                <ref target="#K1.3">cf. Catalogue 1.3</ref>
              </catDesc>
              <catDesc>Are the contributors (editors, institutions, associates) of the project
                documented?</catDesc>
              <catDesc>
                <num type="boolean" value="1"/>
              </catDesc>
            </category>
            <category xml:id="contacts">
              <catDesc>
                <ref target="#K1.4">cf. Catalogue 1.4</ref>
              </catDesc>
              <catDesc>Is contact information given?</catDesc>
              <catDesc>
                <num type="boolean" value="1"/>
              </catDesc>
            </category>
          </category>
          <category xml:id="aims">
            <category xml:id="doc_contents">
              <catDesc>
                <ref target="#K2.1">cf. Catalogue 2.1</ref>
              </catDesc>
              <catDesc>Is there a description of the aims and contents of the text
                collection?</catDesc>
              <catDesc>
                <num type="boolean" value="1"/>
              </catDesc>
            </category>
            <category xml:id="purpose">
              <catDesc>
                <ref target="#K2.2">cf. Catalogue 2.2</ref>
              </catDesc>
              <catDesc>What is the purpose of the text collection?</catDesc>
              <category xml:id="research">
                <catDesc>
                  <num type="boolean" value="1"/>
                </catDesc>
              </category>
              <category xml:id="teaching">
                <catDesc>
                  <num type="boolean" value="0"/>
                </catDesc>
              </category>
              <category xml:id="general_purpose">
                <catDesc>
                  <num type="boolean" value="0"/>
                </catDesc>
              </category>
              <category corresp="#other">
                <catDesc>
                  <num type="boolean" value="0"/>
                </catDesc>
                <category corresp="#free">
                  <gloss/>
                </category>
              </category>
            </category>
            <category xml:id="research_type">
              <catDesc>
                <ref target="#K3.1.8">cf. Catalogue 3.1.8</ref>
              </catDesc>
              <catDesc>What kind of research does the collection allow to conduct
                primarily?</catDesc>
              <category xml:id="qualitative">
                <catDesc>
                  <num type="boolean" value="1"/>
                </catDesc>
              </category>
              <category xml:id="quantitative">
                <catDesc>
                  <num type="boolean" value="0"/>
                </catDesc>
              </category>
              <category corresp="#none">
                <catDesc>
                  <num type="boolean" value="0"/>
                </catDesc>
              </category>
            </category>
            <category xml:id="classification">
              <catDesc>
                <ref target="#K2.3">cf. Catalogue 2.3</ref>
              </catDesc>
              <catDesc>How does the text collection classify itself (e.g. in its title or
                documentation)?</catDesc>
              <category xml:id="collection">
                <catDesc>
                  <num type="boolean" value="0"/>
                </catDesc>
              </category>
              <category xml:id="corpus">
                <catDesc>
                  <num type="boolean" value="1"/>
                </catDesc>
              </category>
              <category xml:id="digital_archive">
                <catDesc>
                  <num type="boolean" value="0"/>
                </catDesc>
              </category>
              <category xml:id="digital_library">
                <catDesc>
                  <num type="boolean" value="0"/>
                </catDesc>
              </category>
              <category xml:id="digital_edition">
                <catDesc>
                  <num type="boolean" value="0"/>
                </catDesc>
              </category>
              <category xml:id="portal">
                <catDesc>
                  <num type="boolean" value="0"/>
                </catDesc>
              </category>
              <category xml:id="database">
                <catDesc>
                  <num type="boolean" value="0"/>
                </catDesc>
              </category>
              <category xml:id="no_classification">
                <catDesc>
                  <num type="boolean" value="0"/>
                </catDesc>
              </category>
              <category corresp="#other">
                <catDesc>
                  <num type="boolean" value="0"/>
                </catDesc>
                <category corresp="#free">
                  <gloss/>
                </category>
              </category>
            </category>
            <category xml:id="research_fields">
              <catDesc>
                <ref target="#K2.2">cf. Catalogue 2.2</ref>
              </catDesc>
              <catDesc>To which field(s) of research does the text collection contribute?</catDesc>
              <category xml:id="field_history">
                <catDesc>
                  <num type="boolean" value="0"/>
                </catDesc>
              </category>
              <category xml:id="field_literary_studies">
                <catDesc>
                  <num type="boolean" value="0"/>
                </catDesc>
              </category>
              <category xml:id="field_linguistics">
                <catDesc>
                  <num type="boolean" value="1"/>
                </catDesc>
              </category>
              <category xml:id="field_musicology">
                <catDesc>
                  <num type="boolean" value="0"/>
                </catDesc>
              </category>
              <category xml:id="field_art_history">
                <catDesc>
                  <num type="boolean" value="0"/>
                </catDesc>
              </category>
              <category xml:id="field_archaeology">
                <catDesc>
                  <num type="boolean" value="0"/>
                </catDesc>
              </category>
              <category xml:id="field_philosophy">
                <catDesc>
                  <num type="boolean" value="0"/>
                </catDesc>
              </category>
              <category xml:id="field_religious_studies">
                <catDesc>
                  <num type="boolean" value="0"/>
                </catDesc>
              </category>
              <category xml:id="field_sociology">
                <catDesc>
                  <num type="boolean" value="0"/>
                </catDesc>
              </category>
              <category corresp="#other">
                <catDesc>
                  <num type="boolean" value="0"/>
                </catDesc>
                <category corresp="#free">
                  <gloss/>
                </category>
              </category>
              <category corresp="#none">
                <catDesc>
                  <num type="boolean" value="0"/>
                </catDesc>
              </category>
            </category>
          </category>
          <category xml:id="content">
            <category xml:id="era">
              <catDesc>
                <ref target="#K2.5">cf. Catalogue 2.5</ref>
              </catDesc>
              <catDesc>What era(s) do the texts belong to?</catDesc>
              <category xml:id="era_classics">
                <catDesc>
                  <num type="boolean" value="0"/>
                </catDesc>
              </category>
              <category xml:id="era_medieval">
                <catDesc>
                  <num type="boolean" value="0"/>
                </catDesc>
              </category>
              <category xml:id="era_early_modern">
                <catDesc>
                  <num type="boolean" value="0"/>
                </catDesc>
              </category>
              <category xml:id="era_modern">
                <catDesc>
                  <num type="boolean" value="0"/>
                </catDesc>
              </category>
              <category xml:id="era_contemporary">
                <catDesc>
                  <num type="boolean" value="1"/>
                </catDesc>
              </category>
            </category>
            <category xml:id="language">
              <catDesc>
                <ref target="#K2.5">cf. Catalogue 2.5</ref>
              </catDesc>
              <catDesc>What languages are the texts in?</catDesc>
              <category xml:id="arabic">
                <catDesc>
                  <num type="boolean" value="0"/>
                </catDesc>
              </category>
              <category xml:id="chinese">
                <catDesc>
                  <num type="boolean" value="0"/>
                </catDesc>
              </category>
              <category xml:id="danish">
                <catDesc>
                  <num type="boolean" value="0"/>
                </catDesc>
              </category>
              <category xml:id="english">
                <catDesc>
                  <num type="boolean" value="0"/>
                </catDesc>
              </category>
              <category xml:id="finnish">
                <catDesc>
                  <num type="boolean" value="0"/>
                </catDesc>
              </category>
              <category xml:id="french">
                <catDesc>
                  <num type="boolean" value="0"/>
                </catDesc>
              </category>
              <category xml:id="german">
                <catDesc>
                  <num type="boolean" value="0"/>
                </catDesc>
              </category>
              <category xml:id="greek">
                <catDesc>
                  <num type="boolean" value="0"/>
                </catDesc>
              </category>
              <category xml:id="hebrew">
                <catDesc>
                  <num type="boolean" value="0"/>
                </catDesc>
              </category>
              <category xml:id="hindi">
                <catDesc>
                  <num type="boolean" value="0"/>
                </catDesc>
              </category>
              <category xml:id="italian">
                <catDesc>
                  <num type="boolean" value="0"/>
                </catDesc>
              </category>
              <category xml:id="japanese">
                <catDesc>
                  <num type="boolean" value="0"/>
                </catDesc>
              </category>
              <category xml:id="latin">
                <catDesc>
                  <num type="boolean" value="0"/>
                </catDesc>
              </category>
              <category xml:id="norwegian">
                <catDesc>
                  <num type="boolean" value="0"/>
                </catDesc>
              </category>
              <category xml:id="polish">
                <catDesc>
                  <num type="boolean" value="0"/>
                </catDesc>
              </category>
              <category xml:id="portuguese">
                <catDesc>
                  <num type="boolean" value="0"/>
                </catDesc>
              </category>
              <category xml:id="russian">
                <catDesc>
                  <num type="boolean" value="0"/>
                </catDesc>
              </category>
              <category xml:id="spanish">
                <catDesc>
                  <num type="boolean" value="1"/>
                </catDesc>
              </category>
              <category xml:id="swedish">
                <catDesc>
                  <num type="boolean" value="0"/>
                </catDesc>
              </category>
              <category xml:id="turkish">
                <catDesc>
                  <num type="boolean" value="0"/>
                </catDesc>
              </category>
              <category corresp="#other">
                <catDesc>
                  <num type="boolean" value="0"/>
                </catDesc>
                <category corresp="#free">
                  <gloss/>
                </category>
              </category>
              <category corresp="#free" xml:id="language_note">
                <gloss/>
              </category>
            </category>
            <category xml:id="text_type">
              <catDesc>
                <ref target="#K2.5">cf. Catalogue 2.5</ref>
              </catDesc>
              <catDesc>What kind of texts are in the collection?</catDesc>
              <category xml:id="literary_works">
                <catDesc>
                  <num type="boolean" value="0"/>
                </catDesc>
              </category>
              <category xml:id="private_documents">
                <catDesc>
                  <num type="boolean" value="0"/>
                </catDesc>
              </category>
              <category xml:id="essays">
                <catDesc>
                  <num type="boolean" value="0"/>
                </catDesc>
              </category>
              <category xml:id="newspaper_articles">
                <catDesc>
                  <num type="boolean" value="0"/>
                </catDesc>
              </category>
              <category xml:id="charters">
                <catDesc>
                  <num type="boolean" value="0"/>
                </catDesc>
              </category>
              <category xml:id="inscriptions">
                <catDesc>
                  <num type="boolean" value="0"/>
                </catDesc>
              </category>
              <category xml:id="files_records">
                <catDesc>
                  <num type="boolean" value="0"/>
                </catDesc>
              </category>
              <category xml:id="protocols">
                <catDesc>
                  <num type="boolean" value="0"/>
                </catDesc>
              </category>
              <category xml:id="scientific_papers">
                <catDesc>
                  <num type="boolean" value="0"/>
                </catDesc>
              </category>
              <category xml:id="speech_transcripts">
                <catDesc>
                  <num type="boolean" value="1"/>
                </catDesc>
              </category>
              <category corresp="#other">
                <catDesc>
                  <num type="boolean" value="0"/>
                </catDesc>
                <category corresp="#free">
                  <gloss/>
                </category>
              </category>
            </category>
            <category xml:id="add_information">
              <catDesc>
                <ref target="#K2.5">cf. Catalogue 2.5</ref>
              </catDesc>
              <catDesc>What kind of information is published in addition to the texts?</catDesc>
              <category xml:id="introduction">
                <catDesc>
                  <num type="boolean" value="1"/>
                </catDesc>
              </category>
              <category xml:id="commentary">
                <catDesc>
                  <num type="boolean" value="0"/>
                </catDesc>
              </category>
              <category xml:id="context_material">
                <catDesc>
                  <num type="boolean" value="0"/>
                </catDesc>
              </category>
              <category xml:id="bibliography">
                <catDesc>
                  <num type="boolean" value="0"/>
                </catDesc>
              </category>
              <category xml:id="facsimile">
                <catDesc>
                  <num type="boolean" value="0"/>
                </catDesc>
              </category>
              <category corresp="#other">
                <catDesc>
                  <num type="boolean" value="0"/>
                </catDesc>
                <category corresp="#free">
                  <gloss/>
                </category>
              </category>
              <category corresp="#none">
                <catDesc>
                  <num type="boolean" value="0"/>
                </catDesc>
              </category>
            </category>
          </category>
          <category xml:id="composition">
            <category xml:id="documentation_methods">
              <catDesc>
                <ref target="#K3.1.1">cf. Catalogue 3.1.1-3.1.3</ref>
              </catDesc>
              <catDesc>Are the principles and decisions regarding the design of the text collection,
                its composition and the selection of texts documented?</catDesc>
              <catDesc>
                <num type="boolean" value="1"/>
              </catDesc>
            </category>
            <category xml:id="selection">
              <catDesc>
                <ref target="#K3.1">cf. Catalogue 3.1</ref>
              </catDesc>
              <catDesc>What selection criteria have been chosen for the text collection?</catDesc>
              <category xml:id="selection_language">
                <catDesc>
                  <num type="boolean" value="0"/>
                </catDesc>
              </category>
              <category xml:id="selection_author">
                <catDesc>
                  <num type="boolean" value="0"/>
                </catDesc>
              </category>
              <category xml:id="selection_country">
                <catDesc>
                  <num type="boolean" value="0"/>
                </catDesc>
              </category>
              <category xml:id="selection_epoch">
                <catDesc>
                  <num type="boolean" value="0"/>
                </catDesc>
              </category>
              <category xml:id="selection_genre">
                <catDesc>
                  <num type="boolean" value="0"/>
                </catDesc>
              </category>
              <category xml:id="selection_topic">
                <catDesc>
                  <num type="boolean" value="0"/>
                </catDesc>
              </category>
              <category xml:id="selection_style">
                <catDesc>
                  <num type="boolean" value="0"/>
                </catDesc>
              </category>
              <category xml:id="selection_linguistic_characteristics">
                <catDesc>
                  <num type="boolean" value="1"/>
                </catDesc>
              </category>
              <category corresp="#other">
                <catDesc>
                  <num type="boolean" value="0"/>
                </catDesc>
                <category corresp="#free">
                  <gloss/>
                </category>
              </category>
            </category>
            <category xml:id="size">
              <category xml:id="size_texts">
                <catDesc>
                  <ref target="#K3.1.4">cf. Catalogue 3.1.4</ref>
                </catDesc>
                <catDesc>How large is the text collection in number of texts/records?</catDesc>
                <category xml:id="texts_le10">
                  <catDesc>
                    <num type="boolean" value="0"/>
                  </catDesc>
                </category>
                <category xml:id="texts_11-50">
                  <catDesc>
                    <num type="boolean" value="0"/>
                  </catDesc>
                </category>
                <category xml:id="texts_51-100">
                  <catDesc>
                    <num type="boolean" value="0"/>
                  </catDesc>
                </category>
                <category xml:id="texts_gt100_">
                  <catDesc>
                    <num type="boolean" value="1"/>
                  </catDesc>
                </category>
                <category xml:id="texts_gt1000">
                  <catDesc>
                    <num type="boolean" value="0"/>
                  </catDesc>
                </category>
                <category corresp="#unknown">
                  <catDesc>
                    <num type="boolean" value="0"/>
                  </catDesc>
                </category>
              </category>
              <category xml:id="size_tokens">
                <catDesc>
                  <ref target="#K3.1.4">cf. Catalogue 3.1.4</ref>
                </catDesc>
                <catDesc>How large is the text collection in number of tokens?</catDesc>
                <category xml:id="tokens_lt100.000">
                  <catDesc>
                    <num type="boolean" value="0"/>
                  </catDesc>
                </category>
                <category xml:id="tokens_100.000-1mio">
                  <catDesc>
                    <num type="boolean" value="0"/>
                  </catDesc>
                </category>
                <category xml:id="tokens_gt1mio">
                  <catDesc>
                    <num type="boolean" value="1"/>
                  </catDesc>
                </category>
                <category xml:id="tokens_gt10mio">
                  <catDesc>
                    <num type="boolean" value="0"/>
                  </catDesc>
                </category>
                <category corresp="#unknown">
                  <catDesc>
                    <num type="boolean" value="0"/>
                  </catDesc>
                </category>
              </category>
            </category>
            <category xml:id="structure">
              <catDesc>
                <ref target="#K3.1.5">cf. Catalogue 3.1.5</ref>
              </catDesc>
              <catDesc>Does the text collection have identifiable sub-collections or
                components?</catDesc>
              <catDesc>
                <num type="boolean" value="1"/>
              </catDesc>
            </category>
            <category xml:id="acquisition">
              <category xml:id="text_recording">
                <catDesc>
                  <ref target="#K3.1.6">cf. Catalogue 3.1.6</ref>
                </catDesc>
                <catDesc>Does the text collection record or transcribe the textual data for the
                  first time?</catDesc>
                <catDesc>
                  <num type="boolean" value="1"/>
                </catDesc>
              </category>
              <category xml:id="text_integration">
                <catDesc>
                  <ref target="#K3.1.6">cf. Catalogue 3.1.6</ref>
                </catDesc>
                <catDesc>What kind of material has been taken over from other sources?</catDesc>
                <category xml:id="full_text">
                  <catDesc>
                    <num type="boolean" value="0"/>
                  </catDesc>
                </category>
                <category xml:id="reuse_metadata">
                  <catDesc>
                    <num type="boolean" value="0"/>
                  </catDesc>
                </category>
                <category xml:id="reuse_annotation">
                  <catDesc>
                    <num type="boolean" value="0"/>
                  </catDesc>
                </category>
                <category corresp="#other">
                  <catDesc>
                    <num type="boolean" value="0"/>
                  </catDesc>
                  <category corresp="#free">
                    <gloss/>
                  </category>
                </category>
                <category corresp="#none">
                  <catDesc>
                    <num type="boolean" value="1"/>
                  </catDesc>
                </category>
              </category>
            </category>
            <category xml:id="quality">
              <catDesc>
                <ref target="#K3.1.7">cf. Catalogue 3.1.7</ref>
              </catDesc>
              <catDesc>Has the quality of the data (transcriptions, metadata, annotations, etc.)
                been checked?</catDesc>
              <catDesc>
                <num type="boolean" value="0"/>
              </catDesc>
            </category>
            <category xml:id="typology">
              <catDesc>
                <ref target="#K3.1.8">cf. Catalogue 3.1.8</ref>
              </catDesc>
              <catDesc>Considering aims and methods of the text collection, how would you classify
                it further? For definitions please consider the help-texts.</catDesc>
              <category xml:id="typology_general_purpose">
                <catDesc>
                  <num type="boolean" value="0"/>
                </catDesc>
              </category>
              <category xml:id="typology_corpus">
                <catDesc>
                  <num type="boolean" value="0"/>
                </catDesc>
              </category>
              <category xml:id="typology_collection_records">
                <catDesc>
                  <num type="boolean" value="0"/>
                </catDesc>
              </category>
              <category xml:id="typology_canon">
                <catDesc>
                  <num type="boolean" value="0"/>
                </catDesc>
              </category>
              <category xml:id="typology_oeuvre">
                <catDesc>
                  <num type="boolean" value="0"/>
                </catDesc>
              </category>
              <category xml:id="typology_reference_corpus">
                <catDesc>
                  <num type="boolean" value="1"/>
                </catDesc>
              </category>
              <category xml:id="typology_contrastive_corpus">
                <catDesc>
                  <num type="boolean" value="0"/>
                </catDesc>
              </category>
              <category xml:id="typology_parallel_corpus">
                <catDesc>
                  <num type="boolean" value="0"/>
                </catDesc>
              </category>
              <category xml:id="typology_diachronic_corpus">
                <catDesc>
                  <num type="boolean" value="0"/>
                </catDesc>
              </category>
              <category corresp="#other">
                <catDesc>
                  <num type="boolean" value="0"/>
                </catDesc>
                <category corresp="#free">
                  <gloss/>
                </category>
              </category>
            </category>
          </category>
          <category xml:id="data_modelling">
            <category xml:id="text_treatment">
              <catDesc>
                <ref target="#K3.2.1">cf. Catalogue 3.2.1</ref>
              </catDesc>
              <catDesc>How are the textual sources represented in the digital collection?</catDesc>
              <category xml:id="normalized_transcription">
                <catDesc>
                  <num type="boolean" value="0"/>
                </catDesc>
              </category>
              <category xml:id="orthographic_transcription">
                <catDesc>
                  <num type="boolean" value="1"/>
                </catDesc>
              </category>
              <category xml:id="phonetic_transcription">
                <catDesc>
                  <num type="boolean" value="0"/>
                </catDesc>
              </category>
              <category xml:id="diplomatic_transcription">
                <catDesc>
                  <num type="boolean" value="0"/>
                </catDesc>
              </category>
              <category xml:id="transliteration">
                <catDesc>
                  <num type="boolean" value="0"/>
                </catDesc>
              </category>
              <category xml:id="edited_text">
                <catDesc>
                  <num type="boolean" value="0"/>
                </catDesc>
              </category>
              <category xml:id="translated_text">
                <catDesc>
                  <num type="boolean" value="0"/>
                </catDesc>
              </category>
              <category xml:id="summarized_text">
                <catDesc>
                  <num type="boolean" value="0"/>
                </catDesc>
              </category>
              <category xml:id="sampled_text">
                <catDesc>
                  <num type="boolean" value="0"/>
                </catDesc>
              </category>
              <category corresp="#other">
                <catDesc>
                  <num type="boolean" value="0"/>
                </catDesc>
                <category corresp="#free">
                  <gloss/>
                </category>
              </category>
            </category>
            <category xml:id="basic_format">
              <catDesc>
                <ref target="#K3.2.4">cf. Catalogue 3.2.4</ref>
              </catDesc>
              <catDesc>In which basic format are the texts encoded?</catDesc>
              <category xml:id="plain_text">
                <catDesc>
                  <num type="boolean" value="1"/>
                </catDesc>
              </category>
              <category xml:id="xml">
                <catDesc>
                  <num type="boolean" value="0"/>
                </catDesc>
              </category>
              <category xml:id="html">
                <catDesc>
                  <num type="boolean" value="0"/>
                </catDesc>
              </category>
              <category corresp="#other">
                <catDesc>
                  <num type="boolean" value="0"/>
                </catDesc>
                <category corresp="#free">
                  <gloss/>
                </category>
              </category>
            </category>
            <category xml:id="annotation">
              <category xml:id="annotation_type">
                <catDesc>
                  <ref target="#K3.2.2">cf. Catalogue 3.2.2</ref>
                </catDesc>
                <catDesc>With what information are the texts further enriched?</catDesc>
                <category xml:id="semantic_annotations">
                  <catDesc>
                    <num type="boolean" value="0"/>
                  </catDesc>
                </category>
                <category xml:id="linguistic_annotations">
                  <catDesc>
                    <num type="boolean" value="0"/>
                  </catDesc>
                </category>
                <category xml:id="editorial_annotations">
                  <catDesc>
                    <num type="boolean" value="0"/>
                  </catDesc>
                </category>
                <category xml:id="structural_information">
                  <catDesc>
                    <num type="boolean" value="1"/>
                  </catDesc>
                </category>
                <category corresp="#other">
                  <catDesc>
                    <num type="boolean" value="0"/>
                  </catDesc>
                  <category corresp="#free">
                    <gloss/>
                  </category>
                </category>
                <category corresp="#none">
                  <catDesc>
                    <num type="boolean" value="0"/>
                  </catDesc>
                </category>
              </category>
              <category xml:id="annotation_integration">
                <catDesc>
                  <ref target="#K3.2.2">cf. Catalogue 3.2.2</ref>
                </catDesc>
                <catDesc>How are the annotations linked to the texts themselves?</catDesc>
                <category xml:id="embedded">
                  <catDesc>
                    <num type="boolean" value="1"/>
                  </catDesc>
                </category>
                <category xml:id="stand-off">
                  <catDesc>
                    <num type="boolean" value="0"/>
                  </catDesc>
                </category>
                <category corresp="#other">
                  <catDesc>
                    <num type="boolean" value="0"/>
                  </catDesc>
                  <category corresp="#free">
                    <gloss/>
                  </category>
                </category>
                <category corresp="#not_applicable">
                  <catDesc>
                    <num type="boolean" value="0"/>
                  </catDesc>
                </category>
              </category>
            </category>
            <category xml:id="metadata">
              <category xml:id="metadata_type">
                <catDesc>
                  <ref target="#K3.2.3">cf. Catalogue 3.2.3</ref>
                </catDesc>
                <catDesc>What kind of metadata are included in the text collection?</catDesc>
                <category xml:id="descriptive">
                  <catDesc>
                    <num type="boolean" value="1"/>
                  </catDesc>
                </category>
                <category xml:id="structural">
                  <catDesc>
                    <num type="boolean" value="0"/>
                  </catDesc>
                </category>
                <category xml:id="administrative">
                  <catDesc>
                    <num type="boolean" value="0"/>
                  </catDesc>
                </category>
                <category corresp="#other">
                  <catDesc>
                    <num type="boolean" value="0"/>
                  </catDesc>
                  <category corresp="#free">
                    <gloss/>
                  </category>
                </category>
                <category corresp="#none">
                  <catDesc>
                    <num type="boolean" value="0"/>
                  </catDesc>
                </category>
              </category>
              <category xml:id="metadata_level">
                <catDesc>
                  <ref target="#K3.2.2">cf. Catalogue 3.2.2</ref>
                </catDesc>
                <catDesc>On which level are the metadata included?</catDesc>
                <category xml:id="whole_collection">
                  <catDesc>
                    <num type="boolean" value="0"/>
                  </catDesc>
                </category>
                <category xml:id="collection_parts">
                  <catDesc>
                    <num type="boolean" value="0"/>
                  </catDesc>
                </category>
                <category xml:id="individual_texts">
                  <catDesc>
                    <num type="boolean" value="1"/>
                  </catDesc>
                </category>
                <category corresp="#other">
                  <catDesc>
                    <num type="boolean" value="0"/>
                  </catDesc>
                  <category corresp="#free">
                    <gloss/>
                  </category>
                </category>
                <category corresp="#not_applicable">
                  <catDesc>
                    <num type="boolean" value="0"/>
                  </catDesc>
                </category>
              </category>
            </category>
            <category xml:id="data_standards">
              <category xml:id="data_schema">
                <catDesc>
                  <ref target="#K3.2.4">cf. Catalogue 3.2.4</ref>
                </catDesc>
                <catDesc>What kind of data/metadata/annotation schemas are used for the text
                  collection?</catDesc>
                <category xml:id="standardized_schema">
                  <catDesc>
                    <num type="boolean" value="0"/>
                  </catDesc>
                </category>
                <category xml:id="customized_standard_schema">
                  <catDesc>
                    <num type="boolean" value="0"/>
                  </catDesc>
                </category>
                <category xml:id="project_specific">
                  <catDesc>
                    <num type="boolean" value="0"/>
                  </catDesc>
                </category>
                <category corresp="#none">
                  <catDesc>
                    <num type="boolean" value="1"/>
                  </catDesc>
                </category>
                <category corresp="#unknown">
                  <catDesc>
                    <num type="boolean" value="0"/>
                  </catDesc>
                </category>
              </category>
              <category xml:id="standard_format">
                <catDesc>
                  <ref target="#K3.2.4">cf. Catalogue 3.2.4</ref>
                </catDesc>
                <catDesc>Which standards for text encoding, metadata and annotation are used in the
                  text collection?</catDesc>
                <category xml:id="tei">
                  <catDesc>
                    <num type="boolean" value="0"/>
                  </catDesc>
                </category>
                <category xml:id="cei">
                  <catDesc>
                    <num type="boolean" value="0"/>
                  </catDesc>
                </category>
                <category xml:id="ead">
                  <catDesc>
                    <num type="boolean" value="0"/>
                  </catDesc>
                </category>
                <category xml:id="xces">
                  <catDesc>
                    <num type="boolean" value="0"/>
                  </catDesc>
                </category>
                <category xml:id="dublin_core">
                  <catDesc>
                    <num type="boolean" value="0"/>
                  </catDesc>
                </category>
                <category xml:id="edm">
                  <catDesc>
                    <num type="boolean" value="0"/>
                  </catDesc>
                </category>
                <category xml:id="mets">
                  <catDesc>
                    <num type="boolean" value="0"/>
                  </catDesc>
                </category>
                <category xml:id="mods">
                  <catDesc>
                    <num type="boolean" value="0"/>
                  </catDesc>
                </category>
                <category xml:id="skos">
                  <catDesc>
                    <num type="boolean" value="0"/>
                  </catDesc>
                </category>
                <category xml:id="owl">
                  <catDesc>
                    <num type="boolean" value="0"/>
                  </catDesc>
                </category>
                <category xml:id="imdi">
                  <catDesc>
                    <num type="boolean" value="0"/>
                  </catDesc>
                </category>
                <category xml:id="cmdi">
                  <catDesc>
                    <num type="boolean" value="0"/>
                  </catDesc>
                </category>
                <category xml:id="tcf">
                  <catDesc>
                    <num type="boolean" value="0"/>
                  </catDesc>
                </category>
                <category xml:id="olac">
                  <catDesc>
                    <num type="boolean" value="0"/>
                  </catDesc>
                </category>
                <category xml:id="eagles">
                  <catDesc>
                    <num type="boolean" value="0"/>
                  </catDesc>
                </category>
                <category xml:id="pos_tagsets">
                  <catDesc>
                    <num type="boolean" value="0"/>
                  </catDesc>
                </category>
                <category corresp="#other">
                  <catDesc>
                    <num type="boolean" value="1"/>
                  </catDesc>
                  <category corresp="#free">
                    <gloss>TEI-oriented (1992)</gloss>
                  </category>
                </category>
                <category corresp="#none">
                  <catDesc>
                    <num type="boolean" value="0"/>
                  </catDesc>
                </category>
              </category>
            </category>
          </category>
          <category xml:id="provision">
            <category xml:id="basic_data_accessible">
              <catDesc>
                <ref target="#K4.1">cf. Catalogue 4.1</ref>
              </catDesc>
              <catDesc>Is the textual data accessible in a source format (e.g. XML, TXT)?</catDesc>
              <catDesc>
                <num type="boolean" value="1"/>
              </catDesc>
            </category>
            <category xml:id="download">
              <catDesc>
                <ref target="#K4.2">cf. Catalogue 4.2</ref>
              </catDesc>
              <catDesc>Can the entire raw data of the project be downloaded (as a whole)?</catDesc>
              <catDesc>
                <num type="boolean" value="1"/>
              </catDesc>
            </category>
            <category xml:id="technical_interfaces">
              <catDesc>
                <ref target="#K4.2">cf. Catalogue 4.2</ref>
              </catDesc>
              <catDesc>Are there technical interfaces which allow the reuse of the data of the text
                collection in other contexts?</catDesc>
              <category xml:id="OAI-PMH">
                <catDesc>
                  <num type="boolean" value="0"/>
                </catDesc>
              </category>
              <category xml:id="REST">
                <catDesc>
                  <num type="boolean" value="0"/>
                </catDesc>
              </category>
              <category xml:id="SPARQL_endpoint">
                <catDesc>
                  <num type="boolean" value="0"/>
                </catDesc>
              </category>
              <category xml:id="general_API">
                <catDesc>
                  <num type="boolean" value="0"/>
                </catDesc>
              </category>
              <category corresp="#other">
                <catDesc>
                  <num type="boolean" value="0"/>
                </catDesc>
                <category corresp="#free">
                  <gloss/>
                </category>
              </category>
              <category corresp="#none">
                <catDesc>
                  <num type="boolean" value="1"/>
                </catDesc>
              </category>
            </category>
            <category xml:id="analytical_data">
              <catDesc>
                <ref target="#K4.3">cf. Catalogue 4.3</ref>
              </catDesc>
              <catDesc>Besides the textual data, does the project provide analytical data (e.g.
                statistics) to download or harvest?</catDesc>
              <catDesc>
                <num type="boolean" value="0"/>
              </catDesc>
            </category>
            <category xml:id="reuse">
              <catDesc>
                <ref target="#K4.4">cf. Catalogue 4.4</ref>
              </catDesc>
              <catDesc>Can you use the data with other tools useful for this kind of
                content?</catDesc>
              <catDesc>
                <num type="boolean" value="0"/>
              </catDesc>
            </category>
          </category>
          <category xml:id="user_interface">
            <category xml:id="interface_provision">
              <catDesc>
                <ref target="#K5.1">cf. Catalogue 5.1</ref>
              </catDesc>
              <catDesc>Does the text collection have a dedicated user interface designed for the
                collection at hand in which the texts of the collection are represented and/or in
                which the data is analyzable?</catDesc>
              <catDesc>
                <num type="boolean" value="0"/>
              </catDesc>
            </category>
          </category>
          <category xml:id="preservation">
            <category xml:id="documentation_project">
              <catDesc>
                <ref target="#K6.1">cf. Catalogue 6.1</ref>
              </catDesc>
              <catDesc>Does the text collection provide sufficient documentation about the project
                in general as well as about the aims, contents and methods of the text
                collection?</catDesc>
              <catDesc>
                <num type="boolean" value="0"/>
              </catDesc>
            </category>
            <category xml:id="open_access">
              <catDesc>
                <ref target="#K6.2">cf. Catalogue 6.2</ref>
              </catDesc>
              <catDesc>Is the text collection Open Access?</catDesc>
              <catDesc>
                <num type="boolean" value="1"/>
              </catDesc>
            </category>
            <category xml:id="rights">
              <category xml:id="rights_declared">
                <catDesc>
                  <ref target="#K6.2">cf. Catalogue 6.2</ref>
                </catDesc>
                <catDesc>Are the rights to (re)use the content declared?</catDesc>
                <catDesc>
                  <num type="boolean" value="1"/>
                </catDesc>
              </category>
              <category xml:id="rights_license">
                <catDesc>
                  <ref target="#K6.2">cf. Catalogue 6.2</ref>
                </catDesc>
                <catDesc>Under what license are the contents released?</catDesc>
                <category xml:id="CC0">
                  <catDesc>
                    <num type="boolean" value="0"/>
                  </catDesc>
                </category>
                <category xml:id="CC-BY_only">
                  <catDesc>
                    <num type="boolean" value="0"/>
                  </catDesc>
                </category>
                <category xml:id="CC-BY-ND">
                  <catDesc>
                    <num type="boolean" value="0"/>
                  </catDesc>
                </category>
                <category xml:id="CC-BY-NC">
                  <catDesc>
                    <num type="boolean" value="0"/>
                  </catDesc>
                </category>
                <category xml:id="CC-BY-SA">
                  <catDesc>
                    <num type="boolean" value="0"/>
                  </catDesc>
                </category>
                <category xml:id="CC-BY-NC-ND">
                  <catDesc>
                    <num type="boolean" value="0"/>
                  </catDesc>
                </category>
                <category xml:id="CC-BY-NC-SA">
                  <catDesc>
                    <num type="boolean" value="0"/>
                  </catDesc>
                </category>
                <category xml:id="PDM">
                  <catDesc>
                    <num type="boolean" value="0"/>
                  </catDesc>
                </category>
                <category corresp="#other">
                  <catDesc>
                    <num type="boolean" value="1"/>
                  </catDesc>
                  <category corresp="#free">
                    <gloss>scientific usage</gloss>
                  </category>
                </category>
                <category xml:id="no_license">
                  <catDesc>
                    <num type="boolean" value="0"/>
                  </catDesc>
                </category>
              </category>
            </category>
            <category xml:id="persistent_identification">
              <catDesc>
                <ref target="#K6.3">cf. Catalogue 6.3</ref>
              </catDesc>
              <catDesc>Are there persistent identifiers and an addressing system for the text
                collection and/or parts/objects of it and which mechanism is used to that
                end?</catDesc>
              <category xml:id="DOI">
                <catDesc>
                  <num type="boolean" value="0"/>
                </catDesc>
              </category>
              <category xml:id="ARK">
                <catDesc>
                  <num type="boolean" value="0"/>
                </catDesc>
              </category>
              <category xml:id="URN">
                <catDesc>
                  <num type="boolean" value="0"/>
                </catDesc>
              </category>
              <category xml:id="PURL.ORG">
                <catDesc>
                  <num type="boolean" value="0"/>
                </catDesc>
              </category>
              <category corresp="#other">
                <catDesc>
                  <num type="boolean" value="0"/>
                </catDesc>
                <category corresp="#free">
                  <gloss/>
                </category>
              </category>
              <category xml:id="persistent_URLs">
                <catDesc>
                  <num type="boolean" value="0"/>
                </catDesc>
              </category>
              <category corresp="#none">
                <catDesc>
                  <num type="boolean" value="1"/>
                </catDesc>
              </category>
            </category>
            <category xml:id="citation">
              <catDesc>
                <ref target="#K6.3">cf. Catalogue 6.3</ref>
              </catDesc>
              <catDesc>Does the text collection supply citation guidelines?</catDesc>
              <catDesc>
                <num type="boolean" value="0"/>
              </catDesc>
            </category>
            <category xml:id="archiving">
              <catDesc>
                <ref target="#K6.4">cf. Catalogue 6.4</ref>
              </catDesc>
              <catDesc>Does the documentation include information about the long term sustainability
                of the basic data (archiving of the data)?</catDesc>
              <catDesc>
                <num type="boolean" value="0"/>
              </catDesc>
            </category>
            <category xml:id="curation">
              <catDesc>
                <ref target="#K6.4">cf. Catalogue 6.4</ref>
              </catDesc>
              <catDesc>Does the project provide information about institutional support for the
                curation and sustainability of the project?</catDesc>
              <catDesc>
                <num type="boolean" value="0"/>
              </catDesc>
            </category>
            <category xml:id="completion">
              <catDesc>
                <ref target="#K6.4">cf. Catalogue 6.4</ref>
              </catDesc>
              <catDesc>Is the text collection completed?</catDesc>
              <catDesc>
                <num type="boolean" value="1"/>
              </catDesc>
            </category>
          </category>
        </taxonomy>
      </classDecl>
    </encodingDesc>
  </teiHeader>
  <text>
    <body>
      <div type="abstract">In this paper we review the &#x201E;Corpus Oral de Referencia de la
        Lengua Espa&#xF1;ola Contemp&#xF3;ranea&#x201C;. This corpus is a carefully compiled text
        collection of orthographically transcribed recordings of oral conversations. As it was
        compiled as a reference corpus, it provides texts of different styles and registers and has
        a considerable size of about 1,100,000 words. CORLEC therefore is an important resource for
        researchers interested in the field of spoken language. The Corpus is freely available as
        SGML-based-files or plain-text-files. As both variants are similar in their structure and
        content, the review addresses the two formats. The review first provides some background
        information and an overview of the structure of the corpus. Then, the transcription files
        are described in their structure and content. Eventually, a short overview of the
        integration of the corpus into other projects and a r&#xE9;sum&#xE9; are given.</div>
      <div type="text">
        <div type="div2">
          <head>Einleitung</head>
          <p>Das &#x201E;Corpus Oral de Referencia de la Lengua Espa&#xF1;ola
            Contemp&#xF3;ranea&#x201C; (im Folgenden CORLEC genannt) war das erste (digital
            verf&#xFC;gbare) gr&#xF6;&#xDF;ere Korpus der spontanen, gesprochenen Sprache des
            Spanischen (Moreno-Sandoval 2002, 2005). Zudem ist es bis dato das gr&#xF6;&#xDF;te frei
            verf&#xFC;gbare Korpus des gesprochenen Spanisch. Das Korpus wurde 1991-1992 von der
            Universidad Aut&#xF3;noma de Madrid mit Unterst&#xFC;tzung des IBM am Lehrstuhl f&#xFC;r
            Allgemeine Sprachwissenschaft unter der Leitung von Francisco A. Marcos Mar&#xED;n
            erstellt. Erh&#xE4;ltlich ist das Korpus &#xFC;ber die Internetseite des
            &#x201E;Laboratorio de Ling&#xFC;&#xED;stica Inform&#xE1;tica&#x201C; der Universidad
            Auton&#xF3;ma unter <ptr target="http://www.lllf.uam.es/ESP/Corlec.html"/><note
              xml:id="ftn1" n="1">Archivierter Link: <ptr
                target="https://web.archive.org/web/20171101122930/http://www.lllf.uam.es/ESP/Corlec.html"
              /></note>, wo es als SGML-basiertes-Format oder als plain-text-Dateien im zip-Archiv
            zur Verf&#xFC;gung gestellt wird. </p>
        </div>
        <div type="div2">
          <head>Verf&#xFC;gbarkeit</head>
          <p>Das Korpus kann laut Lizenzangaben frei zu wissenschaftlichen Zwecken weiterverwendet
            werden und ist hierf&#xFC;r in vollem Umfang zug&#xE4;nglich. Neben der
            Verf&#xFC;gbarkeit des Korpus als zip-Archiv auf der oben genannten Internetseite
            scheint es keine weiteren Bezugsquellen f&#xFC;r das Korpus zu geben. Unklar ist dabei,
            ob das Korpus auch langfristig auf der Internetseite angeboten werden wird.</p>
        </div>
        <div type="div2">
          <head>Versionen des Korpus</head>
          <p>Das Korpus wird mittlerweile in zwei Versionen angeboten: als ASCII kodierte
            SGML-basierte Daten (Standard Generalized Markup Language) und als UTF-8 kodierte
            plain-text-Dateien. Bei den SGML-basierten Daten handelt es sich um das
            urspr&#xFC;ngliche Korpus, die neuere plain-text-Version ist erst in den letzten Jahren
            zur Verf&#xFC;gung gestellt worden (leider wird f&#xFC;r keine der Versionen angegeben,
            seit wann sie zur Verf&#xFC;gung stehen). Der Aufbau der Dateien dieser beiden
            Korporaversionen und der Inhalt sind zwar gleich, sie unterscheiden sich aber in der Art
            der Kodierung von Metadaten, Sprecheins&#xE4;tzen und sprachlichen Merkmalen. In dem
            vorliegenden Review werden deshalb bei der Beschreibung des Aufbaus und der
            Grundstruktur des Korpus sowie der weiteren Auszeichnungen beide Versionen zusammen
            besprochen. In einem folgenden Punkt wird dann auf die Unterschiede eingegangen.</p>
        </div>
        <div type="div2">
          <head>Hintergrund: ein Referenzkorpus aus den Neunzigern</head>
          <p>Wie oben erw&#xE4;hnt, entstand das CORLEC Anfang der Neunziger. Seit dieser Zeit ist
            die technische Entwicklung stark vorangeschritten und auch die Sprachwissenschaft hat
            sich weiterentwickelt: das an der gesprochenen Sprache entstandene Interesse hat sich
            weiter verfestigt und etabliert, die Sozio-, die Variations- aber vor allem die
            Korpuslinguistik haben zunehmend an Bedeutung gewonnen. Zudem haben sich
            interdisziplin&#xE4;re Zweige entwickelt und die Verwendung digitaler Ressourcen und
            Methoden ist mittlerweile ein fester Bestandteil der linguistischen Methodik (vgl. z.B:
            Gries 2009, Biber 2015). Deshalb soll hier vorweggenommen werden, dass bestimmte
            Merkmale und Eigenschaften des CORLEC, die heute als Mangel wahrgenommen werden, zu der
            Zeit seiner Erstellung wohl dem Standard entsprachen oder aber innovativ waren. Das
            Korpus ist daher in seiner Zusammensetzung und Gr&#xF6;&#xDF;e nur bedingt mit modernen
            Korpora wie dem &#x201E;C-Oral-Rom&#x201C;, dem &#x201E;Corpus del Espa&#xF1;ol&#x201C;
            von Mark Davies (2002-) oder dem &#x201E;CREA&#x201C; der Real Academia Espa&#xF1;ola
            (2008-) vergleichbar. Ziel dieses Reviews ist es deshalb, das CORLEC im Hinblick auf
            seine Struktur, seine Daten und seine m&#xF6;glichen Verwendungen zu beschreiben, ohne
            dabei einen wertenden Vergleich mit moderneren Korpora anzustreben.</p>
        </div>
        <div type="div2">
          <head>Basisdaten des CORLEC</head>
          <p>Das CORLEC wurde als Referenzkorpus der gesprochenen Sprache konzipiert. Als solches
            soll es die gesprochene Sprache als Ganzes repr&#xE4;sentieren und Texte aus
            m&#xF6;glichst allen relevanten diasystematischen Variet&#xE4;ten abbilden. Dabei sollte
            das Korpus ausgeglichen sein und verschiedene Variet&#xE4;ten in einem sinnvollen
            Verh&#xE4;ltnis enthalten (EAGLE 1996). Gerade bei Korpora der gesprochenen Sprache
            erweist sich die Erstellung eines ausgeglichenen und balancierten Korpus aber als
            schwierig. Einerseits sind die Begriffe &#x201A;ausgeglichen&#x2018; und
            &#x201A;balanciert&#x2018; eher vage:</p>
          <p><emph>The notion of balance is even more vague than representativeness, but the word is
              frequently used, and clearly for many people it is meaningful and useful. Roughly, for
              a corpus to be pronounced balanced, the proportions of different kinds of text it
              contains should correspond with informed and intuitive judgements.</emph> (Sinclair
            2004)</p>
          <p>Andererseits sind, abgesehen von der Vagheit der Begriffe, solche Verteilungen im
            Bereich der gesprochenen Sprache nur schwer umsetzbar, da es z.B. wesentlich einfacher
            ist, Mitschnitte aus einer Radiosendung, einer Fernsehsendung oder einem Vortrag
            aufzuzeichnen als Aufnahmen aus einem privaten Gespr&#xE4;ch. Ebenso ist es leichter und
            schneller, gehobene Standardsprache zu transkribieren als ein informelles, dialektal
            gef&#xE4;rbtes Gespr&#xE4;ch mit sich &#xFC;berlappendem Turn-Taking. Zus&#xE4;tzlich
            ist auch zu ber&#xFC;cksichtigen, dass das Korpus mit den technologischen Gegebenheiten
            der Neunziger erstellt wurde: F&#xFC;r die Erstellung des Korpus wurden mit Hilfe
            analoger Aufnahmeger&#xE4;te Aufzeichnungen von mehreren Mitarbeitern des Projektes
            erstellt. Dabei handelt es sich nicht um zum Zwecke der Aufnahme erstellte Interviews,
            sondern um authentische Gespr&#xE4;che. Die Gespr&#xE4;che stammen aus unterschiedlichen
            Quellen. Z.B. wurden private Konversationen aufgenommen und transkribiert, aber auch
            Konferenzen oder Radio- und Fernsehbeitr&#xE4;ge. Ber&#xFC;cksichtigt man diesen
            Hintergrund, wurde ein Korpus beachtlicher Gr&#xF6;&#xDF;e und Variation
            zusammengestellt: Wie oben erw&#xE4;hnt umfasst das Korpus ca. 1.100.000 W&#xF6;rter,
            die auf 505 transkribierte Gespr&#xE4;chsdateien verteilt sind.</p>
        </div>
        <div type="div2">
          <head>Grundlegende Strukturen des Korpus</head>
          <p>Die Gespr&#xE4;chsdateien sind im downloadbaren zip-Archiv auf verschiedene Ordner
            verteilt. Diese Ordner entsprechen einer thematischen Kategorisierung der Texte. Die
            thematischen Bereiche, nach denen die Texte sortiert wurden, sind die Folgenden:
            Administrativos y pol&#xED;ticos (Gespr&#xE4;che aus dem Bereich der Verwaltung oder mit
            politischem Bezug) 5.6%, Cient&#xED;ficos (Gespr&#xE4;che mit wissenschaftlichem Bezug)
            3.3%, Conversacionales o familiares (Private oder famili&#xE4;re Gespr&#xE4;che,
            informellere Gespr&#xE4;che) 24.5 %, Educativos (Gespr&#xE4;che aus dem Bildungsumfeld)
            5.3%, Human&#xED;sticos (Gespr&#xE4;che aus dem geisteswissenschaftlichen Bereich) 5.6%,
            Instrucciones (megafon&#xED;a) (Anweisungen &#xFC;ber Lautsprecher/Megafon) 0.6%,
            Jur&#xED;dicos (Juristischer Bereich) 3.2%, L&#xFA;dicos (Gespr&#xE4;che im Zusammenhang
            mit Spielen, Wettbewerben, Verlosungen etc. ) 5.6%, Period&#xED;sticos (Journalistische
            Gespr&#xE4;che): Debates (Diskussionsrunden) 8.5%, Deportes (Sport) 5.3%, Documentales
            (Dokumentationen) 2.6%, Entrevistas (Interviews) 15.6%, Noticiario (Nachrichten) 6.6%,
            Publicitarios (Werbungen) 2.8%, Religiosos (Religi&#xF6;ser Bezug) 1.1%, T&#xE9;cnicos
            (Technischer Bezug 3.9%) (vgl. Mar&#xED;n o.J.).</p>
          <figure>
            <head>Fig. 1: Neuere Version (plain text).</head>
            <graphic url="wp-content/uploads/issue_9/corlec/pictures/picture-1.png"/>
          </figure>
          <figure>
            <head>Fig. 2: &#xC4;ltere Version (SGML-basiert).</head>
            <graphic url="wp-content/uploads/issue_9/corlec/pictures/picture-2.png"/>
          </figure>
          <p>Bei den transkribierten Texten selbst handelt es sich um eine orthografische
            Transkription, in der die Interpunktion erg&#xE4;nzt wurde.<note xml:id="ftn2" n="2"
              >F&#xFC;r eine ausf&#xFC;hrliche Beschreibung der Kodierungsrichtlinien vergleiche
                <ptr
                target="https://web.archive.org/web/20171101122930/http://www.lllf.uam.es/ESP/Corlec.html"
              /></note> Die beiden abgebildeten Beispiele (Fig. 1 und 2) aus den beiden
            Korpusversionen sollen einen kurzen Einblick in die Transkription sowie die
            Grundstruktur der Daten geben.</p>
          <p>Die Dateien beginnen jeweils mit den Metadaten. Diese geben grundlegende Informationen
            zu der Gespr&#xE4;chssituation bzw. zu der Aufnahme: Aufnahmenummer, Aufnahmedatum,
            Aufnahmeort (z.B. Madrid), Quelle der Gespr&#xE4;che (z.B. Telefongespr&#xE4;ch in einer
            Firma). Au&#xDF;erdem sind auch soziolinguistische Metadaten zu den Sprechern vorhanden:
            Ungef&#xE4;hres Alter, Geschlecht, Beruf u.&#xC4;. Zus&#xE4;tzlich werden einige
            Schl&#xFC;sselw&#xF6;rter kodiert, die den Gespr&#xE4;chsinhalt betreffen. </p>
          <p>Nach den Metadaten folgt der transkribierte Text, in dem die einzelnen
            Sprecheins&#xE4;tze der Sprecher kodiert sind. Die Sprecher sind dabei nach dem Muster
            H1, H2, H3, etc. benannt. F&#xFC;r manche &#x201A;besonderen&#x2018; Sprechertypen
            werden eigene Tagnamen verwendet, wie z.B. encuestado1, encuestado2.</p>
          <p>Innerhalb der Texte sind zus&#xE4;tzlich noch einige Merkmale kodiert, die die
            Eigenschaften der gesprochenen Sprache bzw. die Kommunikationssituation betreffen.
            Hierzu geh&#xF6;ren etwa Informationen, die phatische Merkmale erfassen (z.B. kodiert
            als <emph>duda</emph>, <emph>llorando</emph>, <emph>sorpresa</emph>,
              <emph>asombro</emph>), oder Informationen, die das Turn-Taking betreffen. Daneben
            wurden auch Hintergrund- oder Nebenger&#xE4;usche u.&#xC4;. kodiert
              (<emph>m&#xFA;sica</emph>, <emph>risa</emph>).</p>
          <p>Die Kodierung kann dabei recht uneinheitlich ausfallen: Hintergrundlachen kann zum
            Beispiel kodiert sein als [risa] oder [risas], nicht transkribierter Text als [texto no
            transcrito], [encuesta no transcrita], [texto no transcrito por
            ininteligibletel&#xE9;fono].</p>
          <p>Laut Angaben orientieren sich die Kodierungsrichtlinien der Gespr&#xE4;che zwar
            teilweise an dem Datenmodell der TEI (vgl. Mar&#xED;n o.J.), jedoch k&#xF6;nnte hier
            eine Anpassung an j&#xFC;ngere Fassungen und auch konsequentere Anpassungen vorgenommen
            werden. In diesem Zusammenhang ist auch die Erstellung einer XML-Version des Korpus mit
            zugeh&#xF6;rigem Schema und eventuell auch Schematron eine weitere
            Verbesserungsm&#xF6;glichkeit des Datenmodells, die die Weiterverarbeitung erleichtern
            w&#xFC;rde.</p>
        </div>
        <div type="div2">
          <head>Metadaten und variationslinguistische Informationen</head>
          <p>Das Korpus bietet &#xFC;ber die eben beschriebene Korpusstruktur sowie &#xFC;ber die
            oben beschriebenen Metadaten zwar sozio- bzw. variationslinguistische Informationen zu
            den Texten. Diese Informationen sind jedoch hinsichtlich zweier Punkte problematisch:
            Einerseits ist zu beachten, dass es sich bei der oben beschriebenen, thematischen
            Einteilung nur um eine mehr oder weniger stark thematische Einteilung handelt. Durch das
            Kriterium <emph>conversaci&#xF3;n o familiares</emph> wird beispielsweise die
            Gespr&#xE4;chsform sowie das Register der Texte erfasst, nicht aber die Thematik der
            Gespr&#xE4;che. Die als <emph>period&#xED;sticos</emph> zusammengefassten Unterpunkte
            (denen jeweils ein eigener thematischer Ordner entspricht) beschreiben zum Teil eine
            Gespr&#xE4;chsstruktur (<emph>debates</emph>, <emph>entrevistas</emph>) oder aber Themen
              (<emph>deportes</emph>). Innerhalb der Ordner k&#xF6;nnen die Gespr&#xE4;che zudem
            zus&#xE4;tzlich hinsichtlich des Mediums (face-to-face, Radio, Fernseher), der
            Formalit&#xE4;t, der Spontaneit&#xE4;t und der Dialogizit&#xE4;t (Vortr&#xE4;ge,
            spontane Privatgespr&#xE4;che) variieren (vgl. hierzu auch die Parameter des Modells
            M&#xFC;ndlichkeit/Schriftlichkeit von Koch/&#xD6;sterreicher 1985). Z.B. befindet sich
            in der Kategorie &#x201A;Wissenschaft&#x2018; ein Gespr&#xE4;ch unter Freunden &#xFC;ber
            Dinosaurier und deren m&#xF6;gliche Rekonstruktion &#xFC;ber DNA, ein Vortrag f&#xFC;r
            Abiturienten im Planetarium und ein universit&#xE4;rer Konferenzbeitrag. In dem Ordner
            &#xFC;ber Religion befinden sich ein Mitschnitt einer Predigt, eine Radiodiskussion,
            eine Fernsehdiskussion und ein direktes Gespr&#xE4;ch unter Freunden. Analog dazu sind
            in den Metadaten zwar Informationen &#xFC;ber die Gespr&#xE4;chsquelle vorhanden. Diese
            liegen aber sehr unstrukturiert vor und erfassen zum Teil verschiedenartige
            Informationen unterschiedlich detailliert, wie Beispiel 1 zeigt. <seg type="code"
              lang="formatted_text"> CIE/ACIE032A: &lt;fuente=charla en el Planetario de
              Madrid&gt;<lb/> HUM/AHUM033B: &lt;fuente=conferencia en el Instituto de la
              Mujer&gt;<lb/> CON/ACON006A: &lt;fuente=casa particular, conversaci&#xF3;n
              familiar&gt;<lb/> JUR/PJUR005F: &lt;fuente=radio&gt; <label>Beispiel 1: Informationen
                &#xFC;ber die Gespr&#xE4;chsquellen in den Metadaten</label>
            </seg>
          </p>
          <p>Hier w&#xE4;re es z.B. bei CON/ACON006A sinnvoll, das Attribut &#x201A;fuente&#x2018;
            in mehrere einzelne Attribute zu zerlegen: ein Attribut, das den Ort des Gespr&#xE4;ches
            erfasst und ein zweites, das die Gespr&#xE4;chsart und das Medium (z.B.
            face-to-face/Radio/Fernseher, direkter Dialog/Monolog) erfasst. Zus&#xE4;tzlich
            k&#xF6;nnten hier auch weitere, oben bereits erw&#xE4;hnte Informationen bez&#xFC;glich
            der Kommunikationsbedingungen (Spontaneit&#xE4;t, Vertrautheit der
            Gespr&#xE4;chspartner, &#xD6;ffentlichkeit-Privat) oder Angaben hinsichtlich der
            diaphasischen Variet&#xE4;t hinzugef&#xFC;gt werden. Daneben ist f&#xFC;r manche
            Analysen auch die geografische Herkunft des Sprechers von Interesse, die im Allgemeinen
            unklar bleibt.</p>
          <p>W&#xFC;nschenswert bei der Auszeichnung sowohl der bereits vorhandenen Informationen
            als auch zus&#xE4;tzlicher Informationen w&#xE4;re vor allem aber eine st&#xE4;rkere
            Vereinheitlichung und Strukturierung.</p>
        </div>
        <div type="div2">
          <head>Neue versus alte Version</head>
          <p>Wie an den obigen Beispielen ersichtlich ist, wurde f&#xFC;r die neuere Version des
            Korpus nicht nur die Kodierung ge&#xE4;ndert, sondern es wurden auch die SGML-basierten
            Tags umgewandelt. Leider konnte auf der Downloadseite des Korpus keine &#xDC;bersicht
            oder Beschreibung gefunden werden, die diese oder weitere &#xC4;nderungen von einer zur
            anderen Version dokumentiert. Hier werden deshalb diejenigen &#xC4;nderungen
            beschrieben, die bisher festgestellt werden konnten, ohne dabei Vollst&#xE4;ndigkeit zu
            gew&#xE4;hrleisten. Der auff&#xE4;lligste Unterschied zwischen den Korpora ist die oben
            erw&#xE4;hnte Umformulierung der SGML-basierten Tags. F&#xFC;r die neue UTF-8-Version
            wurden die Tags nach folgenden Regeln umformuliert:</p>
          <list>
            <item>Metadaten-Tags beginnen mit &#x201A;#&#x2018; und enden mit &#x201A;:&#x2018;
              (&lt;fuente&gt; wird zu: #fuente:)</item>
            <item>Tags zur Sprecherauszeichnung enden mit Doppelpunkt: &lt;H1&gt; wird zu H1:</item>
            <item>Leere inline-Elemente werden in eckigen Klammern erfasst: &lt;risas&gt; wird zu
              [risas]</item>
            <item>Bei leeren inline-Elementen zur Angabe phatischer Merkmale entf&#xE4;llt der
              Tag-Name: &lt;f&#xE1;tico=afirmaci&#xF3;n&gt; wird zu [afirmaci&#xF3;n]</item>
            <item>inline-Elemente, die Text enthalten, werden von zwei Angaben in eckigen Klammern
              umrahmt: &lt;extranjerismo&gt;...&lt;/extranjerismo&gt; wird zu
              [extranjerismo]&#x2026; [fin de extranjerismo]</item>
            <item>Die Markierung von im Vergleich zur Standardsprache fehlenden Lauten entf&#xE4;llt
              anscheinend vollst&#xE4;ndig: <emph>me lo hab&#xED;a quita</emph>&lt;(d)&gt;o wird zu
                <emph>me lo hab&#xED;a quitado ese d&#xED;a</emph>.</item>
          </list>
        </div>
        <div type="div2">
          <head>Integration in andere Korpora</head>
          <p>Das CORLEC ist nicht nur als Download erh&#xE4;ltlich, sondern wurde auch in die beiden
            gr&#xF6;&#xDF;ten Online-Korpora der spanischen Sprache integriert: Es ist sowohl im
            &#x201E;Corpus del Espa&#xF1;ol&#x201C; von Mark Davis als auch im &#x201E;Corpus de
            Referencia del Espa&#xF1;ol Oral&#x201C; der Real Academia Espa&#xF1;ola enthalten. Es
            ist dabei nicht klar, welchen Anteil das CORLEC bei diesen Korpora an den jeweiligen
            Subkorpora der gesprochenen Sprache ausmacht. Ebenso ist es nicht m&#xF6;glich, das
            Korpus unabh&#xE4;ngig von den anderen Teilkorpora abzufragen. Diese &#xDC;berschneidung
            sollte bei Arbeiten, die das &#x201E;Corpus de Referencia del Espa&#xF1;ol Oral&#x201C;
            der RAE und das &#x201E;Corpus del Espa&#xF1;ol&#x201C; einbeziehen wollen,
            ber&#xFC;cksichtigt werden.</p>
        </div>
        <div type="div2">
          <head>Gesamteindruck</head>
          <p>Das Korpus unterscheidet sich durch seine Gr&#xF6;&#xDF;e und seine freie
            Verf&#xFC;gbarkeit bereits positiv in wichtigen Punkten von anderen Korpora: Das
            &#x201E;C-Oral-Rom&#x2BB;, das &#x201E;Corpus del Espa&#xF1;ol&#x2BB; oder auch das
            &#x201E;Corpus de Referencia del Espa&#xF1;ol Oral&#x2BB; sind nur auf begrenzte Art und
            Weisen verf&#xFC;gbar und nutzbar. Das &#x201E;Valesco&#x2BB; Korpus ist zwar online
            frei erh&#xE4;ltlich, verf&#xFC;gt aber nur &#xFC;ber 120.246 W&#xF6;rter (On Mi&#xE9;
            2013).</p>
          <p>Ob das CORLEC letztendlich zur Bearbeitung einer bestimmten Forschungsfrage passend und
            ergiebig ist, ist stark von den wissenschaftlichen Interessensgebieten und der Methodik
            abh&#xE4;ngig. Bei qualitativen Arbeiten, f&#xFC;r die mit einfachen Suchanfragen
            gezielt nach Sprachbelegen gesucht werden kann, oder allgemein f&#xFC;r Arbeiten, die
            keinen maschinellen Zugriff auf die Daten erfordern, ist es u.U. angemessener auf eines
            der online-Korpora zur&#xFC;ckzugreifen.</p>
          <p>F&#xFC;r Arbeiten, die Zugriff auf die gesamten Daten ben&#xF6;tigen und nur frei
            verf&#xFC;gbare Korpora verwenden k&#xF6;nnen/wollen, ist das CORLEC eine passende (und
            oft auch die einzige) M&#xF6;glichkeit (f&#xFC;r neuere Arbeiten auf der Basis des
            CORLEC vgl. beispielsweise Betz 2016, Garcia-Marchena 2015, Hennemann 2015). Beide
            Versionen des Korpus k&#xF6;nnen mit &#xFC;berschaubarem Aufwand in maschinenlesbare
            XML-Dateien oder menschenlesbare Formate transformiert werden und sind damit sowohl
            maschinell als auch manuell auswertbar. Die urspr&#xFC;nglichen Audioaufnahmen sind
            allerdings nicht erh&#xE4;ltlich.</p>
          <p>Abschlie&#xDF;end sei erw&#xE4;hnt, dass eine Aufbereitung und Modernisierung des
            Korpus durchaus lohnenswert und wichtig w&#xE4;re: ein Erhalt des Korpus ist nicht nur
            f&#xFC;r aktuelle synchrone sprachwissenschaftliche Untersuchungen von Interesse,
            sondern auch f&#xFC;r zuk&#xFC;nftige Arbeiten, in denen das Korpus f&#xFC;r diachrone
            Untersuchungen herangezogen werden kann.</p>
        </div>
      </div>
      <div type="references">
        <listBibl>
          <bibl>Betz, Katrin. 2016. <emph>Adverbien und Depiktive im Spanischen als radiale
              Kategorien. Eine korpuslinguistische Untersuchung im Rahmen der
              Konstruktionsgrammatik.</emph> Bamberg: University of Bamberg Press (=Bamberger
            Beitr&#xE4;ge zur Linguistik, 14).</bibl>
          <bibl>Biber, Douglas and Randi Reppen, eds. 2015. <emph>The Cambridge Handbook of English
              Corpus Linguistics.</emph> Cambridge: Cambridge University Press (=Cambridge Handbooks
            in Language and Linguistics).</bibl>
          <bibl><emph>CREA. El Corpus de Referencia del Espa&#xF1;ol Actual (Oral).</emph> Real
            Academia Espa&#xF1;ola. 2008. <ptr
              target="https://web.archive.org/web/20171101172232/http://www.rae.es/recursos/banco-de-datos/crea-oral"
            />.</bibl>
          <bibl>Cresti, Emanula and Massimo Moneglia, eds. 2005. <emph>C-Oral-Rom. Integrated
              Reference Corpora for Spoken Romance Languages.</emph> Amsterdam / Philadelphia: John
            Benjamins Publishing Company.</bibl>
          <bibl>Davies, Mark. 2002-. <emph>Corpus del Espa&#xF1;ol: 100 Million Words,
              1200s-1900s.</emph> (Historical / Genres). <ptr
              target="https://web.archive.org/web/20171101172056/https://www.corpusdelespanol.org/"
            />.</bibl>
          <bibl>EAGLES, eds. 1996. Preliminary Recommendations on Corpus Typology. Last modified
            May, 1996. http://www.ilc.cnr.it/EAGLES96/corpustyp/corpustyp.html.</bibl>
          <bibl>Garcia-Marchena, Oscar. 2015. <emph>Phrases Averbales et Fragments de
              l&#x2019;Espagnol Oral- &#xC9;tude de corpus. Linguistique.</emph> Universit&#xE9;
            Paris Diderot (Paris 7). Fran&#xE7;ais. &lt;tel-01541007&gt;.</bibl>
          <bibl>Gries, Stefan Thomas. 2009. <emph>Quantitative Corpus Linguistics with R. A
              Practical Introduction.</emph> New York: Routledge.</bibl>
          <bibl>Hennemann, Anja. 2015. &#x201E;On Self-Repair in Spanish. A Qualitative Analysis
            Using CORLEC.&#x201C; <emph>Research in Corpus Linguistics</emph>, 3: 19&#x2013;26.
            Asociaci&#xF3;n Espa&#xF1;ola de Ling&#xFC;&#xED;stica de Corpus (AELINCO).</bibl>
          <bibl>Marcos, Mar&#xED;n, A. Francisco. o.J. <emph>CORLEC: Corpus Oral de Referencia de la
              Lengua Espa&#xF1;ola Contemp&#xF3;ranea.</emph> Universidad Aut&#xF3;noma de Madrid.
              <ptr
              target="https://web.archive.org/web/20171101122930/http://www.lllf.uam.es/ESP/Corlec.html"
            />
          </bibl>
          <bibl>Moreno-Sandoval, Antonio. 2002. &#x201E;La Evoluci&#xF3;n de los Corpus de Habla
            Espont&#xE1;nea: la Experiencia del LLI-UAM.&#x201C; In <emph>Actas de las II Jornadas
              en Tecnolog&#xED;as del Habla</emph>, edited by Ayuso, Antonio Rubio, 00-00. Spain
            (Granada), Dezember 2002.</bibl>
          <bibl>Moreno-Sandoval, Antonio, Gillermo de la Madrid, Manuel Alc&#xE1;ntara et al. 2005.
            &#x201E;The Spanish Corpus.&#x201C; In <emph>C-Oral-Rom. Integrated Reference Corpora
              for Spoken Romance Languages</emph>, edited by Cresti, Emanula and Massimo Moneglia,
            135 &#x2013; 161. Amsterdam / Philadelphia: John Benjamins Publishing Company.</bibl>
          <bibl>On Mi&#xE9;, Adrian. 31.07.2013. <emph>Valesco. 2.0.</emph>
            <ptr
              target="https://web.archive.org/web/20180428085553/http://www.valesco.es/?q=noticias"
            /></bibl>
          <bibl>Sinclair, John. 2005. &#x201E;Corpus and Text - Basic Principles.&#x201C; In
              <emph>Developing Linguistic Corpora: a Guide to Good Practice</emph>, edited by Martin
            Wynne, 1-16. Oxford: Oxbow Books. <ptr
              target="https://web.archive.org/web/20171101171958/http://ota.ox.ac.uk/documents/creating/dlc/"
            />
          </bibl>
        </listBibl>
      </div>
    </body>
  </text>
</TEI>
