<?xml version="1.0" encoding="UTF-8"?><TEI xmlns="http://www.tei-c.org/ns/1.0" xmlns:xsi="http://www.w3.org/2001/XMLSchema-instance" xsi:schemaLocation="http://www.tei-c.org/ns/1.0 https://ride.i-d-e.de/wp-content/uploads/schema/ride.xsd">
    <teiHeader>
        <fileDesc>
            <titleStmt>
                <title>Mozart Briefe und Dokumente -- Online-Edition</title>
                <respStmt>
                    <resp>author</resp>
                    <name>
                        <persName>
                            <forename>Maja</forename>
                            <surname>Hartwig</surname>
                        </persName>
                        <affiliation>
                            <orgName>Independent Scholar</orgName>
                        </affiliation>
                        <email>maja.hartwig@gmx.de</email>
                    </name>
                </respStmt>
            </titleStmt>
            <publicationStmt>
                <publisher>Institut für Dokumentologie und Editorik</publisher>
                <date when="2019">June 2019</date>
                <idno type="issue">10</idno>
                <idno type="URI">https://ride.i-d-e.de/issues/issue-10/mozart-briefe-dokumente</idno>
                <idno type="DOI">10.18716/ride.a.10.3</idno>
                <availability>
                    <licence>
                        <ref target="http://creativecommons.org/licenses/by/4.0/"/>
                    </licence>
                </availability>
            </publicationStmt>
            <notesStmt>
                <relatedItem>
                    <biblStruct>
                        <monogr>
                            <title xml:id="resource_title">Mozart Briefe und Dokumente -- Online-Edition</title>
                            <editor xml:id="resource_editors">Stiftung Mozarteum Salzburg und Packard Humanities Institute</editor>
                            <respStmt>
                                <resp>Editor</resp>
                                <persName>
                                    <name>Ulrich Leisinger</name>
                                </persName>
                            </respStmt>
                            <respStmt>
                                <resp>Editor</resp>
                                <persName>
                                    <name>Anja Morgenstern</name>
                                </persName>
                            </respStmt>
                            <respStmt>
                                <resp>Programmer</resp>
                                <persName>
                                    <name>Franz Kelnreiter</name>
                                </persName>
                            </respStmt>
                            <respStmt>
                                <resp>Encoder</resp>
                                <persName>
                                    <name>Agnes Amminger</name>
                                </persName>
                            </respStmt>
                            <respStmt>
                                <resp>Contributor</resp>
                                <persName>
                                    <name>Till Reininghaus</name>
                                </persName>
                            </respStmt>
                            <respStmt>
                                <resp>Contributor</resp>
                                <persName>
                                    <name>Iacopo Cividini</name>
                                </persName>
                            </respStmt>
                            <respStmt>
                                <resp>Contributor</resp>
                                <persName>
                                    <name>Geneviève Geffray</name>
                                </persName>
                            </respStmt>
                            <imprint>
                                <date xml:id="resource_date_publication">2006</date>
                            </imprint>
                        </monogr>
                        <idno xml:id="resource_uri">http://dme.mozarteum.at/DME/main/cms.php?tid=110&amp;sec=briefe&amp;l=</idno>
                    </biblStruct>
                </relatedItem>
                <note>
                    <date xml:id="resource_date_access">2018-05-07</date>
                </note>
            </notesStmt>
            <sourceDesc>
                <p>Auf der Basis von <ref>http://www.i-d-e.de/publikationen/weitereschriften/criteria-version-1-1</ref>
                </p>
            </sourceDesc>
        </fileDesc>
        <encodingDesc>
            <classDecl>
                <taxonomy xml:base="http://www.i-d-e.de/publikationen/weitereschriften/criteria-version-1-1">
                    <category xml:id="documentation">
                        <category xml:id="bibl_desc">
                            <catDesc>
                                <ref target="#K1.2">cf. Catalogue 1.2</ref>
                            </catDesc>
                            <catDesc>Is it easily possible to describe the project bibliographically along the schema "responsible editors, publishing/hosting institution, year(s) of publishing"?</catDesc>
                            <catDesc>
                                <num type="boolean" value="1"/>
                            </catDesc>
                        </category>
                        <category xml:id="contributors">
                            <catDesc>
                                <ref target="#K1.4">cf. Catalogue 1.4</ref>
                            </catDesc>
                            <catDesc>Are the contributors (editors, institutions, associates) of the project fully documented?</catDesc>
                            <catDesc>
                                <num type="boolean" value="1"/>
                            </catDesc>
                        </category>
                        <category xml:id="contacts">
                            <catDesc>
                                <ref target="#K1.5">cf. Catalogue 1.5</ref>
                            </catDesc>
                            <catDesc>Does the project list contact persons?</catDesc>
                            <catDesc>
                                <num type="boolean" value="1"/>
                            </catDesc>
                        </category>
                        <category xml:id="selection">
                            <category xml:id="explained">
                                <catDesc>
                                    <ref target="#K2.1">cf. Catalogue 2.1</ref>
                                </catDesc>
                                <catDesc>Is the selection of materials of the project explicitly documented?</catDesc>
                                <catDesc>
                                    <num type="boolean" value="1"/>
                                </catDesc>
                            </category>
                            <category xml:id="reasonable">
                                <catDesc>
                                    <ref target="#K2.1">cf. Catalogue 2.1</ref>
                                </catDesc>
                                <catDesc>Is the selection by and large reasonable?</catDesc>
                                <catDesc>
                                    <num type="boolean" value="1"/>
                                </catDesc>
                            </category>
                        </category>
                        <category xml:id="data_archive">
                            <catDesc>
                                <ref target="#K4.16">cf. Catalogue 4.16</ref>
                            </catDesc>
                            <catDesc>Does the documentation include information about the long term sustainability of the basic data (archiving of the data)?</catDesc>
                            <catDesc>
                                <num type="boolean" value="1"/>
                            </catDesc>
                        </category>
                        <category xml:id="aims">
                            <catDesc>
                                <ref target="#K3.1">cf. Catalogue 3.1</ref>
                            </catDesc>
                            <catDesc>Are the aims and purposes of the project explicitly documented?</catDesc>
                            <catDesc>
                                <num type="boolean" value="1"/>
                            </catDesc>
                        </category>
                        <category xml:id="methods">
                            <catDesc>
                                <ref target="#K3.1">cf. Catalogue 3.1</ref>
                            </catDesc>
                            <catDesc>Are the methods employed in the project explicitly documented?</catDesc>
                            <catDesc>
                                <num type="boolean" value="0"/>
                            </catDesc>
                        </category>
                        <category xml:id="data_model">
                            <catDesc>
                                <ref target="#K3.7">cf. Catalogue 3.7</ref>
                            </catDesc>
                            <catDesc>Does the project document which data model (e.g. TEI) has been used and for what reason?</catDesc>
                            <catDesc>
                                <num type="boolean" value="0"/>
                            </catDesc>
                        </category>
                        <category xml:id="help">
                            <catDesc>
                                <ref target="#K4.15">cf. Catalogue 4.15</ref>
                            </catDesc>
                            <catDesc>Does the project offer help texts concerning the use of the project?</catDesc>
                            <catDesc>
                                <num type="boolean" value="0"/>
                            </catDesc>
                        </category>
                        <category xml:id="citation">
                            <catDesc>
                                <ref target="#K4.8">cf. Catalogue 4.8</ref>
                            </catDesc>
                            <catDesc>Does the project supply citation guidelines (i.e. how to cite the project or a part of it)?</catDesc>
                            <catDesc>
                                <num type="boolean" value="1"/>
                            </catDesc>
                        </category>
                        <category xml:id="complete">
                            <catDesc>
                                <ref target="#K4.16">cf. Catalogue 4.16</ref>
                            </catDesc>
                            <catDesc>Does the editon regard itself as a completed project (i.e. not promise further modifications and additions)?</catDesc>
                            <catDesc>
                                <num type="boolean" value="0"/>
                            </catDesc>
                        </category>
                        <category xml:id="institutional_curation">
                            <catDesc>
                                <ref target="#K4.13">cf. Catalogue 4.13</ref>
                            </catDesc>
                            <catDesc>Does the project provide information about institutional support for the curation and sustainability of the project?</catDesc>
                            <catDesc>
                                <num type="boolean" value="1"/>
                            </catDesc>
                        </category>
                    </category>
                    <category xml:id="contents">
                        <category xml:id="previous_edition">
                            <catDesc>
                                <ref target="#K2.2">cf. Catalogue 2.2</ref>
                            </catDesc>
                            <catDesc>Has the material been previously edited (in print or digitally)?</catDesc>
                            <catDesc>
                                <num type="boolean" value="1"/>
                            </catDesc>
                        </category>
                        <category xml:id="materials_used">
                            <catDesc>
                                <ref target="#K2.2">cf. Catalogue 2.2</ref>
                            </catDesc>
                            <catDesc>Does the edition make use of these previous editions?</catDesc>
                            <catDesc>
                                <num type="booleanX" value="1"/>
                            </catDesc>
                        </category>
                        <category xml:id="introduction">
                            <catDesc>
                                <ref target="#K4.15">cf. Catalogue 4.15</ref>
                            </catDesc>
                            <catDesc>Does the project offer an introduction to the subject-matter (the author(s), the work, its history, the theme, etc.) of the project?</catDesc>
                            <catDesc>
                                <num type="boolean" value="0"/>
                            </catDesc>
                        </category>
                        <category xml:id="bibliography">
                            <catDesc>
                                <ref target="#K2.3">cf. Catalogue 2.3</ref>
                            </catDesc>
                            <catDesc>Does the project offer a bibliography?</catDesc>
                            <catDesc>
                                <num type="boolean" value="0"/>
                            </catDesc>
                        </category>
                        <category xml:id="commentary">
                            <catDesc>
                                <ref target="#K2.3">cf. Catalogue 2.3</ref>
                            </catDesc>
                            <catDesc>Does the project offer a scholarly commentary (e.g. notes on unclear passages, interpretation, etc.)?</catDesc>
                            <catDesc>
                                <num type="boolean" value="0"/>
                            </catDesc>
                        </category>
                        <category xml:id="contexts">
                            <catDesc>
                                <ref target="#K2.3">cf. Catalogue 2.3</ref>
                            </catDesc>
                            <catDesc>Does the project include or link to external resources with contextual material?</catDesc>
                            <catDesc>
                                <num type="boolean" value="0"/>
                            </catDesc>
                        </category>
                        <category xml:id="images">
                            <catDesc>
                                <ref target="#K2.3">cf. Catalogue 2.3</ref>
                            </catDesc>
                            <catDesc>Does the project offer images of digitised sources?</catDesc>
                            <catDesc>
                                <num type="boolean" value="1"/>
                            </catDesc>
                        </category>
                        <category xml:id="image_quality">
                            <catDesc>
                                <ref target="#K4.6">cf. Catalogue 4.6</ref>
                            </catDesc>
                            <catDesc>Does the project offer images of an acceptable quality?</catDesc>
                            <catDesc>
                                <num type="booleanX" value="1"/>
                            </catDesc>
                        </category>
                        <category xml:id="transcriptions">
                            <catDesc>
                                <ref target="#K2.3">cf. Catalogue 2.3</ref>
                            </catDesc>
                            <catDesc> Is the text fully transcribed?</catDesc>
                            <catDesc>
                                <num type="boolean" value="1"/>
                            </catDesc>
                        </category>
                        <category xml:id="text_quality">
                            <catDesc>
                                <ref target="#K4.6">cf. Catalogue 4.6</ref>
                            </catDesc>
                            <catDesc>Does the project offer texts of an acceptable quality (typos, errors, etc.)?</catDesc>
                            <catDesc>
                                <num type="boolean" value="1"/>
                            </catDesc>
                        </category>
                        <category xml:id="indices">
                            <catDesc>
                                <ref target="#K4.5">cf. Catalogue 4.5</ref>
                            </catDesc>
                            <catDesc>Does the project feature compilations indices, registers or visualisations that offer alternative ways to access the material?</catDesc>
                            <catDesc>
                                <num type="boolean" value="0"/>
                            </catDesc>
                        </category>
                        <category xml:id="documents">
                            <category xml:id="doc_type">
                                <catDesc>
                                    <ref target="#K1.3 #K2.1">cf. Catalogue 1.3 and 2.1</ref>
                                </catDesc>
                                <catDesc>Which kinds of documents are at the basis of the project?</catDesc>
                                <category xml:id="single_manuscript">
                                    <catDesc>
                                        <num type="boolean" value="0"/>
                                    </catDesc>
                                </category>
                                <category xml:id="single_work">
                                    <catDesc>
                                        <num type="boolean" value="0"/>
                                    </catDesc>
                                </category>
                                <category xml:id="collection_of_texts">
                                    <catDesc>
                                        <num type="boolean" value="0"/>
                                    </catDesc>
                                </category>
                                <category xml:id="collected_works">
                                    <catDesc>
                                        <num type="boolean" value="0"/>
                                    </catDesc>
                                </category>
                                <category xml:id="papers">
                                    <catDesc>
                                        <num type="boolean" value="0"/>
                                    </catDesc>
                                </category>
                                <category xml:id="archival_holding">
                                    <catDesc>
                                        <num type="boolean" value="0"/>
                                    </catDesc>
                                </category>
                                <category xml:id="charters">
                                    <catDesc>
                                        <num type="boolean" value="0"/>
                                    </catDesc>
                                </category>
                                <category xml:id="letters">
                                    <catDesc>
                                        <num type="boolean" value="1"/>
                                    </catDesc>
                                </category>
                                <category xml:id="diary">
                                    <catDesc>
                                        <num type="boolean" value="0"/>
                                    </catDesc>
                                </category>
                                <category corresp="#other">
                                    <catDesc>
                                        <num type="boolean" value="0"/>
                                    </catDesc>
                                    <category corresp="#free">
                                        <gloss/>
                                    </category>
                                </category>
                            </category>
                            <category xml:id="doc_time">
                                <catDesc>
                                    <ref target="#K1.3 #K2.1">cf. Catalogue 1.3 and 2.1</ref>
                                </catDesc>
                                <catDesc>What era(s) do the documents belong to?</catDesc>
                                <category xml:id="classics">
                                    <catDesc>
                                        <num type="boolean" value="1"/>
                                    </catDesc>
                                </category>
                                <category xml:id="medieval">
                                    <catDesc>
                                        <num type="boolean" value="0"/>
                                    </catDesc>
                                </category>
                                <category xml:id="early_modern">
                                    <catDesc>
                                        <num type="boolean" value="0"/>
                                    </catDesc>
                                </category>
                                <category xml:id="modern">
                                    <catDesc>
                                        <num type="boolean" value="0"/>
                                    </catDesc>
                                </category>
                            </category>
                        </category>
                        <category xml:id="subject">
                            <catDesc>
                                <ref target="#K1.3">cf. Catalogue 1.3</ref>
                            </catDesc>
                            <catDesc>Which perspective(s) do the editors take towards the edited material? How can the edition be classified in general terms?</catDesc>
                            <category xml:id="history">
                                <catDesc>
                                    <num type="boolean" value="0"/>
                                </catDesc>
                            </category>
                            <category xml:id="philology_literary_studies">
                                <catDesc>
                                    <num type="boolean" value="1"/>
                                </catDesc>
                            </category>
                            <category xml:id="philosophy_theology">
                                <catDesc>
                                    <num type="boolean" value="0"/>
                                </catDesc>
                            </category>
                            <category xml:id="history_of_science">
                                <catDesc>
                                    <num type="boolean" value="0"/>
                                </catDesc>
                            </category>
                            <category xml:id="musicology">
                                <catDesc>
                                    <num type="boolean" value="0"/>
                                </catDesc>
                            </category>
                            <category xml:id="art_history">
                                <catDesc>
                                    <num type="boolean" value="0"/>
                                </catDesc>
                            </category>
                            <category corresp="#other">
                                <catDesc>
                                    <num type="boolean" value="0"/>
                                </catDesc>
                                <category corresp="#free">
                                    <gloss/>
                                </category>
                            </category>
                        </category>
                    </category>
                    <category xml:id="presentation">
                        <category xml:id="spin_offs">
                            <catDesc>
                                <ref target="#K4.11">cf. Catalogue 4.11</ref>
                            </catDesc>
                            <catDesc>Does the project offer any spin-offs?</catDesc>
                            <category xml:id="app">
                                <catDesc>
                                    <num type="boolean" value="0"/>
                                </catDesc>
                            </category>
                            <category xml:id="mobile">
                                <catDesc>
                                    <num type="boolean" value="0"/>
                                </catDesc>
                            </category>
                            <category xml:id="PDF">
                                <catDesc>
                                    <num type="boolean" value="1"/>
                                </catDesc>
                            </category>
                            <category corresp="#other">
                                <catDesc>
                                    <num type="boolean" value="0"/>
                                </catDesc>
                                <category corresp="#free">
                                    <gloss/>
                                </category>
                            </category>
                            <category corresp="#none">
                                <catDesc>
                                    <num type="boolean" value="0"/>
                                </catDesc>
                            </category>
                        </category>
                        <category xml:id="browse_by">
                            <catDesc>
                                <ref target="#K4.3">cf. Catalogue 4.3</ref>
                            </catDesc>
                            <catDesc>By which categories does the project offer to browse the contents?</catDesc>
                            <category xml:id="authors">
                                <catDesc>
                                    <num type="boolean" value="0"/>
                                </catDesc>
                            </category>
                            <category xml:id="works">
                                <catDesc>
                                    <num type="boolean" value="0"/>
                                </catDesc>
                            </category>
                            <category xml:id="versions">
                                <catDesc>
                                    <num type="boolean" value="0"/>
                                </catDesc>
                            </category>
                            <category xml:id="structure">
                                <catDesc>
                                    <num type="boolean" value="0"/>
                                </catDesc>
                            </category>
                            <category xml:id="pages">
                                <catDesc>
                                    <num type="boolean" value="0"/>
                                </catDesc>
                            </category>
                            <category xml:id="browse_by_documents">
                                <catDesc>
                                    <num type="boolean" value="1"/>
                                </catDesc>
                            </category>
                            <category xml:id="type_of_material">
                                <catDesc>
                                    <num type="boolean" value="0"/>
                                </catDesc>
                            </category>
                            <category xml:id="browse_by_images">
                                <catDesc>
                                    <num type="boolean" value="0"/>
                                </catDesc>
                            </category>
                            <category xml:id="dates">
                                <catDesc>
                                    <num type="boolean" value="0"/>
                                </catDesc>
                            </category>
                            <category xml:id="persons">
                                <catDesc>
                                    <num type="boolean" value="0"/>
                                </catDesc>
                            </category>
                            <category xml:id="places">
                                <catDesc>
                                    <num type="boolean" value="0"/>
                                </catDesc>
                            </category>
                            <category corresp="#other">
                                <catDesc>
                                    <num type="boolean" value="0"/>
                                </catDesc>
                                <category corresp="#free">
                                    <gloss/>
                                </category>
                            </category>
                        </category>
                    </category>
                    <category xml:id="search">
                        <category xml:id="simple">
                            <catDesc>
                                <ref target="#K4.4">cf. Catalogue 4.4</ref>
                            </catDesc>
                            <catDesc>Does the project offer a simple search?</catDesc>
                            <catDesc>
                                <num type="boolean" value="1"/>
                            </catDesc>
                        </category>
                        <category xml:id="advanced">
                            <catDesc>
                                <ref target="#K4.4">cf. Catalogue 4.4</ref>
                            </catDesc>
                            <catDesc>Does the project offer an advanced search?</catDesc>
                            <catDesc>
                                <num type="boolean" value="0"/>
                            </catDesc>
                        </category>
                        <category xml:id="wildcard">
                            <catDesc>
                                <ref target="#K4.4">cf. Catalogue 4.4</ref>
                            </catDesc>
                            <catDesc>Does the search support the use of wildcards?</catDesc>
                            <catDesc>
                                <num type="booleanX" value="0"/>
                            </catDesc>
                        </category>
                        <category xml:id="index">
                            <catDesc>
                                <ref target="#K4.4">cf. Catalogue 4.4</ref>
                            </catDesc>
                            <catDesc>Does the search offer an index of the searched field?</catDesc>
                            <catDesc>
                                <num type="booleanX" value="0"/>
                            </catDesc>
                        </category>
                        <category xml:id="suggest">
                            <catDesc>
                                <ref target="#K4.4">cf. Catalogue 4.4</ref>
                            </catDesc>
                            <catDesc>Does the search offer autocompletion or suggest functionalities?</catDesc>
                            <catDesc>
                                <num type="booleanX" value="0"/>
                            </catDesc>
                        </category>
                        <category xml:id="helptext">
                            <catDesc>
                                <ref target="#K4.4">cf. Catalogue 4.4</ref>
                            </catDesc>
                            <catDesc>Does the project offer help texts for the search?</catDesc>
                            <catDesc>
                                <num type="booleanX" value="0"/>
                            </catDesc>
                        </category>
                    </category>
                    <category xml:id="aim">
                        <category xml:id="audience">
                            <catDesc>
                                <ref target="#K3.3">cf. Catalogue 3.3</ref>
                            </catDesc>
                            <catDesc>Who is the intended audience of the project?</catDesc>
                            <category xml:id="scholars">
                                <catDesc>
                                    <num type="boolean" value="1"/>
                                </catDesc>
                            </category>
                            <category xml:id="interested_public">
                                <catDesc>
                                    <num type="boolean" value="1"/>
                                </catDesc>
                            </category>
                        </category>
                        <category xml:id="typology">
                            <catDesc>
                                <ref target="#K3.3 #K5.1">cf. Catalogue 3.3 and 5.1</ref>
                            </catDesc>
                            <catDesc>Which type fits best for the reviewed project?</catDesc>
                            <category xml:id="facsimile_edition">
                                <catDesc>
                                    <num type="boolean" value="0"/>
                                </catDesc>
                            </category>
                            <category xml:id="archive_edition">
                                <catDesc>
                                    <num type="boolean" value="0"/>
                                </catDesc>
                            </category>
                            <category xml:id="documentary_edition">
                                <catDesc>
                                    <num type="boolean" value="1"/>
                                </catDesc>
                            </category>
                            <category xml:id="diplomatic_edition">
                                <catDesc>
                                    <num type="boolean" value="0"/>
                                </catDesc>
                            </category>
                            <category xml:id="genetic_edition">
                                <catDesc>
                                    <num type="boolean" value="0"/>
                                </catDesc>
                            </category>
                            <category xml:id="work_critical_edition">
                                <catDesc>
                                    <num type="boolean" value="0"/>
                                </catDesc>
                            </category>
                            <category xml:id="text_critical_edition">
                                <catDesc>
                                    <num type="boolean" value="0"/>
                                </catDesc>
                            </category>
                            <category xml:id="enriched_edition">
                                <catDesc>
                                    <num type="boolean" value="0"/>
                                </catDesc>
                            </category>
                            <category xml:id="database_edition">
                                <catDesc>
                                    <num type="boolean" value="0"/>
                                </catDesc>
                            </category>
                            <category xml:id="digital_library">
                                <catDesc>
                                    <num type="boolean" value="0"/>
                                </catDesc>
                            </category>
                            <category xml:id="typology_collection_of_texts">
                                <catDesc>
                                    <num type="boolean" value="0"/>
                                </catDesc>
                            </category>
                            <category corresp="#other">
                                <catDesc>
                                    <num type="boolean" value="0"/>
                                </catDesc>
                                <category corresp="#free">
                                    <gloss/>
                                </category>
                            </category>
                            <category corresp="#none">
                                <catDesc>
                                    <num type="boolean" value="0"/>
                                </catDesc>
                            </category>
                        </category>
                    </category>
                    <category xml:id="method">
                        <catDesc rend="label">Method</catDesc>
                        <category xml:id="critical_editing">
                            <catDesc>
                                <ref target="#K3.6">cf. Catalogue 3.6</ref>
                            </catDesc>
                            <catDesc>In how far is the text critically edited?</catDesc>
                            <category xml:id="transmission_examined">
                                <catDesc>
                                    <num type="boolean" value="0"/>
                                </catDesc>
                            </category>
                            <category xml:id="palaeographic_annotations">
                                <catDesc>
                                    <num type="boolean" value="0"/>
                                </catDesc>
                            </category>
                            <category xml:id="normalization">
                                <catDesc>
                                    <num type="boolean" value="1"/>
                                </catDesc>
                            </category>
                            <category xml:id="variants">
                                <catDesc>
                                    <num type="boolean" value="0"/>
                                </catDesc>
                            </category>
                            <category xml:id="emendation">
                                <catDesc>
                                    <num type="boolean" value="0"/>
                                </catDesc>
                            </category>
                            <category xml:id="commentary_notes">
                                <catDesc>
                                    <num type="boolean" value="0"/>
                                </catDesc>
                            </category>
                            <category corresp="#other">
                                <catDesc>
                                    <num type="boolean" value="0"/>
                                </catDesc>
                                <category corresp="#free">
                                    <gloss/>
                                </category>
                            </category>
                            <category corresp="#none">
                                <catDesc>
                                    <num type="boolean" value="0"/>
                                </catDesc>
                            </category>
                        </category>
                        <category xml:id="standards">
                            <catDesc>
                                <ref target="#K3.7">cf. Catalogue 3.7</ref>
                            </catDesc>
                            <category xml:id="XML">
                                <catDesc>Is the data encoded in XML?</catDesc>
                                <catDesc>
                                    <num type="boolean" value="0"/>
                                </catDesc>
                            </category>
                            <category xml:id="standardized_data_model">
                                <catDesc>
                                    <num type="boolean" value="0"/>
                                </catDesc>
                                <catDesc>Is the project employing a standardized data model (e.g. TEI)?</catDesc>
                            </category>
                        </category>
                        <category xml:id="text_type">
                            <catDesc>
                                <ref target="#K3.5">cf. Catalogue 3.5.</ref>
                            </catDesc>
                            <catDesc>Which kinds or forms of text are presented?</catDesc>
                            <category xml:id="facsimiles">
                                <catDesc>
                                    <num type="boolean" value="1"/>
                                </catDesc>
                            </category>
                            <category xml:id="diplomatic_transcription">
                                <catDesc>
                                    <num type="boolean" value="0"/>
                                </catDesc>
                            </category>
                            <category xml:id="edited_text">
                                <catDesc>
                                    <num type="boolean" value="0"/>
                                </catDesc>
                            </category>
                            <category xml:id="translations">
                                <catDesc>
                                    <num type="boolean" value="0"/>
                                </catDesc>
                            </category>
                            <category xml:id="commentaries">
                                <catDesc>
                                    <num type="boolean" value="0"/>
                                </catDesc>
                            </category>
                            <category xml:id="semantic_data">
                                <catDesc>
                                    <num type="boolean" value="0"/>
                                </catDesc>
                            </category>
                        </category>
                    </category>
                    <category xml:id="technical_accessability">
                        <category xml:id="persistent_identification">
                            <catDesc>
                                <ref target="#K4.8">cf. Catalogue 4.8</ref>
                            </catDesc>
                            <catDesc>Are there persistent identifiers and an addressing system for the
                                                edition and/or parts/objects of it and which mechanism is used to
                                                that end?</catDesc>
                            <category xml:id="DOI">
                                <catDesc>
                                    <num type="boolean" value="0"/>
                                </catDesc>
                            </category>
                            <category xml:id="ARK">
                                <catDesc>
                                    <num type="boolean" value="0"/>
                                </catDesc>
                            </category>
                            <category xml:id="URN">
                                <catDesc>
                                    <num type="boolean" value="0"/>
                                </catDesc>
                            </category>
                            <category xml:id="PURL.ORG">
                                <catDesc>
                                    <num type="boolean" value="0"/>
                                </catDesc>
                            </category>
                            <category corresp="#other">
                                <catDesc>
                                    <num type="boolean" value="0"/>
                                </catDesc>
                                <category corresp="#free">
                                    <gloss/>
                                </category>
                            </category>
                            <category xml:id="persistent_URLs">
                                <catDesc>
                                    <num type="boolean" value="1"/>
                                </catDesc>
                            </category>
                            <category corresp="#none">
                                <catDesc>
                                    <num type="boolean" value="0"/>
                                </catDesc>
                            </category>
                        </category>
                        <category xml:id="interfaces">
                            <catDesc>
                                <ref target="#K4.9">cf. Catalogue 4.9</ref>
                            </catDesc>
                            <catDesc>Are there technical interfaces like OAI-PMH, REST etc., which allow the reuse of the data of the project in other contexts?</catDesc>
                            <category xml:id="OAI-PMH">
                                <catDesc>
                                    <num type="boolean" value="0"/>
                                </catDesc>
                            </category>
                            <category xml:id="REST">
                                <catDesc>
                                    <num type="boolean" value="0"/>
                                </catDesc>
                            </category>
                            <category xml:id="general_API">
                                <catDesc>
                                    <num type="boolean" value="0"/>
                                </catDesc>
                            </category>
                            <category corresp="#other">
                                <catDesc>
                                    <num type="boolean" value="0"/>
                                </catDesc>
                                <category corresp="#free">
                                    <gloss/>
                                </category>
                            </category>
                            <category corresp="#none">
                                <catDesc>
                                    <num type="boolean" value="1"/>
                                </catDesc>
                            </category>
                        </category>
                        <category xml:id="open_access">
                            <catDesc>Is the edition Open Access?</catDesc>
                            <catDesc>
                                <num type="boolean" value="1"/>
                            </catDesc>
                        </category>
                        <category xml:id="basic_data_accessible">
                            <catDesc>
                                <ref target="#K4.12">cf. Catalogue 4.12</ref>
                            </catDesc>
                            <catDesc>Is the basic data (e.g. the XML) of the project accessible for each part of the edition (e.g. for a page)?</catDesc>
                            <catDesc>
                                <num type="boolean" value="0"/>
                            </catDesc>
                        </category>
                        <category xml:id="download">
                            <catDesc>
                                <ref target="#K4.9">cf. Catalogue 4.9</ref>
                            </catDesc>
                            <catDesc>Can the entire raw data of the project be downloaded (as a whole)?</catDesc>
                            <catDesc>
                                <num type="boolean" value="0"/>
                            </catDesc>
                        </category>
                        <category xml:id="reuse">
                            <catDesc>
                                <ref target="#K4.9">cf. Catalogue 4.9</ref>
                            </catDesc>
                            <catDesc>Can you use the data with other tools useful for this kind of content?</catDesc>
                            <catDesc>
                                <num type="boolean" value="0"/>
                            </catDesc>
                        </category>
                        <category xml:id="rights">
                            <category xml:id="declared">
                                <catDesc>
                                    <ref target="#K4.13">cf. Catalogue 4.13</ref>
                                </catDesc>
                                <catDesc>Are the rights to (re)use the content declared?</catDesc>
                                <catDesc>
                                    <num type="boolean" value="1"/>
                                </catDesc>
                            </category>
                            <category xml:id="license">
                                <catDesc>
                                    <ref target="#K4.13">cf. Catalogue 4.13</ref>
                                </catDesc>
                                <catDesc>Under what license are the contents released?</catDesc>
                                <category xml:id="CC0">
                                    <catDesc>
                                        <num type="boolean" value="0"/>
                                    </catDesc>
                                </category>
                                <category xml:id="CC-BY">
                                    <catDesc>
                                        <num type="boolean" value="1"/>
                                    </catDesc>
                                </category>
                                <category xml:id="CC-BY-ND">
                                    <catDesc>
                                        <num type="boolean" value="0"/>
                                    </catDesc>
                                </category>
                                <category xml:id="CC-BY-NC">
                                    <catDesc>
                                        <num type="boolean" value="0"/>
                                    </catDesc>
                                </category>
                                <category xml:id="CC-BY-SA">
                                    <catDesc>
                                        <num type="boolean" value="0"/>
                                    </catDesc>
                                </category>
                                <category xml:id="CC-BY-NC-ND">
                                    <catDesc>
                                        <num type="boolean" value="0"/>
                                    </catDesc>
                                </category>
                                <category xml:id="CC-BY-NC-SA">
                                    <catDesc>
                                        <num type="boolean" value="0"/>
                                    </catDesc>
                                </category>
                                <category xml:id="PDM">
                                    <catDesc>
                                        <num type="boolean" value="0"/>
                                    </catDesc>
                                </category>
                                <category corresp="#other">
                                    <catDesc>
                                        <num type="boolean" value="0"/>
                                    </catDesc>
                                    <category corresp="#free">
                                        <gloss/>
                                    </category>
                                </category>
                                <category xml:id="no_license">
                                    <catDesc>
                                        <num type="boolean" value="0"/>
                                    </catDesc>
                                </category>
                                <category xml:id="multiple_licenses">
                                    <catDesc>
                                        <num type="boolean" value="0"/>
                                    </catDesc>
                                </category>
                            </category>
                        </category>
                    </category>
                </taxonomy>
            </classDecl>
        </encodingDesc>
    </teiHeader>
    <text>
        <body>
            <div type="abstract">
                <p>The Salzburg Mozarteum Foundation in cooperation with the Packard Humanities Institute, Los
                    Altos (California) has digitized historical letters and documents
                    of the Mozart family. The goal of the project is the online publication of
                    all letters and documents related to the Mozart family as well as related
                    letters and documents spanning from 1740 to 1880. The digital edition has achieved these objectives, 
                    but does not fully exploit its potential. This review gives an
                    overview to the presented online publication of Mozarts correspondance, its
                    appearance, a discussion of the editorial content, the projects targets and
                    methods. </p>
            </div>
            <div type="text">
                <div type="div2">
                    <head>Einleitung </head>
                    <p>Die digitale Edition „Mozarts Briefe und Dokumente“ wird im Rahmen der
                        Digitalen Mozart Edition (DME) durch die Stiftung
                        Mozarteum Salzburg herausgegeben. Die Edition ist erreichbar unter:
                        <ptr target="http://dme.mozarteum.at/DME/main/cms.php?tid=110&amp;sec=briefe"/>.<note xml:id="ftn1" n="1">
                                Zum Zeitpunkt des Verfassens dieser Rezension war die Website nur unter  
                                <ptr target="http://dme.mozarteum.at/DME/main/cms.php?tid=110&amp;sec=briefe"/> erreichbar. In der Zwischenzeit wurde zwar die
                                        Website der Stiftung überarbeitet, nicht aber die digitale
                                        Edition an sich. Die digitale Edition kann von verschiedenen
                                        Seiten der Stiftung aufgerufen werden, u.a. auch über eine zusätzliche Adresse 
                            <ptr target="http://dme.mozarteum.at/briefe-dokumente/"/>, dabei stellt sie sich
                                        mal ohne mal mit umgebenden Frame der Stiftungsseite dar.
                                        Für die Besprechung hat dies aber keine Auswirkungen,
                                        Inhalte und Funktionalitäten sind grundsätzlich gleich
                                        geblieben.</note> Aus dem Impressum geht
                        hervor, dass das Projekt seit 2006 besteht, zur Entstehung und dem Verlauf
                        des Projektes bzw. zum zeitlichen Horizont werden leider keine Angaben
                        gemacht.</p>
                    <p>Gegenstand der Publikation sind Briefe und Dokumente zur Mozart-Familie aus
                        der Zeit zwischen 1740 und 1880 in Bild und Text. Die Stiftung Mozarteum
                        Salzburg verwahrt die größte Sammlung an Dokumenten der Mozartfamilie
                        weltweit. Die Dokumente wurden in den letzten Jahren nach und nach mit den
                        Mitteln der neuesten Technik digitalisiert, um sie einem breiteren Publikum
                        zugänglich zu machen. Neben den eigenen Beständen sollen aber auch weiterhin
                        andere Schriftstücke aufgenommen werden, die gar nicht oder nur teilweise in
                        der gedruckten, von Bauer und Deutsch bearbeiteten, Gesamtausgabe erschienen
                        sind. Es geht hierbei um die Integration von „Schätzen“<note xml:id="ftn2" n="2"> Startseite des rezensierten
                                Projekts.</note> in den Onlineauftritt und den damit verbundenen
                        Aufruf an die Besitzer dieser Schätze, jene bereitzustellen und der
                        Öffentlichkeit zur Verfügung zu stellen. Damit soll eine „Lücke“ (zum
                        Beispiel die Edition der Korrespondenz bis zum Jahre 1858, die in der
                        Gesamtausgabe nur in Auszügen vorhanden ist) gefüllt werden und einen
                        größeren Kreis von Interessenten ansprechen. </p>
                    <p>Offizielle Förderer des Projekts sind die Stiftung Mozarteum Salzburg<note xml:id="ftn3" n="3">
                                <ptr target="http://www.mozarteum.at/"/></note> und das
                        Packard Humanities Institute<note xml:id="ftn4" n="4">
                                <ptr target="https://www.packhum.org/"/></note>. Als
                        Herausgeber der Briefe-Edition wird die DME genannt,
                        darunter werden sieben Mitarbeiter inklusive Leitung und IT-Entwicklung
                            aufgeführt.<note xml:id="ftn5" n="5">
                                <ptr target="http://web.archive.org/web/20190529064420/http://dme.mozarteum.at/DME/main/cms.php?tid=130&amp;sec=briefe"/>
                            </note> Ausführlichere Angaben zu den Laufzeiten oder
                        Zuständigkeiten werden in diesem Zusammenhang nicht gemacht. Es wäre zum
                        Beispiel von Interesse, wie das Teilprojekt entstanden ist und in welcher
                        Beziehung es zu anderen Projekten – nicht nur innerhalb der DME – steht.</p>
                    <p>Das Gesamtprojekt Digitale Mozart-Edition „strebt eine interne
                        Vernetzung der digitalen Ressourcen der ISM an und stellt Schnittstellen für
                        externe Services bereit.“<note xml:id="ftn6" n="6">
                                <ptr target="http://web.archive.org/web/20180513004747/http://dme.mozarteum.at/DME/main/index.php"/>;
                                mittlerweile überarbeitet online unter: <ptr target="http://dme.mozarteum.at"/>.
                            </note> Wie genau diese interne Vernetzung zu verstehen ist, oder
                        wie die Verknüpfung zu anderen Projekten wie zum Beispiel „Mozart im Spiegel
                        des frühen Musikjournalismus“<note xml:id="ftn7" n="7">
                                <ptr target="http://dme.mozarteum.at/mozart-rezeption/edition/sessions.php?content=cms&amp;menu=1"/></note>
                        oder zur Neuen Mozart-Ausgabe (NMA)<note xml:id="ftn8" n="8">
                                <ptr target="http://web.archive.org/web/20190529065036/http://dme.mozarteum.at/DME/nma/nmapub_srch.php?l=1"/>
                            </note> aussieht, wird nicht weiter ausgeführt.</p>
                    <p>„Die DME zielt darauf ab, das gesamte Schaffen Wolfgang Amadé Mozarts
                        (1756–1791) in digitaler Form weltweit für jedermann über das Internet zum
                        Studium und zu Aufführungszwecken zur Verfügung zu stellen.“<note xml:id="ftn9" n="9">
                                <ptr target="http://web.archive.org/web/20180513004747/http://dme.mozarteum.at/DME/main/index.php"/></note>
                        Die recht kurz gehaltenen Beschreibungen aller Teilprojekte legen nahe, dass
                        es sich bei allen Ausgaben um reine Digitalisierungsprojekte handelt.</p>
                    <p>Die letzte Aktualisierung aller Seiten ist im Mai bzw. Juni 2017<note xml:id="ftn10" n="10">
                                Dies war zum Zeitpunkt des Verfassens
                                    dieser Rezension der Fall. In der Zwischenzeit wurde ein Update
                                    vorgenommen, welches aber nicht anhand eines Datums auf der
                                    Seite nachvollziehbar ist.</note> vorgenommen worden.
                        Neuere Beiträge, Aktuelles zum Projektverlauf oder ähnliche Informationen
                        sowie die regelmäßige Pflege der Seiten wären eine positive Bereicherung der
                        Seiten.</p>
                </div>
                <div type="div2">
                    <head>Gegenstand und Inhalte der Edition</head>
                    <p>Alle bekannten und zugänglichen Briefe von Leopold und Wolfgang Amadé Mozart
                        sind von Wilhelm A. Bauer und Otto Erich Deutsch herausgegeben und seit 1962
                        im Druck veröffentlicht worden.<note xml:id="ftn11" n="11">
                                Abgeschlossen wurde die gedruckte
                                    Gesamtausgabe, die im Bärenreiterverlag erschienen ist, im Jahr
                                    2007, vgl.:
                                <ptr target="https://web.archive.org/web/20180420062301/http://www.mozarteum.at/wissenschaft/mozart-institut/neue-mozart-ausgabe.html"/>.
                            </note> Ziel des Projektes ist es, diese digital aufzubereiten und
                        online bereitzustellen.<note xml:id="ftn12" n="12">
                                Vgl. ebd.: Die NMA ist die erste
                                    Musikergesamtausgabe, die für jedermann online verfügbar
                                    ist.
                            </note> Ausgewählt worden sind zunächst die Materialien, die in
                        Salzburg vorhanden sind und mit denen vor einigen Jahren begonnen wurde, sie
                        „auf dem neusten Stand der Technik zu digitalisieren“.<note xml:id="ftn13" n="13"> Vgl. <ptr target="http://web.archive.org/web/20190529064304/http://dme.mozarteum.at/DME/main/cms.php?tid=110&amp;sec=briefe"/>.
                            </note>. Dabei handelt es sich bei dem Material um Briefe und
                        Dokumente der Mozart-Familie zwischen 1740 und 1880 in Bild und Text. Für
                        wissenschaftliche Editionen, insbesondere für die digitalen, ist dies
                        sicherlich eine Herausforderung, da neben der
                            Fülle der Materialien Digitalisierungsstandards sowie bereits bestehende
                            analoge Editionen berücksichtigt werden müssen. Darüber hinaus ist
                        „langfristig die Neuedition“ die Quellen geplant, was eine neue Zugangs- und
                        Betrachtungsweise der Gegenstände vermuten lässt.<note xml:id="ftn14" n="14">
                                Ebd.</note></p>
                    <p>Die Materialien sind systematisch aufbereitet, indem die Briefe in Gruppen
                        aufgeteilt wurden. Darunter Briefe der Mozart-Familie bis 1791 (in weiteren
                        Rubriken Reisebriefe, Briefe der Wiener Zeit und Briefe von Leopold Mozart
                        an Maria Anna Berchtold zu Sonnenburg 1784 bis 1787), weiterhin Briefe und
                        Dokumente der Mozart-Familie 1792 bis 1858, dann Briefe und Dokumente zur
                        Institutionsgeschichte aus der Zeit 1841 bis 1880 und schließlich das
                        Stammbuch von Franz Xaver Wolfgang Mozart (1801 bis 1812). Zu jeder Gruppe
                        gibt es eine sehr kurze Einführung sowie eine Auflistung der einzelnen
                        Dokumente. Am Ende der Seite bekommt der Leser die Information, es seien
                        derzeit 1128 Dokumente online verfügbar und das letzte Update im Juni 2016
                        vorgenommen worden. Somit stellt sich die Frage, ob bis dahin sämtliche
                        Materialien aus dem Besitz der Stiftung bereits digitalisiert worden sind
                        und es deshalb keine weiteren Einträge geben wird? In diesem Fall wäre eine
                        abschließende Bemerkung wünschenswert.</p>
                </div>
                <div type="div2">
                    <head>Ziele und Methoden</head>
                    <p>In der digitalen Edition werden Methoden und Konzepte des Projektes nicht
                        explizit genannt oder dokumentiert. Die Ausgabe habe sich zum Ziel gesetzt,
                        sämtliche Briefe und Aufzeichnungen der Mozart-Familie, die im Besitz der
                        Stiftung Mozarteum Salzburg verwahrt werden, in der Edition online verfügbar
                        zu machen. Darüber hinaus soll ein reichhaltiger Dokumentenbestand
                        (Korrespondenzen, Stammbuchblätter, Quittungen etc.) mit aufgenommen werden,
                        doch werden keinerlei Angaben dazu gemacht, in welcher Form oder mit welchen
                        Mitteln dies umgesetzt wird, bzw. was der Mehrwert der Ausgabe in ihrer
                        digitalen Form ist. Es wird darauf hingewiesen, dass die Digitalisierung mit
                        den neusten technischen Methoden vorgenommen würde und bereits seit längerer
                        Zeit umgesetzt wird, die gedruckten Editionen werden demnach identisch
                        übernommen.</p>
                    <figure>
                        <head>Abb. 1: Abschnitte der Editionsrichtlinien</head>
                        <graphic url="wp-content/uploads/issue_10/mozart/pictures/picture-1.png"/>
                    </figure>
                    <p>Als methodischer Ansatz dienen die für die Edition verfassten
                            Richtlinien (Abb. 1.).<note xml:id="ftn15" n="15">
                                <ptr target="http://web.archive.org/web/20180508185129/http://dme.mozarteum.at/DME/main/cms.php?tid=112&amp;sec=briefe"/>
                            </note> Darin wird zunächst darauf hingewiesen, dass Texte in einer
                        diplomatischen Transkription erfasst werden. Zu den Editionsrichtlinien gibt
                        es eine eigene Seite, auf der alle Informationen diesbezüglich ausführlich
                        besprochen werden. Dazu gehören Kapitel zu <emph>Standardisierungen</emph>, <emph>Layoutmerkmale</emph>, <emph>Stempel und Marken</emph>, sowie <emph>Zusätze
                            fremder Hand</emph>, <emph>Ergänzungen und Auslassungen durch
                            den Herausgeber</emph> und letztlich zur <emph>PDF-Druckfassung</emph> (siehe Abb.
                        1)<emph>. </emph>Ferner gibt es ein
                        Abkürzungsverzeichnis, welches eine Übersicht mit den vorkommenden Zeichen
                        und deren Auflösungen enthält. Bedauerlicherweise gibt es keine
                        Informationen darüber, wie und durch wen diese Regeln entstanden sind oder
                        auf welche Begründungen sie zurückzuführen sind. Es wird durch sie zwar
                        deutlich, dass den Editoren an einer größtmöglichen Dokumentennähe gelegen
                        ist, doch wäre es lohnenswert, ein Konzept, Grundüberlegungen des Projektes,
                        Vorbemerkungen dazu, Ideen und Methoden oder sonstige Dokumentationen
                        bereitzustellen. </p>
                    <p>Unter <emph>Dokumente</emph> werden nun sämtliche Materialien
                        aufgelistet und verlinkt. In dieser Liste wird am unteren Bildrand darauf
                        hingewiesen, dass es sich um 1055 Dokumente handelt, was ein wenig
                        verwirrend ist, da auf der Seite zum <emph>Projektstand</emph> die
                        Zahl 1128 genannt wird. Die Erschließung der einzelnen Quellen beinhaltet
                        neben Titel, Autor, Adressat, Jahresdaten und Ort, mitunter eine Anmerkung
                        zum Brief insgesamt, außerdem Informationen über den Standort und ggf. einen
                        Link zur Quelle (sofern online verfügbar). Von einer darüber hinaus gehenden
                        kritischen Quellenbegutachtung wird abgesehen. Mögliche Querverbindungen,
                        Erkenntnisse aus den Dokument-Inhalten und sonstige etwaige Informationen
                        zum Umgang mit den Quellen, zu Bearbeitungsstadien etc. werden nicht
                        aufgeführt. Natürlich könnten beschränkte personelle Ressourcen hierfür ein
                        Grund sein, doch wären solche oder ähnliche Informationen über eine
                        physische Quellenbeschreibung hinaus sicher bereichernd. </p>
                    <p>Eine Modellierung der digitalen editorischen Methodik ist insofern nicht
                        möglich, als dass gar kein Bedarf besteht. Die Materialien werden in einer
                        diplomatischen Transkription wiedergegeben, was laut Projektstand
                        ausschließlich im HTML-Format geschieht und innerhalb dieses Formats wird
                        zwischen dem ursprünglichen Dokumenttext und später hinzugefügten
                        Annotationen unterschieden.<note xml:id="ftn16" n="16">
                                Damit sind alle Informationen, die von
                                    fremder Hand hinzugefügt wurden gemeint, vgl.:
                                <ptr target="http://web.archive.org/web/20180508185050/http://dme.mozarteum.at/DME/main/cms.php?tid=111&amp;sec=briefe"/>.
                            </note> Hier stellt sich bereits die Frage nach dem Grund für die
                        Wahl des Zielformates, zu der es keine weiteren Angaben gibt. Naheliegend
                        wäre zum Beispiel eine Auszeichnung nach den Richtlinien der Text Encoding
                        Initiative, insbesondere da auf eine „Neuedition der Quellen“ hingewiesen
                            wird.<note xml:id="ftn17" n="17">
                                Bereits 2009 erläuterte J. Veit die Vorteile einer Briefedition mit TEI, vgl.: Die Codierung digitaler
                                    Briefeditionen mit TEI P5, in:
                                    Digitale Editionen zwischen Experiment und Standardisierung:
                                    Musik- Text- Codierung, hg. v. Peter Stadler und Joachim Veit,
                                    in Beihefte zu editio, 2009. HTML besitzt nur ein beschränktes Maß an
                                    Auszeichnungsmöglichkeiten und kann nicht die Anforderungen an
                                    eine flexibel erweiterbare und ausdrucksmächtige
                                    Beschreibungssprache erfüllen, sie beruht eher auf
                                    layoutbeschreibenden Konzepten.</note>
                        Datenmodellierung oder die Dokumentation eines Datenmodells sind
                        dementsprechend nicht notwendig. Die Transkriptionen bzw. Materialien sind
                        nicht weiter aufbereitet, anscheinend nicht mit Normdaten zu Personen, Orten
                        etc. angereichert.<note xml:id="ftn18" n="18"> Allerdings wurde 2016 ein Briefverzeichnis mit
                                668 Briefen im „Correspondence Metadata Interchange Format“
                                bereitgestellt, dessen Daten im Webservice correspSearch abgerufen
                                werden können (vgl. <ptr target="http://web.archive.org/web/20190529065440/https://correspsearch.net//search.xql?correspondent=all&amp;publication=DME&amp;l=de"/>).
                                Dafür wurden auch Normdaten-IDs verwendet. In der digitalen Edition
                                selbst sind diese aber nicht sichtbar oder für
                                Vernetzungsmöglichkeiten genutzt worden.</note> Es gibt ferner
                        keine Ansicht zum Quelltext. Da keine Angaben dazu gemacht werden, besteht
                        natürlich die Möglichkeit, dass die Daten bereits in anderen Formaten
                        vorliegen, diese aber (noch) nicht bereitgestellt wurden. Daher sei hiermit
                        die Empfehlung ausgesprochen, dieses unbedingt nachzuholen oder zu ergänzen.
                    </p>
                </div>
                <div type="div2">
                    <head>Technische Umsetzung und Präsentation</head>
                    <p>Die Oberfläche der Ausgabe ist übersichtlich gestaltet und intuitiv nutzbar.
                        Die Reiter in der oberen Menüleiste geben die Struktur vor, sie erfolgt zwar
                        allgemeinen Mustern, scheint jedoch ein wenig veraltet zu sein. Der Nutzer
                        weiß aber stets, wo er sich befindet und erfährt umgehend, mit welchen
                        Inhalten er sich gerade beschäftigt. Neben der Startseite, gibt es die Seite
                        zu den Dokumenten (also zu dem bearbeiteten Material), Informationen zum
                        Projektstand, zu den Editionsrichtlinien, ein Abkürzungsverzeichnis, sowie
                        das Impressum und die Möglichkeit, die Mitarbeiter des Projektes via E-Mail
                        zu kontaktieren.</p>
                    <p>Die technische Umsetzung der Publikation erfolgt durch das Bereitstellen der
                        Briefe als digitale Faksimiles, verknüpft mit deren Transkriptionen, die in
                        HTML umgesetzt wurden. Allerdings sind diese Ansichten nicht tatsächlich
                        verknüpft, sondern werden beim Öffnen einer Quelle „nur“
                        nebeneinandergelegt. Eine direkte Verbindung der Ansichten scheint nicht
                        vorhanden zu sein.<note xml:id="ftn19" n="19">
                                Dies könnte etwa eine Synchronisierung
                                    sein, Hervorhebungen, die auf beiden Seiten angezeigt werden
                                    oder anklickbare Items, die jeweils im Gegenüber
                                    erscheinen.</note>
                    </p>
                    <figure>
                        <head>Abb. 2: Liste der Briefe</head>
                        <graphic url="wp-content/uploads/issue_10/mozart/pictures/picture-2.png"/>
                    </figure>
                    <figure>
                        <head>Abb. 3: Suche</head>
                        <graphic url="wp-content/uploads/issue_10/mozart/pictures/picture-3.png"/>
                    </figure>
                    <p>Innerhalb der Dokumentenauswahl erscheinen die Briefe zunächst in einer Liste
                        (Abb. 2), welche nochmals über die Auswahl eines bestimmten Zeitraums
                        gefiltert werden kann. Des Weiteren wird eine Suchfunktion angeboten. Es
                        gibt unterschiedliche Möglichkeiten auch diese Suche einzugrenzen indem nach
                        Autor, Adressat oder auch Freitext gesucht werden kann (Abb. 3). Außerdem
                        können mehrere Such-Felder kombiniert werden. Das Ergebnis erscheint auf der
                        gegenüberliegenden Seite, gekennzeichnet mit einer Identifikationsnummer,
                        deren Funktion jedoch unklar bleibt. Wird die Identifikationsnummer
                        angeklickt, öffnet sich das Dokument in einem neuen Tab. Technisch wird die
                        Suche mit einem integrierten Script und einer jQuery-Abfrage umgesetzt. Eine
                        Beschreibung der Suchfunktion, darüber wie sie zu benutzen ist und wie sie
                        auf orthografische Unterschiede reagiert sowie ggf. eine Erweiterung in
                        Richtung Volltextsuche ist wünschenswert. Zusätzliche Register oder Indizes
                        werden leider nicht angeboten.</p>
                    <figure>
                        <head>Abb. 4: Einzelansicht Faksimile und Transkription</head>
                        <graphic url="wp-content/uploads/issue_10/mozart/pictures/picture-4.png"/>
                    </figure>
                    <p>Die Dokumente werden auf dem Bildschirm in zwei nicht beweglichen Fenstern
                        nebeneinandergelegt (Abb. 4). Auf der linken Seite befindet sich die
                        Transkription und auf der rechten Seite das originale Dokument mit einem
                        Maßstab (die Abmessungen sind aber nicht ersichtlich). Eine Farbskala
                        befindet sich am unteren Bildrand, dessen Funktion jedoch unklar ist.
                        Gezoomt werden kann leider auch nur einfach. Es gibt keine weiteren
                        Hervorhebungen, Kennzeichnungen, farbliche Markierungen innerhalb der
                        Transkription. Es gibt die Möglichkeit eine Lesefassung im PDF-Format
                        herunterzuladen.</p>
                    <figure>
                        <head>Abb. 5: Zitationsbeispiel</head>
                        <graphic url="wp-content/uploads/issue_10/mozart/pictures/picture-5.png"/>
                    </figure>
                    <p>Die Referenzierbarkeit und somit die Nachnutzbarkeit der Inhalte ist durch
                        das einfache Kopieren des Links gewährleistet, zur Zitation gibt es ein
                        Beispiel auf der Seite des Impressums (Abb. 5).</p>
                    <p>Es werden keine weiteren Schnittstellen oder der Hinweis auf eine mögliche
                        Integration in andere Inhalte bzw. Projekte oder die Verknüpfung zu sozialen
                        Medien oder virtuelle Forschungsumgebungen angegeben. Über das Angebot einer
                        PDF-Lesefassung, deren Druck oder Download möglich ist, geht es leider nicht
                        hinaus. Alle Materialien sind unter der Creative Commons-Lizenz „CC BY-NC-SA
                        4.0“ lizenziert. Daher dürfen alle Materialien vervielfältigt und
                        weiterverbreitet werden, es soll aber auf angemessene Urheber- und
                        Rechteangaben hingewiesen werden. Außerdem dürfen die Materialien dürfen
                        nicht für kommerzielle Zwecke genutzt werden.</p>
                    <p>Die Inhalte der Edition sind statischer Natur, die gesamte Ausgabe versteht
                        sich als Portal zur Bereitstellung vorhandener Materialien für ein breiteres
                        Publikum und zur besseren Zugänglichkeit. Es gibt keine weiterführenden
                        Materialien, Begleittexte, Hilfestellungen oder sonstige Dokumentationen.
                        Die Brief-Edition ist vermutlich nicht abgeschlossen, doch kann dies nicht
                        mit Sicherheit gesagt werden, da diese Informationen nirgendwo
                        bereitgestellt werden. </p>
                </div>
                <div type="div2">
                    <head>Fazit</head>
                    <p>Die Ausgabe hat in dem Sinne ihre selbstgesteckten Ziele erreicht, als dass
                        sie die Dokumenten-Bestände der Stiftung Mozarteum Salzburg digitalisiert,
                        transkribiert und online verfügbar macht. Welche Materialien darüber hinaus,
                        also Quellen aus anderen Sammlungen oder Institutionen bereits dazuzuzählen
                        sind, wird ausschließlich beim Öffnen eines jeweiligen Dokumentes und dessen
                        Quellenbeschreibung ersichtlich. Durch zusätzliche Anmerkungen zu den
                        einzelnen Quellen werden die Materialien angereichert und die Beschreibung
                        der Basisdaten gewährleisten den notwendigen Überblick.</p>
                    <p>Die Einhaltung der zwei „editorischen basics“ ist somit erfüllt. Doch geht
                        die Ausgabe in keinerlei Hinsicht über dies hinaus – einzige Ausnahme ist,
                        dass seit 2016 rund 660 Briefe in correspSearch nachgewiesen sind. Ansonsten
                        wirkt die digitale Edition auch im Hinblick auf die optische Erscheinung
                        veraltet. Gründe hierfür sind nicht ersichtlich und können nur vermutet
                        werden: zum Beispiel mangelnde personelle Ressourcen oder das möglichst
                        rasche Verfügbarmachen von Inhalten und somit der bewusste Verzicht auf
                        tiefergehende Auszeichnung, selbstverständlich aber auch das
                        Erscheinungsdatum der digitalen Edition. Offenbar ist es auch nicht das Ziel der
                        Ausgabe, etwas Anderes als die Digitalisate und deren Transkription bereit
                        zu stellen. Doch das Potential dieser Ausgabe ist meiner Meinung nach längst
                        nicht ausgeschöpft. Als Zusammenschluss mehrerer Projekte unter dem Dach der
                            DME und dem umfangreichen zur Verfügung stehenden
                        Material ist mehr zu erwarten. Die derzeitigen technischen Möglichkeiten zur
                        Umsetzung solcher digitalen Editionen sind äußerst vielfältig und in
                        unterschiedlicher Weise einsetzbar. Die Auszeichnung solchen Materials mit
                        einem flexibleren Datenformat, wie es die TEI anbietet, wäre sehr
                        lohnenswert. Die Möglichkeiten, die diese als Standard etablierte
                        Auszeichnungssprache eröffnet, würde eine tiefergehende Erschließung des
                        Materials gewährleisten. Briefspezifische Eigenschaften könnten deutlicher
                        gemacht werden, sowohl externe als auch interne Verknüpfungen der Quellen,
                        die Einbindung von Metadaten (inhaltliche und technische), Annotationen,
                        Erläuterungen und somit eine detailliertere inhaltliche Erschließung würden
                        somit möglich.<note xml:id="ftn20" n="20">
                                Andere Ausgaben gehen mit gutem Beispiel
                                    voran:
                                <ptr target="http://august-wilhelm-schlegel.de/briefedigital/"/>, <ptr target="http://weber-gesamtausgabe.de"/>, <ptr target="http://www.kleist-digital.de"/>
                                oder <ptr target="https://edition-humboldt.de"/>.
                            </note></p>
                    <p>Die Vorteile einer digitalen Edition sind neben der Bereitstellung der
                        Materialien in grundsätzlich unbegrenztem Umfang, der jederzeit mögliche
                        Zugriff, verbesserte Such- und Recherche-Möglichkeiten von Quellen,
                        Verlinkung und Verknüpfung von Materialien miteinander und nach außen, eine
                        höhere editorische Transparenz sowie das Anschlussfähig- und nutzbar-machen
                        von Inhalten. Durch sie ergeben sich neue Forschungsfragen, es können
                        Querverbindungen aufgedeckt werden, die in einer „traditionellen
                        Druckausgabe“ vielleicht nicht entdeckt worden wären. Eine digitale Edition
                        auf der Basis von Minimalstandards wäre zwar nicht unaufwändig, bietet aber
                        einen bedeutenden Mehrwert im Hinblick auf die Benutzbarkeit, Nützlichkeit,
                        Transparenz, Erschließung und Zugänglichkeit.</p>
                </div>
            </div>
            <div type="references">
                <listBibl>
                    <bibl>Internationale Stiftung Mozarteum Salzburg, Wilhelm A. Bauer, Otto Erich Deutsch, Hrsg. 1963-1975. <emph>Mozart: Briefe und Aufzeichnungen. Gesamtausgabe.</emph> Kassel, Basel: Bärenreiter.</bibl>
                    <bibl>TEI Consortium, ed. 2018. <emph>TEI P5: Guidelines for Electronic
                        Text Encoding and Interchange. Version 3.4.0</emph> <ptr target="http://www.tei-c.org/Guidelines/P5/"/> (Letzter Zugriff am 12. Oktober 2018).</bibl>
                    <bibl>Veit, Joachim. 2009. <emph>„Die Codierung digitaler Briefeditionen mit TEI P5‟</emph> In
                        <emph>Digitale Editionen zwischen Experiment und Standardisierung: Musik- Text-
                        Codierung</emph>, hg. v. Peter Stadler und Joachim Veit. Niemeyer: Tübingen.</bibl>
                </listBibl></div>
        </body>
    </text>
</TEI>