<?xml version="1.0" encoding="UTF-8"?>
<TEI xmlns="http://www.tei-c.org/ns/1.0" xmlns:xsi="http://www.w3.org/2001/XMLSchema-instance"
  xsi:schemaLocation="http://www.tei-c.org/ns/1.0 http://ride.i-d-e.de/wp-content/uploads/schema/ride.xsd">
  <teiHeader>
    <fileDesc>
      <titleStmt>
        <title>Review of 'Women Writers in Review'</title>
        <respStmt>
          <resp>author</resp>
          <name>
            <persName>
              <forename>Amanda</forename>
              <surname>Gagel</surname>
            </persName>
            <affiliation>
              <orgName>Mark Twain Project, UC-Berkeley</orgName>
              <placeName>University of California, Berkeley</placeName>
            </affiliation>
            <email>mandygagel (at) gmail.com</email>
          </name>
        </respStmt>
      </titleStmt>
      <publicationStmt>
        <publisher>Institut f&#xFC;r Dokumentologie und Editorik</publisher>
        <date when="2017-09">September 2017</date>
        <idno type="issue">6</idno>
        <idno type="URI">http://ride.i-d-e.de/issue-6/WWR</idno>
        <idno type="DOI">10.18716/ride.a.6.10</idno>
        <availability>
          <licence>
            <ref target="http://creativecommons.org/licenses/by/4.0/"/>
          </licence>
        </availability>
      </publicationStmt>
      <notesStmt>
        <relatedItem>
          <biblStruct>
            <monogr>
              <title xml:id="resource_title">Women Writers in Review</title>
              <editor xml:id="resource_editors">Julia Flanders, Syd Bauman, Ashley Clark, Sarah
                Connell</editor>
              <respStmt>
                <resp>Programmer</resp>
                <persName>
                  <name>Syd Bauman</name>
                </persName>
              </respStmt>
              <respStmt>
                <resp>Editor</resp>
                <persName>
                  <name>Julia Flanders</name>
                </persName>
              </respStmt>
              <respStmt>
                <resp>Programmer</resp>
                <persName>
                  <name>Ashley Clark</name>
                </persName>
              </respStmt>
              <respStmt>
                <resp>Contributor</resp>
                <persName>
                  <name>Sarah Connell</name>
                </persName>
              </respStmt>
              <imprint>
                <date xml:id="resource_date_publication">2016</date>
              </imprint>
            </monogr>
            <idno xml:id="resource_uri">http://www.wwp.northeastern.edu/review/index.html</idno>
          </biblStruct>
        </relatedItem>
        <note>
          <date xml:id="resource_date_access">2017-07-19</date>
        </note>
      </notesStmt>
      <sourceDesc>
        <p>Auf der Basis von
            <ref>http://www.i-d-e.de/publikationen/weitereschriften/criteria-text-collections-version-1-0</ref>
        </p>
      </sourceDesc>
    </fileDesc>
    <encodingDesc>
      <classDecl>
        <taxonomy
          xml:base="https://www.i-d-e.de/publikationen/weitereschriften/criteria-text-collections-version-1-0/">
          <category xml:id="general_information">
            <category xml:id="bibl_desc">
              <catDesc>
                <ref target="#K1.1">cf. Catalogue 1.1</ref>
              </catDesc>
              <catDesc>Can the text collection be identified in terms similar to traditional
                bibliographic descriptions (title, responsible editors, institution, date(s) of
                publication, identifier/address)?</catDesc>
              <catDesc>
                <num type="boolean" value="1"/>
              </catDesc>
            </category>
            <category xml:id="contributors">
              <catDesc>
                <ref target="#K1.3">cf. Catalogue 1.3</ref>
              </catDesc>
              <catDesc>Are the contributors (editors, institutions, associates) of the project
                documented?</catDesc>
              <catDesc>
                <num type="boolean" value="1"/>
              </catDesc>
            </category>
            <category xml:id="contacts">
              <catDesc>
                <ref target="#K1.4">cf. Catalogue 1.4</ref>
              </catDesc>
              <catDesc>Is contact information given?</catDesc>
              <catDesc>
                <num type="boolean" value="0"/>
              </catDesc>
            </category>
          </category>
          <category xml:id="aims">
            <category xml:id="doc_contents">
              <catDesc>
                <ref target="#K2.1">cf. Catalogue 2.1</ref>
              </catDesc>
              <catDesc>Is there a description of the aims and contents of the text
                collection?</catDesc>
              <catDesc>
                <num type="boolean" value="1"/>
              </catDesc>
            </category>
            <category xml:id="purpose">
              <catDesc>
                <ref target="#K2.2">cf. Catalogue 2.2</ref>
              </catDesc>
              <catDesc>What is the purpose of the text collection?</catDesc>
              <category xml:id="research">
                <catDesc>
                  <num type="boolean" value="1"/>
                </catDesc>
              </category>
              <category xml:id="teaching">
                <catDesc>
                  <num type="boolean" value="1"/>
                </catDesc>
              </category>
              <category xml:id="general_purpose">
                <catDesc>
                  <num type="boolean" value="0"/>
                </catDesc>
              </category>
              <category corresp="#other">
                <catDesc>
                  <num type="boolean" value="0"/>
                </catDesc>
                <category corresp="#free">
                  <gloss/>
                </category>
              </category>
            </category>
            <category xml:id="research_type">
              <catDesc>
                <ref target="#K3.1.8">cf. Catalogue 3.1.8</ref>
              </catDesc>
              <catDesc>What kind of research does the collection allow to conduct
                primarily?</catDesc>
              <category xml:id="qualitative">
                <catDesc>
                  <num type="boolean" value="0"/>
                </catDesc>
              </category>
              <category xml:id="quantitative">
                <catDesc>
                  <num type="boolean" value="1"/>
                </catDesc>
              </category>
              <category corresp="#none">
                <catDesc>
                  <num type="boolean" value="0"/>
                </catDesc>
              </category>
            </category>
            <category xml:id="classification">
              <catDesc>
                <ref target="#K2.3">cf. Catalogue 2.3</ref>
              </catDesc>
              <catDesc>How does the text collection classify itself (e.g. in its title or
                documentation)?</catDesc>
              <category xml:id="collection">
                <catDesc>
                  <num type="boolean" value="1"/>
                </catDesc>
              </category>
              <category xml:id="corpus">
                <catDesc>
                  <num type="boolean" value="0"/>
                </catDesc>
              </category>
              <category xml:id="digital_archive">
                <catDesc>
                  <num type="boolean" value="0"/>
                </catDesc>
              </category>
              <category xml:id="digital_library">
                <catDesc>
                  <num type="boolean" value="0"/>
                </catDesc>
              </category>
              <category xml:id="digital_edition">
                <catDesc>
                  <num type="boolean" value="0"/>
                </catDesc>
              </category>
              <category xml:id="portal">
                <catDesc>
                  <num type="boolean" value="0"/>
                </catDesc>
              </category>
              <category xml:id="database">
                <catDesc>
                  <num type="boolean" value="0"/>
                </catDesc>
              </category>
              <category xml:id="no_classification">
                <catDesc>
                  <num type="boolean" value="0"/>
                </catDesc>
              </category>
              <category corresp="#other">
                <catDesc>
                  <num type="boolean" value="0"/>
                </catDesc>
                <category corresp="#free">
                  <gloss/>
                </category>
              </category>
            </category>
            <category xml:id="research_fields">
              <catDesc>
                <ref target="#K2.2">cf. Catalogue 2.2</ref>
              </catDesc>
              <catDesc>To which field(s) of research does the text collection contribute?</catDesc>
              <category xml:id="field_history">
                <catDesc>
                  <num type="boolean" value="1"/>
                </catDesc>
              </category>
              <category xml:id="field_literary_studies">
                <catDesc>
                  <num type="boolean" value="1"/>
                </catDesc>
              </category>
              <category xml:id="field_linguistics">
                <catDesc>
                  <num type="boolean" value="0"/>
                </catDesc>
              </category>
              <category xml:id="field_musicology">
                <catDesc>
                  <num type="boolean" value="0"/>
                </catDesc>
              </category>
              <category xml:id="field_art_history">
                <catDesc>
                  <num type="boolean" value="0"/>
                </catDesc>
              </category>
              <category xml:id="field_archaeology">
                <catDesc>
                  <num type="boolean" value="0"/>
                </catDesc>
              </category>
              <category xml:id="field_philosophy">
                <catDesc>
                  <num type="boolean" value="0"/>
                </catDesc>
              </category>
              <category xml:id="field_religious_studies">
                <catDesc>
                  <num type="boolean" value="0"/>
                </catDesc>
              </category>
              <category xml:id="field_sociology">
                <catDesc>
                  <num type="boolean" value="0"/>
                </catDesc>
              </category>
              <category corresp="#other">
                <catDesc>
                  <num type="boolean" value="0"/>
                </catDesc>
                <category corresp="#free">
                  <gloss/>
                </category>
              </category>
              <category corresp="#none">
                <catDesc>
                  <num type="boolean" value="0"/>
                </catDesc>
              </category>
            </category>
          </category>
          <category xml:id="content">
            <category xml:id="era">
              <catDesc>
                <ref target="#K2.5">cf. Catalogue 2.5</ref>
              </catDesc>
              <catDesc>What era(s) do the texts belong to?</catDesc>
              <category xml:id="era_classics">
                <catDesc>
                  <num type="boolean" value="0"/>
                </catDesc>
              </category>
              <category xml:id="era_medieval">
                <catDesc>
                  <num type="boolean" value="0"/>
                </catDesc>
              </category>
              <category xml:id="era_early_modern">
                <catDesc>
                  <num type="boolean" value="0"/>
                </catDesc>
              </category>
              <category xml:id="era_modern">
                <catDesc>
                  <num type="boolean" value="1"/>
                </catDesc>
              </category>
              <category xml:id="era_contemporary">
                <catDesc>
                  <num type="boolean" value="0"/>
                </catDesc>
              </category>
            </category>
            <category xml:id="language">
              <catDesc>
                <ref target="#K2.5">cf. Catalogue 2.5</ref>
              </catDesc>
              <catDesc>What languages are the texts in?</catDesc>
              <category xml:id="arabic">
                <catDesc>
                  <num type="boolean" value="0"/>
                </catDesc>
              </category>
              <category xml:id="chinese">
                <catDesc>
                  <num type="boolean" value="0"/>
                </catDesc>
              </category>
              <category xml:id="danish">
                <catDesc>
                  <num type="boolean" value="0"/>
                </catDesc>
              </category>
              <category xml:id="english">
                <catDesc>
                  <num type="boolean" value="1"/>
                </catDesc>
              </category>
              <category xml:id="finnish">
                <catDesc>
                  <num type="boolean" value="0"/>
                </catDesc>
              </category>
              <category xml:id="french">
                <catDesc>
                  <num type="boolean" value="0"/>
                </catDesc>
              </category>
              <category xml:id="german">
                <catDesc>
                  <num type="boolean" value="0"/>
                </catDesc>
              </category>
              <category xml:id="greek">
                <catDesc>
                  <num type="boolean" value="0"/>
                </catDesc>
              </category>
              <category xml:id="hebrew">
                <catDesc>
                  <num type="boolean" value="0"/>
                </catDesc>
              </category>
              <category xml:id="hindi">
                <catDesc>
                  <num type="boolean" value="0"/>
                </catDesc>
              </category>
              <category xml:id="italian">
                <catDesc>
                  <num type="boolean" value="0"/>
                </catDesc>
              </category>
              <category xml:id="japanese">
                <catDesc>
                  <num type="boolean" value="0"/>
                </catDesc>
              </category>
              <category xml:id="latin">
                <catDesc>
                  <num type="boolean" value="0"/>
                </catDesc>
              </category>
              <category xml:id="norwegian">
                <catDesc>
                  <num type="boolean" value="0"/>
                </catDesc>
              </category>
              <category xml:id="polish">
                <catDesc>
                  <num type="boolean" value="0"/>
                </catDesc>
              </category>
              <category xml:id="portuguese">
                <catDesc>
                  <num type="boolean" value="0"/>
                </catDesc>
              </category>
              <category xml:id="russian">
                <catDesc>
                  <num type="boolean" value="0"/>
                </catDesc>
              </category>
              <category xml:id="spanish">
                <catDesc>
                  <num type="boolean" value="0"/>
                </catDesc>
              </category>
              <category xml:id="swedish">
                <catDesc>
                  <num type="boolean" value="0"/>
                </catDesc>
              </category>
              <category xml:id="turkish">
                <catDesc>
                  <num type="boolean" value="0"/>
                </catDesc>
              </category>
              <category corresp="#other">
                <catDesc>
                  <num type="boolean" value="0"/>
                </catDesc>
                <category corresp="#free">
                  <gloss/>
                </category>
              </category>
              <category corresp="#free" xml:id="language_note">
                <gloss/>
              </category>
            </category>
            <category xml:id="text_type">
              <catDesc>
                <ref target="#K2.5">cf. Catalogue 2.5</ref>
              </catDesc>
              <catDesc>What kind of texts are in the collection?</catDesc>
              <category xml:id="literary_works">
                <catDesc>
                  <num type="boolean" value="1"/>
                </catDesc>
              </category>
              <category xml:id="private_documents">
                <catDesc>
                  <num type="boolean" value="0"/>
                </catDesc>
              </category>
              <category xml:id="essays">
                <catDesc>
                  <num type="boolean" value="1"/>
                </catDesc>
              </category>
              <category xml:id="newspaper_articles">
                <catDesc>
                  <num type="boolean" value="1"/>
                </catDesc>
              </category>
              <category xml:id="charters">
                <catDesc>
                  <num type="boolean" value="0"/>
                </catDesc>
              </category>
              <category xml:id="inscriptions">
                <catDesc>
                  <num type="boolean" value="0"/>
                </catDesc>
              </category>
              <category xml:id="files_records">
                <catDesc>
                  <num type="boolean" value="0"/>
                </catDesc>
              </category>
              <category xml:id="protocols">
                <catDesc>
                  <num type="boolean" value="0"/>
                </catDesc>
              </category>
              <category xml:id="scientific_papers">
                <catDesc>
                  <num type="boolean" value="0"/>
                </catDesc>
              </category>
              <category xml:id="speech_transcripts">
                <catDesc>
                  <num type="boolean" value="0"/>
                </catDesc>
              </category>
              <category corresp="#other">
                <catDesc>
                  <num type="boolean" value="0"/>
                </catDesc>
                <category corresp="#free">
                  <gloss/>
                </category>
              </category>
            </category>
            <category xml:id="add_information">
              <catDesc>
                <ref target="#K2.5">cf. Catalogue 2.5</ref>
              </catDesc>
              <catDesc>What kind of information is published in addition to the texts?</catDesc>
              <category xml:id="introduction">
                <catDesc>
                  <num type="boolean" value="0"/>
                </catDesc>
              </category>
              <category xml:id="commentary">
                <catDesc>
                  <num type="boolean" value="0"/>
                </catDesc>
              </category>
              <category xml:id="context_material">
                <catDesc>
                  <num type="boolean" value="1"/>
                </catDesc>
              </category>
              <category xml:id="bibliography">
                <catDesc>
                  <num type="boolean" value="0"/>
                </catDesc>
              </category>
              <category xml:id="facsimile">
                <catDesc>
                  <num type="boolean" value="0"/>
                </catDesc>
              </category>
              <category corresp="#other">
                <catDesc>
                  <num type="boolean" value="0"/>
                </catDesc>
                <category corresp="#free">
                  <gloss/>
                </category>
              </category>
              <category corresp="#none">
                <catDesc>
                  <num type="boolean" value="0"/>
                </catDesc>
              </category>
            </category>
          </category>
          <category xml:id="composition">
            <category xml:id="documentation_methods">
              <catDesc>
                <ref target="#K3.1.1">cf. Catalogue 3.1.1-3.1.3</ref>
              </catDesc>
              <catDesc>Are the principles and decisions regarding the design of the text collection,
                its composition and the selection of texts documented?</catDesc>
              <catDesc>
                <num type="boolean" value="0"/>
              </catDesc>
            </category>
            <category xml:id="selection">
              <catDesc>
                <ref target="#K3.1">cf. Catalogue 3.1</ref>
              </catDesc>
              <catDesc>What selection criteria have been chosen for the text collection?</catDesc>
              <category xml:id="selection_language">
                <catDesc>
                  <num type="boolean" value="1"/>
                </catDesc>
              </category>
              <category xml:id="selection_author">
                <catDesc>
                  <num type="boolean" value="1"/>
                </catDesc>
              </category>
              <category xml:id="selection_country">
                <catDesc>
                  <num type="boolean" value="1"/>
                </catDesc>
              </category>
              <category xml:id="selection_epoch">
                <catDesc>
                  <num type="boolean" value="0"/>
                </catDesc>
              </category>
              <category xml:id="selection_genre">
                <catDesc>
                  <num type="boolean" value="1"/>
                </catDesc>
              </category>
              <category xml:id="selection_topic">
                <catDesc>
                  <num type="boolean" value="0"/>
                </catDesc>
              </category>
              <category xml:id="selection_style">
                <catDesc>
                  <num type="boolean" value="0"/>
                </catDesc>
              </category>
              <category xml:id="selection_linguistic_characteristics">
                <catDesc>
                  <num type="boolean" value="0"/>
                </catDesc>
              </category>
              <category corresp="#other">
                <catDesc>
                  <num type="boolean" value="0"/>
                </catDesc>
                <category corresp="#free">
                  <gloss/>
                </category>
              </category>
            </category>
            <category xml:id="size">
              <category xml:id="size_texts">
                <catDesc>
                  <ref target="#K3.1.4">cf. Catalogue 3.1.4</ref>
                </catDesc>
                <catDesc>How large is the text collection in number of texts/records?</catDesc>
                <category xml:id="texts_le10">
                  <catDesc>
                    <num type="boolean" value="0"/>
                  </catDesc>
                </category>
                <category xml:id="texts_11-50">
                  <catDesc>
                    <num type="boolean" value="0"/>
                  </catDesc>
                </category>
                <category xml:id="texts_51-100">
                  <catDesc>
                    <num type="boolean" value="0"/>
                  </catDesc>
                </category>
                <category xml:id="texts_gt100_">
                  <catDesc>
                    <num type="boolean" value="1"/>
                  </catDesc>
                </category>
                <category xml:id="texts_gt1000">
                  <catDesc>
                    <num type="boolean" value="0"/>
                  </catDesc>
                </category>
                <category corresp="#unknown">
                  <catDesc>
                    <num type="boolean" value="0"/>
                  </catDesc>
                </category>
              </category>
              <category xml:id="size_tokens">
                <catDesc>
                  <ref target="#K3.1.4">cf. Catalogue 3.1.4</ref>
                </catDesc>
                <catDesc>How large is the text collection in number of tokens?</catDesc>
                <category xml:id="tokens_lt100.000">
                  <catDesc>
                    <num type="boolean" value="0"/>
                  </catDesc>
                </category>
                <category xml:id="tokens_100.000-1mio">
                  <catDesc>
                    <num type="boolean" value="0"/>
                  </catDesc>
                </category>
                <category xml:id="tokens_gt1mio">
                  <catDesc>
                    <num type="boolean" value="0"/>
                  </catDesc>
                </category>
                <category xml:id="tokens_gt10mio">
                  <catDesc>
                    <num type="boolean" value="0"/>
                  </catDesc>
                </category>
                <category corresp="#unknown">
                  <catDesc>
                    <num type="boolean" value="1"/>
                  </catDesc>
                </category>
              </category>
            </category>
            <category xml:id="structure">
              <catDesc>
                <ref target="#K3.1.5">cf. Catalogue 3.1.5</ref>
              </catDesc>
              <catDesc>Does the text collection have identifiable sub-collections or
                components?</catDesc>
              <catDesc>
                <num type="boolean" value="0"/>
              </catDesc>
            </category>
            <category xml:id="acquisition">
              <category xml:id="text_recording">
                <catDesc>
                  <ref target="#K3.1.6">cf. Catalogue 3.1.6</ref>
                </catDesc>
                <catDesc>Does the text collection record or transcribe the textual data for the
                  first time?</catDesc>
                <catDesc>
                  <num type="boolean" value="1"/>
                </catDesc>
              </category>
              <category xml:id="text_integration">
                <catDesc>
                  <ref target="#K3.1.6">cf. Catalogue 3.1.6</ref>
                </catDesc>
                <catDesc>What kind of material has been taken over from other sources?</catDesc>
                <category xml:id="full_text">
                  <catDesc>
                    <num type="boolean" value="1"/>
                  </catDesc>
                </category>
                <category xml:id="reuse_metadata">
                  <catDesc>
                    <num type="boolean" value="1"/>
                  </catDesc>
                </category>
                <category xml:id="reuse_annotation">
                  <catDesc>
                    <num type="boolean" value="0"/>
                  </catDesc>
                </category>
                <category corresp="#other">
                  <catDesc>
                    <num type="boolean" value="0"/>
                  </catDesc>
                  <category corresp="#free">
                    <gloss/>
                  </category>
                </category>
                <category corresp="#none">
                  <catDesc>
                    <num type="boolean" value="0"/>
                  </catDesc>
                </category>
              </category>
            </category>
            <category xml:id="quality">
              <catDesc>
                <ref target="#K3.1.7">cf. Catalogue 3.1.7</ref>
              </catDesc>
              <catDesc>Has the quality of the data (transcriptions, metadata, annotations, etc.)
                been checked?</catDesc>
              <catDesc>
                <num type="boolean" value="3"/>
              </catDesc>
            </category>
            <category xml:id="typology">
              <catDesc>
                <ref target="#K3.1.8">cf. Catalogue 3.1.8</ref>
              </catDesc>
              <catDesc>Considering aims and methods of the text collection, how would you classify
                it further? For definitions please consider the help-texts.</catDesc>
              <category xml:id="typology_general_purpose">
                <catDesc>
                  <num type="boolean" value="0"/>
                </catDesc>
              </category>
              <category xml:id="typology_corpus">
                <catDesc>
                  <num type="boolean" value="1"/>
                </catDesc>
              </category>
              <category xml:id="typology_collection_records">
                <catDesc>
                  <num type="boolean" value="1"/>
                </catDesc>
              </category>
              <category xml:id="typology_canon">
                <catDesc>
                  <num type="boolean" value="0"/>
                </catDesc>
              </category>
              <category xml:id="typology_oeuvre">
                <catDesc>
                  <num type="boolean" value="0"/>
                </catDesc>
              </category>
              <category xml:id="typology_reference_corpus">
                <catDesc>
                  <num type="boolean" value="1"/>
                </catDesc>
              </category>
              <category xml:id="typology_contrastive_corpus">
                <catDesc>
                  <num type="boolean" value="0"/>
                </catDesc>
              </category>
              <category xml:id="typology_parallel_corpus">
                <catDesc>
                  <num type="boolean" value="0"/>
                </catDesc>
              </category>
              <category xml:id="typology_diachronic_corpus">
                <catDesc>
                  <num type="boolean" value="0"/>
                </catDesc>
              </category>
              <category corresp="#other">
                <catDesc>
                  <num type="boolean" value="0"/>
                </catDesc>
                <category corresp="#free">
                  <gloss/>
                </category>
              </category>
            </category>
          </category>
          <category xml:id="data_modelling">
            <category xml:id="text_treatment">
              <catDesc>
                <ref target="#K3.2.1">cf. Catalogue 3.2.1</ref>
              </catDesc>
              <catDesc>How are the textual sources represented in the digital collection?</catDesc>
              <category xml:id="normalized_transcription">
                <catDesc>
                  <num type="boolean" value="1"/>
                </catDesc>
              </category>
              <category xml:id="orthographic_transcription">
                <catDesc>
                  <num type="boolean" value="0"/>
                </catDesc>
              </category>
              <category xml:id="phonetic_transcription">
                <catDesc>
                  <num type="boolean" value="0"/>
                </catDesc>
              </category>
              <category xml:id="diplomatic_transcription">
                <catDesc>
                  <num type="boolean" value="0"/>
                </catDesc>
              </category>
              <category xml:id="transliteration">
                <catDesc>
                  <num type="boolean" value="0"/>
                </catDesc>
              </category>
              <category xml:id="edited_text">
                <catDesc>
                  <num type="boolean" value="0"/>
                </catDesc>
              </category>
              <category xml:id="translated_text">
                <catDesc>
                  <num type="boolean" value="0"/>
                </catDesc>
              </category>
              <category xml:id="summarized_text">
                <catDesc>
                  <num type="boolean" value="0"/>
                </catDesc>
              </category>
              <category xml:id="sampled_text">
                <catDesc>
                  <num type="boolean" value="0"/>
                </catDesc>
              </category>
              <category corresp="#other">
                <catDesc>
                  <num type="boolean" value="0"/>
                </catDesc>
                <category corresp="#free">
                  <gloss/>
                </category>
              </category>
            </category>
            <category xml:id="basic_format">
              <catDesc>
                <ref target="#K3.2.4">cf. Catalogue 3.2.4</ref>
              </catDesc>
              <catDesc>In which basic format are the texts encoded?</catDesc>
              <category xml:id="plain_text">
                <catDesc>
                  <num type="boolean" value="0"/>
                </catDesc>
              </category>
              <category xml:id="xml">
                <catDesc>
                  <num type="boolean" value="1"/>
                </catDesc>
              </category>
              <category xml:id="html">
                <catDesc>
                  <num type="boolean" value="0"/>
                </catDesc>
              </category>
              <category corresp="#other">
                <catDesc>
                  <num type="boolean" value="0"/>
                </catDesc>
                <category corresp="#free">
                  <gloss/>
                </category>
              </category>
            </category>
            <category xml:id="annotation">
              <category xml:id="annotation_type">
                <catDesc>
                  <ref target="#K3.2.2">cf. Catalogue 3.2.2</ref>
                </catDesc>
                <catDesc>With what information are the texts further enriched?</catDesc>
                <category xml:id="semantic_annotations">
                  <catDesc>
                    <num type="boolean" value="0"/>
                  </catDesc>
                </category>
                <category xml:id="linguistic_annotations">
                  <catDesc>
                    <num type="boolean" value="0"/>
                  </catDesc>
                </category>
                <category xml:id="editorial_annotations">
                  <catDesc>
                    <num type="boolean" value="0"/>
                  </catDesc>
                </category>
                <category xml:id="structural_information">
                  <catDesc>
                    <num type="boolean" value="0"/>
                  </catDesc>
                </category>
                <category corresp="#other">
                  <catDesc>
                    <num type="boolean" value="0"/>
                  </catDesc>
                  <category corresp="#free">
                    <gloss/>
                  </category>
                </category>
                <category corresp="#none">
                  <catDesc>
                    <num type="boolean" value="1"/>
                  </catDesc>
                </category>
              </category>
              <category xml:id="annotation_integration">
                <catDesc>
                  <ref target="#K3.2.2">cf. Catalogue 3.2.2</ref>
                </catDesc>
                <catDesc>How are the annotations linked to the texts themselves?</catDesc>
                <category xml:id="embedded">
                  <catDesc>
                    <num type="boolean" value="0"/>
                  </catDesc>
                </category>
                <category xml:id="stand-off">
                  <catDesc>
                    <num type="boolean" value="0"/>
                  </catDesc>
                </category>
                <category corresp="#other">
                  <catDesc>
                    <num type="boolean" value="0"/>
                  </catDesc>
                  <category corresp="#free">
                    <gloss/>
                  </category>
                </category>
                <category corresp="#not_applicable">
                  <catDesc>
                    <num type="boolean" value="1"/>
                  </catDesc>
                </category>
              </category>
            </category>
            <category xml:id="metadata">
              <category xml:id="metadata_type">
                <catDesc>
                  <ref target="#K3.2.3">cf. Catalogue 3.2.3</ref>
                </catDesc>
                <catDesc>What kind of metadata are included in the text collection?</catDesc>
                <category xml:id="descriptive">
                  <catDesc>
                    <num type="boolean" value="1"/>
                  </catDesc>
                </category>
                <category xml:id="structural">
                  <catDesc>
                    <num type="boolean" value="1"/>
                  </catDesc>
                </category>
                <category xml:id="administrative">
                  <catDesc>
                    <num type="boolean" value="0"/>
                  </catDesc>
                </category>
                <category corresp="#other">
                  <catDesc>
                    <num type="boolean" value="0"/>
                  </catDesc>
                  <category corresp="#free">
                    <gloss/>
                  </category>
                </category>
                <category corresp="#none">
                  <catDesc>
                    <num type="boolean" value="0"/>
                  </catDesc>
                </category>
              </category>
              <category xml:id="metadata_level">
                <catDesc>
                  <ref target="#K3.2.2">cf. Catalogue 3.2.2</ref>
                </catDesc>
                <catDesc>On which level are the metadata included?</catDesc>
                <category xml:id="whole_collection">
                  <catDesc>
                    <num type="boolean" value="1"/>
                  </catDesc>
                </category>
                <category xml:id="collection_parts">
                  <catDesc>
                    <num type="boolean" value="0"/>
                  </catDesc>
                </category>
                <category xml:id="individual_texts">
                  <catDesc>
                    <num type="boolean" value="1"/>
                  </catDesc>
                </category>
                <category corresp="#other">
                  <catDesc>
                    <num type="boolean" value="0"/>
                  </catDesc>
                  <category corresp="#free">
                    <gloss/>
                  </category>
                </category>
                <category corresp="#not_applicable">
                  <catDesc>
                    <num type="boolean" value="0"/>
                  </catDesc>
                </category>
              </category>
            </category>
            <category xml:id="data_standards">
              <category xml:id="data_schema">
                <catDesc>
                  <ref target="#K3.2.4">cf. Catalogue 3.2.4</ref>
                </catDesc>
                <catDesc>What kind of data/metadata/annotation schemas are used for the text
                  collection?</catDesc>
                <category xml:id="standardized_schema">
                  <catDesc>
                    <num type="boolean" value="0"/>
                  </catDesc>
                </category>
                <category xml:id="customized_standard_schema">
                  <catDesc>
                    <num type="boolean" value="0"/>
                  </catDesc>
                </category>
                <category xml:id="project_specific">
                  <catDesc>
                    <num type="boolean" value="1"/>
                  </catDesc>
                </category>
                <category corresp="#none">
                  <catDesc>
                    <num type="boolean" value="0"/>
                  </catDesc>
                </category>
                <category corresp="#unknown">
                  <catDesc>
                    <num type="boolean" value="0"/>
                  </catDesc>
                </category>
              </category>
              <category xml:id="standard_format">
                <catDesc>
                  <ref target="#K3.2.4">cf. Catalogue 3.2.4</ref>
                </catDesc>
                <catDesc>Which standards for text encoding, metadata and annotation are used in the
                  text collection?</catDesc>
                <category xml:id="tei">
                  <catDesc>
                    <num type="boolean" value="1"/>
                  </catDesc>
                </category>
                <category xml:id="cei">
                  <catDesc>
                    <num type="boolean" value="0"/>
                  </catDesc>
                </category>
                <category xml:id="ead">
                  <catDesc>
                    <num type="boolean" value="0"/>
                  </catDesc>
                </category>
                <category xml:id="xces">
                  <catDesc>
                    <num type="boolean" value="0"/>
                  </catDesc>
                </category>
                <category xml:id="dublin_core">
                  <catDesc>
                    <num type="boolean" value="0"/>
                  </catDesc>
                </category>
                <category xml:id="edm">
                  <catDesc>
                    <num type="boolean" value="0"/>
                  </catDesc>
                </category>
                <category xml:id="mets">
                  <catDesc>
                    <num type="boolean" value="0"/>
                  </catDesc>
                </category>
                <category xml:id="mods">
                  <catDesc>
                    <num type="boolean" value="0"/>
                  </catDesc>
                </category>
                <category xml:id="skos">
                  <catDesc>
                    <num type="boolean" value="0"/>
                  </catDesc>
                </category>
                <category xml:id="owl">
                  <catDesc>
                    <num type="boolean" value="0"/>
                  </catDesc>
                </category>
                <category xml:id="imdi">
                  <catDesc>
                    <num type="boolean" value="0"/>
                  </catDesc>
                </category>
                <category xml:id="cmdi">
                  <catDesc>
                    <num type="boolean" value="0"/>
                  </catDesc>
                </category>
                <category xml:id="tcf">
                  <catDesc>
                    <num type="boolean" value="0"/>
                  </catDesc>
                </category>
                <category xml:id="olac">
                  <catDesc>
                    <num type="boolean" value="0"/>
                  </catDesc>
                </category>
                <category xml:id="eagles">
                  <catDesc>
                    <num type="boolean" value="0"/>
                  </catDesc>
                </category>
                <category xml:id="pos_tagsets">
                  <catDesc>
                    <num type="boolean" value="0"/>
                  </catDesc>
                </category>
                <category corresp="#other">
                  <catDesc>
                    <num type="boolean" value="0"/>
                  </catDesc>
                  <category corresp="#free">
                    <gloss/>
                  </category>
                </category>
                <category corresp="#none">
                  <catDesc>
                    <num type="boolean" value="0"/>
                  </catDesc>
                </category>
              </category>
            </category>
          </category>
          <category xml:id="provision">
            <category xml:id="basic_data_accessible">
              <catDesc>
                <ref target="#K4.1">cf. Catalogue 4.1</ref>
              </catDesc>
              <catDesc>Is the textual data accessible in a source format (e.g. XML, TXT)?</catDesc>
              <catDesc>
                <num type="boolean" value="1"/>
              </catDesc>
            </category>
            <category xml:id="download">
              <catDesc>
                <ref target="#K4.2">cf. Catalogue 4.2</ref>
              </catDesc>
              <catDesc>Can the entire raw data of the project be downloaded (as a whole)?</catDesc>
              <catDesc>
                <num type="boolean" value="0"/>
              </catDesc>
            </category>
            <category xml:id="technical_interfaces">
              <catDesc>
                <ref target="#K4.2">cf. Catalogue 4.2</ref>
              </catDesc>
              <catDesc>Are there technical interfaces which allow the reuse of the data of the text
                collection in other contexts?</catDesc>
              <category xml:id="OAI-PMH">
                <catDesc>
                  <num type="boolean" value="0"/>
                </catDesc>
              </category>
              <category xml:id="REST">
                <catDesc>
                  <num type="boolean" value="0"/>
                </catDesc>
              </category>
              <category xml:id="SPARQL_endpoint">
                <catDesc>
                  <num type="boolean" value="0"/>
                </catDesc>
              </category>
              <category xml:id="general_API">
                <catDesc>
                  <num type="boolean" value="1"/>
                </catDesc>
              </category>
              <category corresp="#other">
                <catDesc>
                  <num type="boolean" value="0"/>
                </catDesc>
                <category corresp="#free">
                  <gloss/>
                </category>
              </category>
              <category corresp="#none">
                <catDesc>
                  <num type="boolean" value="0"/>
                </catDesc>
              </category>
            </category>
            <category xml:id="analytical_data">
              <catDesc>
                <ref target="#K4.3">cf. Catalogue 4.3</ref>
              </catDesc>
              <catDesc>Besides the textual data, does the project provide analytical data (e.g.
                statistics) to download or harvest?</catDesc>
              <catDesc>
                <num type="boolean" value="1"/>
              </catDesc>
            </category>
            <category xml:id="reuse">
              <catDesc>
                <ref target="#K4.4">cf. Catalogue 4.4</ref>
              </catDesc>
              <catDesc>Can you use the data with other tools useful for this kind of
                content?</catDesc>
              <catDesc>
                <num type="boolean" value="1"/>
              </catDesc>
            </category>
          </category>
          <category xml:id="user_interface">
            <category xml:id="interface_provision">
              <catDesc>
                <ref target="#K5.1">cf. Catalogue 5.1</ref>
              </catDesc>
              <catDesc>Does the text collection have a dedicated user interface designed for the
                collection at hand in which the texts of the collection are represented and/or in
                which the data is analyzable?</catDesc>
              <catDesc>
                <num type="boolean" value="1"/>
              </catDesc>
            </category>
            <category xml:id="user_interface_sub">
              <category xml:id="usability">
                <catDesc>
                  <ref target="#K5.3">cf. Catalogue 5.3</ref>
                </catDesc>
                <catDesc>From your point of view, is the interface of the text collection clearly
                  arranged and easy to navigate so that the user can quickly identify the purpose,
                  the content and the main access methods of the resource?</catDesc>
                <catDesc>
                  <num type="boolean" value="1"/>
                </catDesc>
              </category>
              <category xml:id="access_modes">
                <category xml:id="browsing">
                  <catDesc>
                    <ref target="#K5.4">cf. Catalogue 5.4</ref>
                  </catDesc>
                  <catDesc>Does the project offer the possibility to browse the contents by simple
                    browsing options or advanced structured access via indices (e.g. by author,
                    year, genre)?</catDesc>
                  <catDesc>
                    <num type="boolean" value="1"/>
                  </catDesc>
                </category>
                <category xml:id="full_text_search">
                  <catDesc>
                    <ref target="#K5.4">cf. Catalogue 5.4</ref>
                  </catDesc>
                  <catDesc>Does the project offer a fulltext search?</catDesc>
                  <catDesc>
                    <num type="boolean" value="0"/>
                  </catDesc>
                </category>
                <category xml:id="advanced_search">
                  <catDesc>
                    <ref target="#K5.4">cf. Catalogue 5.4</ref>
                  </catDesc>
                  <catDesc>Does the project offer an advanced search?</catDesc>
                  <catDesc>
                    <num type="boolean" value="0"/>
                  </catDesc>
                </category>
              </category>
              <category xml:id="analysis">
                <category xml:id="analysis_tools">
                  <catDesc>
                    <ref target="#K5.5">cf. Catalogue 5.5</ref>
                  </catDesc>
                  <catDesc>Does the text collection integrate tools for analyses of the
                    data?</catDesc>
                  <catDesc>
                    <num type="boolean" value="0"/>
                  </catDesc>
                </category>
                <category xml:id="analysis_customization">
                  <catDesc>
                    <ref target="#K5.5">cf. Catalogue 5.5</ref>
                  </catDesc>
                  <catDesc>Can the user alter the interface in order to affect the outcomes of
                    representation and analysis of the text collection (besides basic search
                    functionalities), e.g. by applying his or her own queries or by choosing
                    analysis parameters?</catDesc>
                  <catDesc>
                    <num type="boolean" value="0"/>
                  </catDesc>
                </category>
              </category>
              <category xml:id="visualization">
                <catDesc>
                  <ref target="#K5.6">cf. Catalogue 5.6</ref>
                </catDesc>
                <catDesc>Does the text collection provide particular visualizations of the
                  data?</catDesc>
                <category xml:id="networks">
                  <catDesc>
                    <num type="boolean" value="0"/>
                  </catDesc>
                </category>
                <category xml:id="charts">
                  <catDesc>
                    <num type="boolean" value="1"/>
                  </catDesc>
                </category>
                <category xml:id="treemaps">
                  <catDesc>
                    <num type="boolean" value="0"/>
                  </catDesc>
                </category>
                <category xml:id="wordclouds">
                  <catDesc>
                    <num type="boolean" value="0"/>
                  </catDesc>
                </category>
                <category corresp="#other">
                  <catDesc>
                    <num type="boolean" value="0"/>
                  </catDesc>
                  <category corresp="#free">
                    <gloss/>
                  </category>
                </category>
                <category xml:id="no_visualization">
                  <catDesc>
                    <num type="boolean" value="0"/>
                  </catDesc>
                </category>
              </category>
              <category xml:id="personalization">
                <catDesc>
                  <ref target="#K5.7">cf. Catalogue 5.7</ref>
                </catDesc>
                <catDesc>Is there a personalisation mode that enables the users e.g. to create their
                  own sub-collections of the existing text collection?</catDesc>
                <catDesc>
                  <num type="boolean" value="0"/>
                </catDesc>
              </category>
            </category>
          </category>
          <category xml:id="preservation">
            <category xml:id="documentation_project">
              <catDesc>
                <ref target="#K6.1">cf. Catalogue 6.1</ref>
              </catDesc>
              <catDesc>Does the text collection provide sufficient documentation about the project
                in general as well as about the aims, contents and methods of the text
                collection?</catDesc>
              <catDesc>
                <num type="boolean" value="0"/>
              </catDesc>
            </category>
            <category xml:id="open_access">
              <catDesc>
                <ref target="#K6.2">cf. Catalogue 6.2</ref>
              </catDesc>
              <catDesc>Is the text collection Open Access?</catDesc>
              <catDesc>
                <num type="boolean" value="1"/>
              </catDesc>
            </category>
            <category xml:id="rights">
              <category xml:id="rights_declared">
                <catDesc>
                  <ref target="#K6.2">cf. Catalogue 6.2</ref>
                </catDesc>
                <catDesc>Are the rights to (re)use the content declared?</catDesc>
                <catDesc>
                  <num type="boolean" value="0"/>
                </catDesc>
              </category>
              <category xml:id="rights_license">
                <catDesc>
                  <ref target="#K6.2">cf. Catalogue 6.2</ref>
                </catDesc>
                <catDesc>Under what license are the contents released?</catDesc>
                <category xml:id="CC0">
                  <catDesc>
                    <num type="boolean" value="0"/>
                  </catDesc>
                </category>
                <category xml:id="CC-BY_only">
                  <catDesc>
                    <num type="boolean" value="0"/>
                  </catDesc>
                </category>
                <category xml:id="CC-BY-ND">
                  <catDesc>
                    <num type="boolean" value="0"/>
                  </catDesc>
                </category>
                <category xml:id="CC-BY-NC">
                  <catDesc>
                    <num type="boolean" value="0"/>
                  </catDesc>
                </category>
                <category xml:id="CC-BY-SA">
                  <catDesc>
                    <num type="boolean" value="0"/>
                  </catDesc>
                </category>
                <category xml:id="CC-BY-NC-ND">
                  <catDesc>
                    <num type="boolean" value="0"/>
                  </catDesc>
                </category>
                <category xml:id="CC-BY-NC-SA">
                  <catDesc>
                    <num type="boolean" value="0"/>
                  </catDesc>
                </category>
                <category xml:id="PDM">
                  <catDesc>
                    <num type="boolean" value="0"/>
                  </catDesc>
                </category>
                <category corresp="#other">
                  <catDesc>
                    <num type="boolean" value="0"/>
                  </catDesc>
                  <category corresp="#free">
                    <gloss/>
                  </category>
                </category>
                <category xml:id="no_license">
                  <catDesc>
                    <num type="boolean" value="1"/>
                  </catDesc>
                </category>
              </category>
            </category>
            <category xml:id="persistent_identification">
              <catDesc>
                <ref target="#K6.3">cf. Catalogue 6.3</ref>
              </catDesc>
              <catDesc>Are there persistent identifiers and an addressing system for the text
                collection and/or parts/objects of it and which mechanism is used to that
                end?</catDesc>
              <category xml:id="DOI">
                <catDesc>
                  <num type="boolean" value="0"/>
                </catDesc>
              </category>
              <category xml:id="ARK">
                <catDesc>
                  <num type="boolean" value="0"/>
                </catDesc>
              </category>
              <category xml:id="URN">
                <catDesc>
                  <num type="boolean" value="0"/>
                </catDesc>
              </category>
              <category xml:id="PURL.ORG">
                <catDesc>
                  <num type="boolean" value="0"/>
                </catDesc>
              </category>
              <category corresp="#other">
                <catDesc>
                  <num type="boolean" value="0"/>
                </catDesc>
                <category corresp="#free">
                  <gloss/>
                </category>
              </category>
              <category xml:id="persistent_URLs">
                <catDesc>
                  <num type="boolean" value="1"/>
                </catDesc>
              </category>
              <category corresp="#none">
                <catDesc>
                  <num type="boolean" value="0"/>
                </catDesc>
              </category>
            </category>
            <category xml:id="citation">
              <catDesc>
                <ref target="#K6.3">cf. Catalogue 6.3</ref>
              </catDesc>
              <catDesc>Does the text collection supply citation guidelines?</catDesc>
              <catDesc>
                <num type="boolean" value="0"/>
              </catDesc>
            </category>
            <category xml:id="archiving">
              <catDesc>
                <ref target="#K6.4">cf. Catalogue 6.4</ref>
              </catDesc>
              <catDesc>Does the documentation include information about the long term sustainability
                of the basic data (archiving of the data)?</catDesc>
              <catDesc>
                <num type="boolean" value="0"/>
              </catDesc>
            </category>
            <category xml:id="curation">
              <catDesc>
                <ref target="#K6.4">cf. Catalogue 6.4</ref>
              </catDesc>
              <catDesc>Does the project provide information about institutional support for the
                curation and sustainability of the project?</catDesc>
              <catDesc>
                <num type="boolean" value="1"/>
              </catDesc>
            </category>
            <category xml:id="completion">
              <catDesc>
                <ref target="#K6.4">cf. Catalogue 6.4</ref>
              </catDesc>
              <catDesc>Is the text collection completed?</catDesc>
              <catDesc>
                <num type="boolean" value="1"/>
              </catDesc>
            </category>
          </category>
        </taxonomy>
      </classDecl>
    </encodingDesc>
  </teiHeader>
  <text>
    <body>
      <div type="abstract">
        <p>Women Writers in Review is the latest text corpus and digital humanities website to be
          produced by the Women Writers Project at Northeastern University. It includes over 600
          reviews of women&#x2019;s writing published between 1770 and 1830. The texts are encoded
          in TEI/XML and the site is easily navigable. It is a significant addition to the
          scholarship of early women&#x2019;s writing, but would be greatly enhanced with further
          explanation on the site about its architecture and policies of transcription and
          tagging.</p>
      </div>
      <div type="text">
        <div type="div2">
          <head>Women Writers in Review</head>
          <figure>
            <head>Fig. 1: ‘About’ Page for WWR</head>
            <graphic url="wp-content/uploads/issue_6/WWR/pictures/picture-1.png"/>
          </figure>
          <p>Women Writers in Review (WWR, <ptr target="http://www.wwp.northeastern.edu/review/"/>)
            is a welcome addition to the ever expanding purview of the Women Writers Project
              (WWP)<note xml:id="ftn1" n="1"><ptr
                target="https://web.archive.org/web/20170912143352/http://www.wwp.northeastern.edu/"
              /></note> at Northeastern University, spearheaded by Professor Julia Flanders (see
            Fig. 1).</p>
          <p>The projects within the WWP make available (sometimes freely, sometimes not) texts by
            late 18<hi rend="sup">th</hi> and early 19<hi rend="sup">th</hi> century women writers
            that otherwise are inaccessible or largely unknown. Women Writers Online (WWO)<note
              xml:id="ftn2" n="2"><ptr target="https://www.wwp.northeastern.edu/wwo/"/> Accessed
              September 12, 2017.</note>, the first of its family, is still, regrettably, a text
            collection viewable only by subscription. It offers fully searchable texts of works of
            fiction, non-fiction, verse, and drama. Women Writers in Review and Women Writers in
            Context (another associated site of the WWP)<note xml:id="ftn3" n="3"><ptr
                target="https://www.wwp.northeastern.edu/context/"/> Accessed September 12,
              2017.</note> are open-access, and the former is a result of the WWP&#x2019;s research
            project, Cultures of Reception, funded by the National Endowment for the Humanities.
            This project was &#x201C;designed to investigate the role that women&#x2019;s literary
            writing and its reception played in the formation of Anglophone literary culture in the
            late 18<hi rend="sup">th</hi> and early 19<hi rend="sup">th</hi> centuries.&#x201D;<note
              xml:id="ftn4" n="4"><ptr
                target="https://web.archive.org/web/20170621173109/http://www.wwp.northeastern.edu/research/projects/reception/"
              /></note> Work began in 2010 and WWR was launched in late 2016. The producers of the
            site include Julia Flanders, Syd Bauman, Steven Braun, John Melson, Ashley Clark, Sarah
            Connell, and a sizable graduate and undergraduate staff of transcribers and encoders.
            For a complete list of contributors, see WWP People.<note xml:id="ftn5" n="5"><ptr
                target="https://web.archive.org/web/20170912143830/http://www.wwp.northeastern.edu/about/people.html"
              /></note></p>
          <p>Women Writers in Review provides the texts of over 600 reviews of women&#x2019;s
            writing published in America, Great Britain and Ireland between 1770 and 1830, with more
            to come. &#x201C;Reviews&#x201D; are defined as &#x201C;encompassing not only literary
            and theatrical reviews but also publication notices, republished textual extracts,
            literary histories, and a range of documents that discuss other texts.&#x201D; The
            ‘Terminology’ page<note xml:id="ftn6" n="6"><ptr
                target="http://www.wwp.northeastern.edu/review/about/terms"/> Accessed September 12,
              2017.</note> defines the site&#x2019;s bibliographic terms and makes it clear for the
            reader what kind of content they are encountering. This is a welcome guidepost
            considering the plethora of digital text collections currently available in which the
            meanings of bibliographic terms can vary. So far, 74 authors are represented, such as
            Maria Edgeworth, Hannah More, and Mary Wollstonecraft. This is a somewhat small corpus
            given the years covered, so there is only room to grow. In addition, and a great
            advantage to the user if they subscribe to WWO, is that when a review on WWR discusses a
            work available on WWO, it links to the full text of that work.</p>
        </div>
        <div type="div2">
          <head>Content</head>
          <p>The biographic and bibliographic records of each author, her works, and reviews of her
            works are comprehensive and clear. Likewise, the texts of the reviews appear to have
            been somewhat carefully prepared. With regard to the metadata supplied for each author
            and her writings, let us take the landing page for Mary (Darby) Robinson as an
              example.<note xml:id="ftn7" n="7"><ptr
                target="http://www.wwp.northeastern.edu/review/authors/mrobinson.ssq"/> Accessed
              September 12, 2017.</note> We are given her birth and married names as well as a
            pseudonym &#x201C;Tabitha Bramble.&#x201D; This information is followed by places and
            dates of birth and death, her dates of &#x201C;floruit,&#x201D; her faith, gender, and
            place/s of residence. The names of women writers, including their birth names, married
            names and sometimes multiple pseudonyms, can often present a challenge for a researcher,
            but happily WWR provides links to the Library of Congress Name Authority, the Virtual
            International Authority File, and Worldcat Identities, each of which gives us as many
            variants of an author&#x2019;s name as are known. Below this data are titles by the
            author that when clicked link directly to their reviews. WWR does not list all the known
            works of the author, just those with reviews on the site. One may get to the reviews
            this way, by scrolling down Robinson&#x2019;s landing page where the reviews are listed
            according to their sources, or by clicking on facets of metadata associated with the
            author in the left-hand margin. Once you reach a review, the text itself is given on the
            right-hand side and to the left are a full bibliographic citation of the review and the
            names of the author and work under review, with links back to the landing pages of the
            author and the work.</p>
          <p>Getting to the reviews, reading them, and comprehending the data associated with each
            one is fairly straightforward; however, it is in the creation of the digital texts
            themselves that we are left with questions. Nowhere is it explained how the texts were
            initially generated or what criteria was used for the selection. Were they transcribed
            or the result of OCR? Where are the original periodicals housed? Have they been
            digitized and are available on Hathitrust, or Google Books, or the Internet Archive?
            Only from reading &#x201C;Meta(data)morphosis,&#x201D; XML In, Web Out: International
            Symposium on sub rosa XML: Proceedings (2016)<note xml:id="ftn8" n="8"><ptr
                target="https://web.archive.org/web/20170912144552/http://www.balisage.net/Proceedings/vol18/html/Clark01/BalisageVol18-Clark01.html"
              /></note> by site producers Ashley Clark and Sarah Connell does one learn that the
            reviews were transcribed by students. After a cursory examination of the texts, it
            appears to be a job well done without any obvious errors. Yes, this is a text collection
            and not an edition wherein an explanation of how the transcriptions were done is
            necessary. However, a few paragraphs in the ‘About’ section about the materiality and
            accessibility of the sources of these reviews and the editorial decisions made during
            the transcription process (e.g. the rendering of medial s&#x2019;s and any emending of
            the original formats) would be a great advantage to this site and its users, some of
            whom may want to check the transcriptions against the originals if questions arise.
            Also, knowing more about the original publications and discovering what reviews and
            articles were printed alongside the transcribed ones would only benefit this exploration
            of context and interconnectedness that the makers of WWR are interested in.</p>
        </div>
        <div type="div2">
          <head>Mark-up, Infrastructure, and Navigation</head>
          <figure>
            <head>Fig. 2: Tags applied to texts on WWR</head>
            <graphic url="wp-content/uploads/issue_6/WWR/pictures/picture-2.png"/>
          </figure>
          <p>The reviews are encoded in TEI/XML with a specific mark-up that records structures,
            rhetorical features, and &#x201C;intertextual moves (such as quotation from other
              texts)&#x201D;,<note xml:id="ftn9" n="9"><ptr
                target="http://www.wwp.northeastern.edu/review/about"/> Accessed September 12,
              2017.</note> resulting in a conscious organization of these materials. However, the
            TEI files themselves cannot be downloaded; therefore the user cannot view the
            project&#x2019;s schema and no documentation is available on the website. The
            site&#x2019;s navigation methodology and infrastructure is built on a bedrock of
            metadata facets, and it is only through the landing pages of the facet categories that
            one gets to the review texts. Each review has been tagged according to five categories:
            Genre, Format, Reception, Theme, and Miscellaneous. What &#x201C;Genre&#x201D; and
            &#x201C;Format&#x201D; gives you is self-evident. &#x201C;Reception&#x201D; tags label
            the reviews as either &#x201C;very positive,&#x201D; &#x201C;somewhat positive,&#x201D;
            &#x201C;neutral or no evaluation,&#x201D; &#x201C;mixed,&#x201D; &#x201C;somewhat
            negative,&#x201D; or &#x201C;very negative.&#x201D; The &#x201C;Miscellaneous&#x201D;
            category consists of tags for &#x201C;partial transcription,&#x201D; &#x201C;the
            transcription contains quotes from works other than the primary text,&#x201D; and
            &#x201C;the transcription is known to contain material republished from other periodical
            sources.&#x201D; Finally, the &#x201C;Theme&#x201D; category is where we begin to see
            the intention behind this collection. Themes such as &#x201C;racial identities,&#x201D;
            &#x201C;place, space, or geography,&#x201D; &#x201C;nation or empire,&#x201D;
            &#x201C;gender identities,&#x201D; &#x201C;religious identities,&#x201D; and
            &#x201C;moral impacts of literature&#x201D; have been assigned to the reviews by the
            producers of the site (see Fig. 2).</p>
          <p>Therefore, the user is purposefully guided, for good or ill, into considering the texts
            according to these prescriptive terms. What appears to be an organic rather than
            theoretically driven process for choosing these tags is briefly touched on by Clark and
            Connell in &#x201C;Meta(data)morphosis&#x201D;:<note xml:id="ftn10" n="10"><ptr
                target="https://web.archive.org/web/20170912152500/http://www.balisage.net/Proceedings/vol18/html/Clark01/BalisageVol18-Clark01.html"
              /></note></p>
          <quote>
            <p>During the early stages of the project, the WWP had identified several key themes
              that we were interested in tracking across the corpus&#x2014;including topics such
              as&#xA0;&#x2018;Nation or empire,&#x2019;&#xA0;&#x2018;Gender identities,
              and&#xA0;Review culture.&#x2019; We also wanted encoders to add their own thematic
              keywords, reflecting the specific content of different reviews and capturing themes
              that we hadn&#x2019;t anticipated. And so, we ended up with a broad set of
              encoder-created tags, many of which were expressing essentially the same concepts in
              slightly different language. [ . . .] We consolidated variations in the keywords,
              taking note of which encoder-authored tags were appearing frequently. In this way, the
              review process was also a method for us to get a sense of the content and concerns of
              the corpus overall and to refine the list of corpus-wide thematic tags, which we
              expect will be one of the major ways that readers discover content in the Women
              Writers in Review interface.</p>
          </quote>
          <p>Doubtless, there was more to it than that, and one would like to know more about the
            early stages of the project and the thinking around the identifying of these themes; but
            from this explanation, it appears that it was largely the encoding staff that determined
            the thematic tagging ontology of this corpus. It is, of course, within the parameters of
            any digital scholarly endeavor to give a direction of inquiry for its users through its
            tagging choices, and the ‘About’ page is very clear about the site&#x2019;s imagined
            uses and why it was created:</p>
          <quote>
            <p>We hope that&#xA0;<emph>Women Writers in Review</emph>&#xA0;will enable researchers
              to address a wide range of questions, which might include: how do periodical reviews
              in this period imagine the relationship between the local and transnational writing
              spaces? How do reviews work to constitute for women authors a sense of a reading
              public? What are the differences that mark reading and reviewing practices across
              various regions and localities? To what extent does geography affect patterns of
              reference to women&#x2019;s writing during this period? How do reviews, anthologies,
              and other similar sources gender particular spaces or locations of reading?</p>
          </quote>
          <p>With these questions stated upfront, the signal is given, and any user should keep in
            mind, that this site is not just a collection of reviews made accessible, but also a
            collection that has been ordered in such a way as to inspire specific modes of analysis.
            However, the makers encourage researchers to use their data for other purposes and
            distant reading practices. This is evidenced by the availability of their API,<note
              xml:id="ftn11" n="11"><ptr target="http://www.wwp.northeastern.edu/review/api"/>
              Accessed September 12, 2017.</note> accompanied by a changelog. N.B. It only accepts
            HTTP GET requests and will return only JSON in its index-level responses, i.e., the
            metadata associated with top-level facets, such as &#x201C;author&#x201D;,
            &#x201C;reviews&#x201D; and &#x201C;locations&#x201D;.</p>
          <p>This &#x201C;index-level response&#x201D; brings us to the biggest advantage or
            drawback of the site, depending on your research interests. Its primary focus is to
            aggregate and explore metadata, and the actual texts are not keyword searchable. In
            fact, there is no search box or advanced search option at all. Index-level listings are
            all one can produce from the Explore tab on the main menu, giving one the option to
            browse the reviews based on the aforementioned facets: author names (74 authors), titles
            of works (198 works), names of sources (111 sources), and themes (explained above).
            Admittedly, reading and keyword searching is only one way to engage with a text
            collection. Another way, and the one that the organization of this data encourages, is
            to find connections through layers of data. As explained in
            &#x201C;Meta(data)morphosis&#x201D;: &#x201C;Cultures of Reception places a high
            priority on aggregation; its texts are generally shorter than those in WWO and they are
            more likely to be discovered through their periodicals of publication or subject matter
            than by reviews&#x2019; titles or authors. For this reason, Women Writers in Review
            (WWR), [. . .]&#xA0;foregrounds metadata much more than WWO does and fosters exploration
            by a wider range of facets.&#x201D; For example, if you click on &#x201C;Frances
              Burney,&#x201D;<note xml:id="ftn12" n="12"><ptr
                target="http://www.wwp.northeastern.edu/review/authors/fburney.xtw"/> Accessed
              September 12, 2017.</note> you see from the list of facets on her landing page that
            Maria Edgeworth is mentioned with Burney in the three reviews given, as well as other
            writers. Then, if you click through to the landing page of one of the source titles of
            her reviews, you can explore what other authors are written about in that source. The
            relationships and interactions among the works and authors and shared themes are made
            quite clear.</p>
          <p>As for how all this searching and navigation structure came to be,
            &#x201C;Meta(data)morphosis&#x201D; contains an explanation of the back-end. The web
            application makes use of BackboneJS&#xA0;to interface with eXist&#x2019;s RESTXQ
            endpoint. An XQuery was designed to return JSON datasets and HTML representations of the
            corpus of XML texts. The web application was built out while the TEI files were still
            being cleaned up, and within the eXist database, the transcription files are stored
            separately from the EXPath app. Regrettably, there is no similar technical explanation
            on the WWR site, or even a brief summary so users can understand the encoding choices
            and the site&#x2019;s architecture. (In fact, one must search elsewhere or click to the
            WWP site to get the names of the producers and their contact information.) With the
            prevalence of a number of interesting and useful digital humanities projects and
            websites, some may think we have moved beyond the need to give a technical summary on
            the sites themselves, because this type of work has become mainstream. I disagree. In
            fact, due to the prevalence of so many methods and tools for building sites, there is
            even more reason to explain and defend a project&#x2019;s structure and provide a
            &#x201C;Contact&#x201D; page for queries.</p>
        </div>
        <div type="div2">
          <head>Design</head>
          <figure>
            <head>Fig. 3: Homepage of WWR</head>
            <graphic url="wp-content/uploads/issue_6/WWR/pictures/picture-3.png"/>
          </figure>
          <p>The design of the site is clean, concise, and easily navigable. The home page (see Fig.
            3) gives multiple points of entry to the different indexes, a featured quotes section to
            draw readers in, and a visualization completed by Steven Braun. It shows clusters of
            where in time positive and negative reviews were published, and one can perceive
            patterns and draw out the works of a specific author for comparison to others. Since
            there is an API available, presumably one could download their data and create their own
            visualizations.</p>
          <figure>
            <head>Fig. 4: Review of <emph>The Widow; or, a Picture of Modern Times</emph></head>
            <graphic url="wp-content/uploads/issue_6/WWR/pictures/picture-4.png"/>
          </figure>
          <p>On the various landing pages, there are few places where one has to scroll down
            multiple frames to finish reading content, and at every page one links to, it is easy to
            follow bread crumbs back to where you were or to link to further content through the
            clearly delineated facet layout. In this way, the design supports the mandate of the
            site: to allow on every page a way to explore how the review you are reading or the
            author being discussed is related to another author, work, or source. To return to Mary
            Robinson, at the review of her <emph>The Widow; or, a Picture of Modern
              Times</emph>,<note xml:id="ftn13" n="13"><ptr
                target="http://www.wwp.northeastern.edu/review/reviews/robinson.widow.englishreview.1"
              /> Acceessed September 12, 2017.</note> there are three links under the title to the
            genre (literary review), format (article or essay), and reception (very positive) of the
            work. If a theme were assigned to it, then there would be a link for that as well (see
            Fig. 4).</p>
          <figure>
            <head>Fig. 5: Landing Page for Aphra Behn</head>
            <graphic url="wp-content/uploads/issue_6/WWR/pictures/picture-5.png"/>
          </figure>
          <p>These links are color-coded and take you to a page where you can explore other reviews
            of that genre, format, reception, or theme. If another author is mentioned in the
            review, a link is provided to her landing page and associated facets of metadata, and so
            on and so forth; and in the left-hand column of almost every page are the filter results
            for that work or author. There one may expand or collapse the list of facets under the
            nine major metadata groups and see connections in theme, genre, publication place,
            source, etc. to other works and writers. It is a complicated web that has been made easy
            to visualize by this design (see Fig. 5).</p>
          <figure>
            <head>Fig. 6: Page header of the Women Writers Project</head>
            <graphic url="wp-content/uploads/issue_6/WWR/pictures/picture-6.png"/>
          </figure>
          <figure>
            <head>Fig. 7: Page header of Women Writers Online</head>
            <graphic url="wp-content/uploads/issue_6/WWR/pictures/picture-7.png"/>
          </figure>
          <figure>
            <head>Fig. 8: Page header of Women Writers in Context</head>
            <graphic url="wp-content/uploads/issue_6/WWR/pictures/picture-8.png"/>
          </figure>
          <p>One curious aspect of the WWR&#x2019;s design, however, is why it is not directly
            attached, visually and technically, to the home page of the WWP, which has done an
            excellent job of branding its project sites (Women Writers Online, Women Writers in
            Context) in terms of shared logos and color schemes (see Fig. 6, 7, and 8).</p>
          <p>The home page of WWP, its drop-down menus and sub-page devoted to WWO do not link to or
            mention WWR. WWR&#x2019;s color scheme is different from the others and so far does not
            bear the WWP logo. The only mention (as of 12 April 2017) of Women Writers in Review on
            the WWP site is on its homepage in its announcements feed and a prominent screen shot of
            it as a featured site. This all may be temporary, however, and an alliance of the sites
            under the hood of WWP may be forthcoming.</p>
        </div>
        <div type="div2">
          <head>Conclusion</head>
          <p>One cannot overemphasize the value of the Women Writers Project to the study of early
            women writers. Before Women Writers Online and now Women Writers in Review, many female
            authors&#x2019; texts were inaccessible and some at risk of falling into obscurity. Not
            only are their works now made available, but these sites continue to be major
            contributors to methods of distant reading through their tagging choices and the
            structuring and availability of the metadata so that anyone can run analyses and create
            visualizations of their own. The project has also become a leader in the xml community
            by hosting training seminars<note xml:id="ftn14" n="14"><ptr
                target="http://www.wwp.northeastern.edu/outreach/seminars/"/> Accessed September 12,
              2017.</note> at conferences and by providing their guide<note xml:id="ftn15" n="15"
                ><ptr target="http://www.wwp.northeastern.edu/research/publications/guide/"/></note>
            to scholarly text encoding, which could serve as a manual for other projects if they
            wished to adopt it. With regards to establishing a permanent online presence of the
            lives and works of female authors, the WWP is not alone as a digital source, however.
            See also Alison Booth&#x2019;s Collective Biographies of Women;<note xml:id="ftn16"
              n="16"><ptr
                target="https://web.archive.org/web/20170912155327/http://womensbios.lib.virginia.edu/"
              /></note> archives of prominent women writers (Willa Cather,<note xml:id="ftn17"
              n="17"><ptr
                target="https://web.archive.org/web/20170912155502/https://cather.unl.edu/"/></note>
            Emily Dickinson,<note xml:id="ftn18" n="18"><ptr
                target="https://web.archive.org/web/20170912155618/http://www.edickinson.org/"
              /></note> Shelley-Godwin Archive<note xml:id="ftn19" n="19"><ptr
                target="https://web.archive.org/web/20170912155714/http://shelleygodwinarchive.org/"
              /></note>); editions of works (Jane Austen,<note xml:id="ftn20" n="20"><ptr
                target="https://web.archive.org/web/20170912155803/http://www.janeausten.ac.uk/index.html"
              /></note> American female historical figures in the Model Editions Partnership, and
            editions of the works of female Romantic writers at Romantic Circles<note xml:id="ftn21"
              n="21"><ptr
                target="https://web.archive.org/web/20170912155913/http://www.rc.umd.edu/editions"
              /></note>).</p>
          <p>However, Women Writers Online and Women Writers in Review are still unique as text
            collections given their exclusive focus on a wide range of women&#x2019;s texts. One can
            only hope that the Women Writers Project will one day extend its purview to include
            authors from the entire long nineteenth century, and improve in the areas of
            transparency and explanation of their transcription and encoding practices and site
            architecture.</p>
        </div>
      </div>
      <div type="references">
        <listBibl>
          <bibl>Booth, Alison. 2017. Collective Biographies of Women. Last modified: 2013. <ptr
              target="https://web.archive.org/web/20170621175126/http://womensbios.lib.virginia.edu/"
            /></bibl>
          <bibl>Clark, Ashley M., and Sarah Connell. &#x201C;Meta(data)morphosis.&#x201D; Presented
            at XML In, Web Out: International Symposium on sub rosa XML, Washington, DC, August 1,
            2016. In&#xA0;<emph>Proceedings of XML In, Web Out: International Symposium on sub rosa
              XML.</emph> Balisage Series on Markup Technologies, vol. 18 (2016). DOI:
            10.4242/BalisageVol18.Clark01 <ptr
              target="https://web.archive.org/web/20170912160126/https://www.balisage.net/Proceedings/vol18/html/Clark01/BalisageVol18-Clark01.html"
            /></bibl>
          <bibl>Emily Dickinson Archive. 2017. &#x201C;Emily Dickinson Archive.&#x201D; <ptr
              target="https://web.archive.org/web/20170621175256/http://www.edickinson.org/"
            /></bibl>
          <bibl>Jane Austen&#x2019;s Fiction Manuscripts. 2017. &#x201C;Jane Austen&#x2019;s Fiction
            Manuscripts.&#x201D; <ptr
              target="https://web.archive.org/web/20170621175430/http://www.janeausten.ac.uk/index.html"
            /></bibl>
          <bibl>Romantic Circles. 2017. &#x201C;Electronic Editions.&#x201D; Last Modified: March
            2017. <ptr
              target="https://web.archive.org/web/20170621175525/http://www.rc.umd.edu/editions"/>
          </bibl>
          <bibl>Shelley-Godwin Archive. 2017. &#x201C;The Shelley-Godwin Archive.&#x201D; <ptr
              target="https://web.archive.org/web/20170621175622/http://shelleygodwinarchive.org/"/>
          </bibl>
          <bibl>Willa Cather Archive. 2017. &#x201C;The Willa Cather Archive.&#x201D; Last Modified:
            February 2017. <ptr
              target="https://web.archive.org/web/20170621175739/https://cather.unl.edu/"/>
          </bibl>
          <bibl>Women Writers Project. 2017. &#x201C;Women Writers Project.&#x201D; <ptr
              target="https://web.archive.org/web/20170621175817/http://www.wwp.northeastern.edu/"/>
            Accessed June 20, 2017. </bibl>
          <bibl>Women Writers Online. 2017. &#x201C;Women Writers Online.&#x201D; <ptr
              target="http://wwo.wwp.northeastern.edu/WWO/"/> Accessed June 20, 2017. </bibl>
          <bibl>Women Writers in Context. 2017. &#x201C;Women Writers in Context.&#x201D; <ptr
              target="https://web.archive.org/web/20170621180141/http://www.wwp.northeastern.edu/context/index.html"
            />
          </bibl>
          <bibl>Women Writers in Review. 2017. &#x201C;Women Writers in Review.&#x201D; Last
            Modified November 2016. <ptr target="http://www.wwp.northeastern.edu/review/index.html"
            /> Accessed September 12, 2017. </bibl>
        </listBibl>
      </div>
    </body>
  </text>
</TEI>
