<?xml version="1.0"?>
<TEI xmlns="http://www.tei-c.org/ns/1.0" xmlns:xsi="http://www.w3.org/2001/XMLSchema-instance" xsi:schemaLocation="http://www.tei-c.org/ns/1.0 http://ride.i-d-e.de/wp-content/uploads/downloads/schema/ride.xsd">
  <teiHeader>
    <fileDesc>
      <titleStmt>
        <title/>
        <respStmt>
          <resp>author</resp>
          <name>
            <persName>
              <forename>Tessa</forename>
              <surname>Gengnagel</surname>
            </persName>
            <affiliation>
              <orgName>Cologne Center for eHumanities (CCeH) / a.r.t.e.s. Graduate School for the Humanities Cologne</orgName>
              <placeName>Cologne</placeName>
            </affiliation>
            <email>tessa.gengnagel (at) uni-koeln.de</email>
          </name>
        </respStmt>
      </titleStmt>
      <publicationStmt>
        <publisher>Institut f&#xFC;r Dokumentologie und Editorik</publisher>
        <date/>
        <idno type="issue">7</idno>
        <idno type="URI">http://ride.i-d-e.de/issues/issue-7/faust</idno>
        <idno type="DOI">10.18716/ride.a.7.3</idno>
        <availability>
          <licence>
            <ref target="http://creativecommons.org/licenses/by/4.0/"/>
          </licence>
        </availability>
      </publicationStmt>
      <notesStmt>
        <relatedItem>
          <biblStruct>
            <monogr>
              <title xml:id="resource_title">The 'Beta Dilemma' – A Review of the Faust Edition</title>
              <editor xml:id="resource_editors">Anne Bohnenkamp, Silke Henke, Fotis Jannidis</editor>
              <respStmt>
                <resp>Editor</resp>
                <persName>
                  <name>Anne Bohnenkamp</name>
                </persName>
              </respStmt>
              <respStmt>
                <resp>Editor</resp>
                <persName>
                  <name>Silke Henke</name>
                </persName>
              </respStmt>
              <respStmt>
                <resp>Editor</resp>
                <persName>
                  <name>Fotis Jannidis</name>
                </persName>
              </respStmt>
              <respStmt>
                <resp>Contributor</resp>
                <persName>
                  <name>Gerrit Br&#xFC;ning</name>
                </persName>
              </respStmt>
              <respStmt>
                <resp>Contributor</resp>
                <persName>
                  <name>Katrin Henzel</name>
                </persName>
              </respStmt>
              <respStmt>
                <resp>Contributor</resp>
                <persName>
                  <name>Christoph Leijser</name>
                </persName>
              </respStmt>
              <respStmt>
                <resp>Contributor</resp>
                <persName>
                  <name>Gregor Middell</name>
                </persName>
              </respStmt>
              <respStmt>
                <resp>Contributor</resp>
                <persName>
                  <name>Dietmar Pravida</name>
                </persName>
              </respStmt>
              <respStmt>
                <resp>Contributor</resp>
                <persName>
                  <name>Thorsten Vitt</name>
                </persName>
              </respStmt>
              <respStmt>
                <resp>Contributor</resp>
                <persName>
                  <name>Moritz Wissenbach</name>
                </persName>
              </respStmt>
              <imprint>
                <date xml:id="resource_date_publication">2016</date>
              </imprint>
            </monogr>
            <idno xml:id="resource_uri">http://beta.faustedition.net/</idno>
          </biblStruct>
        </relatedItem>
        <note>
          <date xml:id="resource_date_access">2017-09-18</date>
        </note>
      </notesStmt>
      <sourceDesc>
        <p>Auf der Basis von <ref>http://www.i-d-e.de/publikationen/weitereschriften/criteria-version-1-1</ref>
                </p>
      </sourceDesc>
    </fileDesc>
    <encodingDesc>
      <classDecl>
        <taxonomy xml:base="http://www.i-d-e.de/publikationen/weitereschriften/criteria-version-1-1">
          <category xml:id="documentation">
            <category xml:id="bibl_desc">
              <catDesc>
                <ref target="#K1.2">cf. Catalogue 1.2</ref>
              </catDesc>
              <catDesc>Is it easily possible to describe the project bibliographically along the schema "responsible editors, publishing/hosting institution, year(s) of publishing"?</catDesc>
              <catDesc>
                <num type="boolean" value="1"/>
              </catDesc>
            </category>
            <category xml:id="contributors">
              <catDesc>
                <ref target="#K1.4">cf. Catalogue 1.4</ref>
              </catDesc>
              <catDesc>Are the contributors (editors, institutions, associates) of the project fully documented?</catDesc>
              <catDesc>
                <num type="boolean" value="1"/>
              </catDesc>
            </category>
            <category xml:id="contacts">
              <catDesc>
                <ref target="#K1.5">cf. Catalogue 1.5</ref>
              </catDesc>
              <catDesc>Does the project list contact persons?</catDesc>
              <catDesc>
                <num type="boolean" value="1"/>
              </catDesc>
            </category>
            <category xml:id="selection">
              <category xml:id="explained">
                <catDesc>
                  <ref target="#K2.1">cf. Catalogue 2.1</ref>
                </catDesc>
                <catDesc>Is the selection of materials of the project explicitly documented?</catDesc>
                <catDesc>
                  <num type="boolean" value="1"/>
                </catDesc>
              </category>
              <category xml:id="reasonable">
                <catDesc>
                  <ref target="#K2.1">cf. Catalogue 2.1</ref>
                </catDesc>
                <catDesc>Is the selection by and large reasonable?</catDesc>
                <catDesc>
                  <num type="boolean" value="1"/>
                </catDesc>
              </category>
            </category>
            <category xml:id="data_archive">
              <catDesc>
                <ref target="#K4.16">cf. Catalogue 4.16</ref>
              </catDesc>
              <catDesc>Does the documentation include information about the long term sustainability of the basic data (archiving of the data)?</catDesc>
              <catDesc>
                <num type="boolean" value="0"/>
              </catDesc>
            </category>
            <category xml:id="aims">
              <catDesc>
                <ref target="#K3.1">cf. Catalogue 3.1</ref>
              </catDesc>
              <catDesc>Are the aims and purposes of the project explicitly documented?</catDesc>
              <catDesc>
                <num type="boolean" value="1"/>
              </catDesc>
            </category>
            <category xml:id="methods">
              <catDesc>
                <ref target="#K3.1">cf. Catalogue 3.1</ref>
              </catDesc>
              <catDesc>Are the methods employed in the project explicitly documented?</catDesc>
              <catDesc>
                <num type="boolean" value="0"/>
              </catDesc>
            </category>
            <category xml:id="data_model">
              <catDesc>
                <ref target="#K3.7">cf. Catalogue 3.7</ref>
              </catDesc>
              <catDesc>Does the project document which data model (e.g. TEI) has been used and for what reason?</catDesc>
              <catDesc>
                <num type="boolean" value="0"/>
              </catDesc>
            </category>
            <category xml:id="help">
              <catDesc>
                <ref target="#K4.15">cf. Catalogue 4.15</ref>
              </catDesc>
              <catDesc>Does the project offer help texts concerning the use of the project?</catDesc>
              <catDesc>
                <num type="boolean" value="1"/>
              </catDesc>
            </category>
            <category xml:id="citation">
              <catDesc>
                <ref target="#K4.8">cf. Catalogue 4.8</ref>
              </catDesc>
              <catDesc>Does the project supply citation guidelines (i.e. how to cite the project or a part of it)?</catDesc>
              <catDesc>
                <num type="boolean" value="1"/>
              </catDesc>
            </category>
            <category xml:id="complete">
              <catDesc>
                <ref target="#K4.16">cf. Catalogue 4.16</ref>
              </catDesc>
              <catDesc>Does the editon regard itself as a completed project (i.e. not promise further modifications and additions)?</catDesc>
              <catDesc>
                <num type="boolean" value="0"/>
              </catDesc>
            </category>
            <category xml:id="institutional_curation">
              <catDesc>
                <ref target="#K4.13">cf. Catalogue 4.13</ref>
              </catDesc>
              <catDesc>Does the project provide information about institutional support for the curation and sustainability of the project?</catDesc>
              <catDesc>
                <num type="boolean" value="1"/>
              </catDesc>
            </category>
          </category>
          <category xml:id="contents">
            <category xml:id="previous_edition">
              <catDesc>
                <ref target="#K2.2">cf. Catalogue 2.2</ref>
              </catDesc>
              <catDesc>Has the material been previously edited (in print or digitally)?</catDesc>
              <catDesc>
                <num type="boolean" value="1"/>
              </catDesc>
            </category>
            <category xml:id="materials_used">
              <catDesc>
                <ref target="#K2.2">cf. Catalogue 2.2</ref>
              </catDesc>
              <catDesc>Does the edition make use of these previous editions?</catDesc>
              <catDesc>
                <num type="booleanX" value="0"/>
              </catDesc>
            </category>
            <category xml:id="introduction">
              <catDesc>
                <ref target="#K4.15">cf. Catalogue 4.15</ref>
              </catDesc>
              <catDesc>Does the project offer an introduction to the subject-matter (the author(s), the work, its history, the theme, etc.) of the project?</catDesc>
              <catDesc>
                <num type="boolean" value="0"/>
              </catDesc>
            </category>
            <category xml:id="bibliography">
              <catDesc>
                <ref target="#K2.3">cf. Catalogue 2.3</ref>
              </catDesc>
              <catDesc>Does the project offer a bibliography?</catDesc>
              <catDesc>
                <num type="boolean" value="1"/>
              </catDesc>
            </category>
            <category xml:id="commentary">
              <catDesc>
                <ref target="#K2.3">cf. Catalogue 2.3</ref>
              </catDesc>
              <catDesc>Does the project offer a scholarly commentary (e.g. notes on unclear passages, interpretation, etc.)?</catDesc>
              <catDesc>
                <num type="boolean" value="0"/>
              </catDesc>
            </category>
            <category xml:id="contexts">
              <catDesc>
                <ref target="#K2.3">cf. Catalogue 2.3</ref>
              </catDesc>
              <catDesc>Does the project include or link to external resources with contextual material?</catDesc>
              <catDesc>
                <num type="boolean" value="0"/>
              </catDesc>
            </category>
            <category xml:id="images">
              <catDesc>
                <ref target="#K2.3">cf. Catalogue 2.3</ref>
              </catDesc>
              <catDesc>Does the project offer images of digitised sources?</catDesc>
              <catDesc>
                <num type="boolean" value="1"/>
              </catDesc>
            </category>
            <category xml:id="image_quality">
              <catDesc>
                <ref target="#K4.6">cf. Catalogue 4.6</ref>
              </catDesc>
              <catDesc>Does the project offer images of an acceptable quality?</catDesc>
              <catDesc>
                <num type="booleanX" value="1"/>
              </catDesc>
            </category>
            <category xml:id="transcriptions">
              <catDesc>
                <ref target="#K2.3">cf. Catalogue 2.3</ref>
              </catDesc>
              <catDesc> Is the text fully transcribed?</catDesc>
              <catDesc>
                <num type="boolean" value="1"/>
              </catDesc>
            </category>
            <category xml:id="text_quality">
              <catDesc>
                <ref target="#K4.6">cf. Catalogue 4.6</ref>
              </catDesc>
              <catDesc>Does the project offer texts of an acceptable quality (typos, errors, etc.)?</catDesc>
              <catDesc>
                <num type="boolean" value="1"/>
              </catDesc>
            </category>
            <category xml:id="indices">
              <catDesc>
                <ref target="#K4.5">cf. Catalogue 4.5</ref>
              </catDesc>
              <catDesc>Does the project feature compilations indices, registers or visualisations that offer alternative ways to access the material?</catDesc>
              <catDesc>
                <num type="boolean" value="1"/>
              </catDesc>
            </category>
            <category xml:id="documents">
              <category xml:id="doc_type">
                <catDesc>
                  <ref target="#K1.3 #K2.1">cf. Catalogue 1.3 and 2.1</ref>
                </catDesc>
                <catDesc>Which kinds of documents are at the basis of the project?</catDesc>
                <category xml:id="single_manuscript">
                  <catDesc>
                    <num type="boolean" value="1"/>
                  </catDesc>
                </category>
                <category xml:id="single_work">
                  <catDesc>
                    <num type="boolean" value="1"/>
                  </catDesc>
                </category>
                <category xml:id="collection_of_texts">
                  <catDesc>
                    <num type="boolean" value="1"/>
                  </catDesc>
                </category>
                <category xml:id="collected_works">
                  <catDesc>
                    <num type="boolean" value="1"/>
                  </catDesc>
                </category>
                <category xml:id="papers">
                  <catDesc>
                    <num type="boolean" value="1"/>
                  </catDesc>
                </category>
                <category xml:id="archival_holding">
                  <catDesc>
                    <num type="boolean" value="1"/>
                  </catDesc>
                </category>
                <category xml:id="charters">
                  <catDesc>
                    <num type="boolean" value="0"/>
                  </catDesc>
                </category>
                <category xml:id="letters">
                  <catDesc>
                    <num type="boolean" value="1"/>
                  </catDesc>
                </category>
                <category xml:id="diary">
                  <catDesc>
                    <num type="boolean" value="1"/>
                  </catDesc>
                </category>
                <category corresp="#other">
                  <catDesc>
                    <num type="boolean" value="0"/>
                  </catDesc>
                  <category corresp="#free">
                    <gloss/>
                  </category>
                </category>
              </category>
              <category xml:id="doc_time">
                <catDesc>
                  <ref target="#K1.3 #K2.1">cf. Catalogue 1.3 and 2.1</ref>
                </catDesc>
                <catDesc>What era(s) do the documents belong to?</catDesc>
                <category xml:id="classics">
                  <catDesc>
                    <num type="boolean" value="0"/>
                  </catDesc>
                </category>
                <category xml:id="medieval">
                  <catDesc>
                    <num type="boolean" value="0"/>
                  </catDesc>
                </category>
                <category xml:id="early_modern">
                  <catDesc>
                    <num type="boolean" value="1"/>
                  </catDesc>
                </category>
                <category xml:id="modern">
                  <catDesc>
                    <num type="boolean" value="1"/>
                  </catDesc>
                </category>
              </category>
            </category>
            <category xml:id="subject">
              <catDesc>
                <ref target="#K1.3">cf. Catalogue 1.3</ref>
              </catDesc>
              <catDesc>Which perspective(s) do the editors take towards the edited material? How can the edition be classified in general terms?</catDesc>
              <category xml:id="history">
                <catDesc>
                  <num type="boolean" value="0"/>
                </catDesc>
              </category>
              <category xml:id="philology_literary_studies">
                <catDesc>
                  <num type="boolean" value="1"/>
                </catDesc>
              </category>
              <category xml:id="philosophy_theology">
                <catDesc>
                  <num type="boolean" value="0"/>
                </catDesc>
              </category>
              <category xml:id="history_of_science">
                <catDesc>
                  <num type="boolean" value="0"/>
                </catDesc>
              </category>
              <category xml:id="musicology">
                <catDesc>
                  <num type="boolean" value="0"/>
                </catDesc>
              </category>
              <category xml:id="art_history">
                <catDesc>
                  <num type="boolean" value="0"/>
                </catDesc>
              </category>
              <category corresp="#other">
                <catDesc>
                  <num type="boolean" value="0"/>
                </catDesc>
                <category corresp="#free">
                  <gloss/>
                </category>
              </category>
            </category>
          </category>
          <category xml:id="presentation">
            <category xml:id="spin_offs">
              <catDesc>
                <ref target="#K4.11">cf. Catalogue 4.11</ref>
              </catDesc>
              <catDesc>Does the project offer any spin-offs?</catDesc>
              <category xml:id="app">
                <catDesc>
                  <num type="boolean" value="0"/>
                </catDesc>
              </category>
              <category xml:id="mobile">
                <catDesc>
                  <num type="boolean" value="0"/>
                </catDesc>
              </category>
              <category xml:id="PDF">
                <catDesc>
                  <num type="boolean" value="0"/>
                </catDesc>
              </category>
              <category corresp="#other">
                <catDesc>
                  <num type="boolean" value="0"/>
                </catDesc>
                <category corresp="#free">
                  <gloss/>
                </category>
              </category>
              <category corresp="#none">
                <catDesc>
                  <num type="boolean" value="1"/>
                </catDesc>
              </category>
            </category>
            <category xml:id="browse_by">
              <catDesc>
                <ref target="#K4.3">cf. Catalogue 4.3</ref>
              </catDesc>
              <catDesc>By which categories does the project offer to browse the contents?</catDesc>
              <category xml:id="authors">
                <catDesc>
                  <num type="boolean" value="0"/>
                </catDesc>
              </category>
              <category xml:id="works">
                <catDesc>
                  <num type="boolean" value="1"/>
                </catDesc>
              </category>
              <category xml:id="versions">
                <catDesc>
                  <num type="boolean" value="0"/>
                </catDesc>
              </category>
              <category xml:id="structure">
                <catDesc>
                  <num type="boolean" value="1"/>
                </catDesc>
              </category>
              <category xml:id="pages">
                <catDesc>
                  <num type="boolean" value="0"/>
                </catDesc>
              </category>
              <category xml:id="browse_by_documents">
                <catDesc>
                  <num type="boolean" value="1"/>
                </catDesc>
              </category>
              <category xml:id="type_of_material">
                <catDesc>
                  <num type="boolean" value="0"/>
                </catDesc>
              </category>
              <category xml:id="browse_by_images">
                <catDesc>
                  <num type="boolean" value="0"/>
                </catDesc>
              </category>
              <category xml:id="dates">
                <catDesc>
                  <num type="boolean" value="0"/>
                </catDesc>
              </category>
              <category xml:id="persons">
                <catDesc>
                  <num type="boolean" value="0"/>
                </catDesc>
              </category>
              <category xml:id="places">
                <catDesc>
                  <num type="boolean" value="0"/>
                </catDesc>
              </category>
              <category corresp="#other">
                <catDesc>
                  <num type="boolean" value="0"/>
                </catDesc>
                <category corresp="#free">
                  <gloss/>
                </category>
              </category>
            </category>
          </category>
          <category xml:id="search">
            <category xml:id="simple">
              <catDesc>
                <ref target="#K4.4">cf. Catalogue 4.4</ref>
              </catDesc>
              <catDesc>Does the project offer a simple search?</catDesc>
              <catDesc>
                <num type="boolean" value="1"/>
              </catDesc>
            </category>
            <category xml:id="advanced">
              <catDesc>
                <ref target="#K4.4">cf. Catalogue 4.4</ref>
              </catDesc>
              <catDesc>Does the project offer an advanced search?</catDesc>
              <catDesc>
                <num type="boolean" value="0"/>
              </catDesc>
            </category>
            <category xml:id="wildcard">
              <catDesc>
                <ref target="#K4.4">cf. Catalogue 4.4</ref>
              </catDesc>
              <catDesc>Does the search support the use of wildcards?</catDesc>
              <catDesc>
                <num type="booleanX" value="1"/>
              </catDesc>
            </category>
            <category xml:id="index">
              <catDesc>
                <ref target="#K4.4">cf. Catalogue 4.4</ref>
              </catDesc>
              <catDesc>Does the search offer an index of the searched field?</catDesc>
              <catDesc>
                <num type="booleanX" value="0"/>
              </catDesc>
            </category>
            <category xml:id="suggest">
              <catDesc>
                <ref target="#K4.4">cf. Catalogue 4.4</ref>
              </catDesc>
              <catDesc>Does the search offer autocompletion or suggest functionalities?</catDesc>
              <catDesc>
                <num type="booleanX" value="0"/>
              </catDesc>
            </category>
            <category xml:id="helptext">
              <catDesc>
                <ref target="#K4.4">cf. Catalogue 4.4</ref>
              </catDesc>
              <catDesc>Does the project offer help texts for the search?</catDesc>
              <catDesc>
                <num type="booleanX" value="1"/>
              </catDesc>
            </category>
          </category>
          <category xml:id="aim">
            <category xml:id="audience">
              <catDesc>
                <ref target="#K3.3">cf. Catalogue 3.3</ref>
              </catDesc>
              <catDesc>Who is the intended audience of the project?</catDesc>
              <category xml:id="scholars">
                <catDesc>
                  <num type="boolean" value="1"/>
                </catDesc>
              </category>
              <category xml:id="interested_public">
                <catDesc>
                  <num type="boolean" value="1"/>
                </catDesc>
              </category>
            </category>
            <category xml:id="typology">
              <catDesc>
                <ref target="#K3.3 #K5.1">cf. Catalogue 3.3 and 5.1</ref>
              </catDesc>
              <catDesc>Which type fits best for the reviewed project?</catDesc>
              <category xml:id="facsimile_edition">
                <catDesc>
                  <num type="boolean" value="0"/>
                </catDesc>
              </category>
              <category xml:id="archive_edition">
                <catDesc>
                  <num type="boolean" value="0"/>
                </catDesc>
              </category>
              <category xml:id="documentary_edition">
                <catDesc>
                  <num type="boolean" value="0"/>
                </catDesc>
              </category>
              <category xml:id="diplomatic_edition">
                <catDesc>
                  <num type="boolean" value="0"/>
                </catDesc>
              </category>
              <category xml:id="genetic_edition">
                <catDesc>
                  <num type="boolean" value="1"/>
                </catDesc>
              </category>
              <category xml:id="work_critical_edition">
                <catDesc>
                  <num type="boolean" value="0"/>
                </catDesc>
              </category>
              <category xml:id="text_critical_edition">
                <catDesc>
                  <num type="boolean" value="0"/>
                </catDesc>
              </category>
              <category xml:id="enriched_edition">
                <catDesc>
                  <num type="boolean" value="0"/>
                </catDesc>
              </category>
              <category xml:id="database_edition">
                <catDesc>
                  <num type="boolean" value="0"/>
                </catDesc>
              </category>
              <category xml:id="digital_library">
                <catDesc>
                  <num type="boolean" value="0"/>
                </catDesc>
              </category>
              <category xml:id="typology_collection_of_texts">
                <catDesc>
                  <num type="boolean" value="0"/>
                </catDesc>
              </category>
              <category corresp="#other">
                <catDesc>
                  <num type="boolean" value="0"/>
                </catDesc>
                <category corresp="#free">
                  <gloss/>
                </category>
              </category>
              <category corresp="#none">
                <catDesc>
                  <num type="boolean" value="0"/>
                </catDesc>
              </category>
            </category>
          </category>
          <category xml:id="method">
            <catDesc rend="label">Method</catDesc>
            <category xml:id="critical_editing">
              <catDesc>
                <ref target="#K3.6">cf. Catalogue 3.6</ref>
              </catDesc>
              <catDesc>In how far is the text critically edited?</catDesc>
              <category xml:id="transmission_examined">
                <catDesc>
                  <num type="boolean" value="1"/>
                </catDesc>
              </category>
              <category xml:id="palaeographic_annotations">
                <catDesc>
                  <num type="boolean" value="0"/>
                </catDesc>
              </category>
              <category xml:id="normalization">
                <catDesc>
                  <num type="boolean" value="1"/>
                </catDesc>
              </category>
              <category xml:id="variants">
                <catDesc>
                  <num type="boolean" value="1"/>
                </catDesc>
              </category>
              <category xml:id="emendation">
                <catDesc>
                  <num type="boolean" value="0"/>
                </catDesc>
              </category>
              <category xml:id="commentary_notes">
                <catDesc>
                  <num type="boolean" value="0"/>
                </catDesc>
              </category>
              <category corresp="#other">
                <catDesc>
                  <num type="boolean" value="0"/>
                </catDesc>
                <category corresp="#free">
                  <gloss/>
                </category>
              </category>
              <category corresp="#none">
                <catDesc>
                  <num type="boolean" value="0"/>
                </catDesc>
              </category>
            </category>
            <category xml:id="standards">
              <catDesc>
                <ref target="#K3.7">cf. Catalogue 3.7</ref>
              </catDesc>
              <category xml:id="XML">
                <catDesc>Is the data encoded in XML?</catDesc>
                <catDesc>
                  <num type="boolean" value="1"/>
                </catDesc>
              </category>
              <category xml:id="standardized_data_model">
                <catDesc>
                  <num type="boolean" value="1"/>
                </catDesc>
                <catDesc>Is the project employing a standardized data model (e.g. TEI)?</catDesc>
              </category>
            </category>
            <category xml:id="text_type">
              <catDesc>
                <ref target="#K3.5">cf. Catalogue 3.5.</ref>
              </catDesc>
              <catDesc>Which kinds or forms of text are presented?</catDesc>
              <category xml:id="facsimiles">
                <catDesc>
                  <num type="boolean" value="1"/>
                </catDesc>
              </category>
              <category xml:id="diplomatic_transcription">
                <catDesc>
                  <num type="boolean" value="1"/>
                </catDesc>
              </category>
              <category xml:id="edited_text">
                <catDesc>
                  <num type="boolean" value="1"/>
                </catDesc>
              </category>
              <category xml:id="translations">
                <catDesc>
                  <num type="boolean" value="0"/>
                </catDesc>
              </category>
              <category xml:id="commentaries">
                <catDesc>
                  <num type="boolean" value="0"/>
                </catDesc>
              </category>
              <category xml:id="semantic_data">
                <catDesc>
                  <num type="boolean" value="0"/>
                </catDesc>
              </category>
            </category>
          </category>
          <category xml:id="technical_accessability">
            <category xml:id="persistent_identification">
              <catDesc>
                <ref target="#K4.8">cf. Catalogue 4.8</ref>
              </catDesc>
              <catDesc>Are there persistent identifiers and an addressing system for the
                                                edition and/or parts/objects of it and which mechanism is used to
                                                that end?</catDesc>
              <category xml:id="DOI">
                <catDesc>
                  <num type="boolean" value="0"/>
                </catDesc>
              </category>
              <category xml:id="ARK">
                <catDesc>
                  <num type="boolean" value="0"/>
                </catDesc>
              </category>
              <category xml:id="URN">
                <catDesc>
                  <num type="boolean" value="0"/>
                </catDesc>
              </category>
              <category xml:id="PURL.ORG">
                <catDesc>
                  <num type="boolean" value="0"/>
                </catDesc>
              </category>
              <category corresp="#other">
                <catDesc>
                  <num type="boolean" value="0"/>
                </catDesc>
                <category corresp="#free">
                  <gloss/>
                </category>
              </category>
              <category xml:id="persistent_URLs">
                <catDesc>
                  <num type="boolean" value="0"/>
                </catDesc>
              </category>
              <category corresp="#none">
                <catDesc>
                  <num type="boolean" value="1"/>
                </catDesc>
              </category>
            </category>
            <category xml:id="interfaces">
              <catDesc>
                <ref target="#K4.9">cf. Catalogue 4.9</ref>
              </catDesc>
              <catDesc>Are there technical interfaces like OAI-PMH, REST etc., which allow the reuse of the data of the project in other contexts?</catDesc>
              <category xml:id="OAI-PMH">
                <catDesc>
                  <num type="boolean" value="0"/>
                </catDesc>
              </category>
              <category xml:id="REST">
                <catDesc>
                  <num type="boolean" value="0"/>
                </catDesc>
              </category>
              <category xml:id="general_API">
                <catDesc>
                  <num type="boolean" value="0"/>
                </catDesc>
              </category>
              <category corresp="#other">
                <catDesc>
                  <num type="boolean" value="0"/>
                </catDesc>
                <category corresp="#free">
                  <gloss/>
                </category>
              </category>
              <category corresp="#none">
                <catDesc>
                  <num type="boolean" value="1"/>
                </catDesc>
              </category>
            </category>
            <category xml:id="open_access">
              <catDesc>Is the edition Open Access?</catDesc>
              <catDesc>
                <num type="boolean" value="1"/>
              </catDesc>
            </category>
            <category xml:id="basic_data_accessible">
              <catDesc>
                <ref target="#K4.12">cf. Catalogue 4.12</ref>
              </catDesc>
              <catDesc>Is the basic data (e.g. the XML) of the project accessible for each part of the edition (e.g. for a page)?</catDesc>
              <catDesc>
                <num type="boolean" value="0"/>
              </catDesc>
            </category>
            <category xml:id="download">
              <catDesc>
                <ref target="#K4.9">cf. Catalogue 4.9</ref>
              </catDesc>
              <catDesc>Can the entire raw data of the project be downloaded (as a whole)?</catDesc>
              <catDesc>
                <num type="boolean" value="0"/>
              </catDesc>
            </category>
            <category xml:id="reuse">
              <catDesc>
                <ref target="#K4.9">cf. Catalogue 4.9</ref>
              </catDesc>
              <catDesc>Can you use the data with other tools useful for this kind of content?</catDesc>
              <catDesc>
                <num type="boolean" value="1"/>
              </catDesc>
            </category>
            <category xml:id="rights">
              <category xml:id="declared">
                <catDesc>
                  <ref target="#K4.13">cf. Catalogue 4.13</ref>
                </catDesc>
                <catDesc>Are the rights to (re)use the content declared?</catDesc>
                <catDesc>
                  <num type="boolean" value="1"/>
                </catDesc>
              </category>
              <category xml:id="license">
                <catDesc>
                  <ref target="#K4.13">cf. Catalogue 4.13</ref>
                </catDesc>
                <catDesc>Under what license are the contents released?</catDesc>
                <category xml:id="CC0">
                  <catDesc>
                    <num type="boolean" value="0"/>
                  </catDesc>
                </category>
                <category xml:id="CC-BY">
                  <catDesc>
                    <num type="boolean" value="0"/>
                  </catDesc>
                </category>
                <category xml:id="CC-BY-ND">
                  <catDesc>
                    <num type="boolean" value="0"/>
                  </catDesc>
                </category>
                <category xml:id="CC-BY-NC">
                  <catDesc>
                    <num type="boolean" value="0"/>
                  </catDesc>
                </category>
                <category xml:id="CC-BY-SA">
                  <catDesc>
                    <num type="boolean" value="0"/>
                  </catDesc>
                </category>
                <category xml:id="CC-BY-NC-ND">
                  <catDesc>
                    <num type="boolean" value="0"/>
                  </catDesc>
                </category>
                <category xml:id="CC-BY-NC-SA">
                  <catDesc>
                    <num type="boolean" value="1"/>
                  </catDesc>
                </category>
                <category xml:id="PDM">
                  <catDesc>
                    <num type="boolean" value="0"/>
                  </catDesc>
                </category>
                <category corresp="#other">
                  <catDesc>
                    <num type="boolean" value="0"/>
                  </catDesc>
                  <category corresp="#free">
                    <gloss/>
                  </category>
                </category>
                <category xml:id="no_license">
                  <catDesc>
                    <num type="boolean" value="0"/>
                  </catDesc>
                </category>
                <category xml:id="multiple_licenses">
                  <catDesc>
                    <num type="boolean" value="0"/>
                  </catDesc>
                </category>
              </category>
            </category>
          </category>
        </taxonomy>
      </classDecl>
    </encodingDesc>
  </teiHeader>
  <text>
    <body>
      <div type="abstract">The <emph>Faust</emph> Edition is a historical-critical edition of Johann Wolfgang von Goethe&#x2019;s <emph>Faust</emph> (1808/1832). Considered to be one of the most important works of German literature, it took until 2009 before a DFG-funded project started to produce a modern scholarly edition with the purpose of tracing the genesis of the two-part play. The edition is supported by the Freies Deutsches Hochstift (Frankfurter Goethe-Haus), the Klassik Stiftung Weimar and the University of W&#xFC;rzburg; the main editors are Prof. Dr. Anne Bohnenkamp, Dr. Silke Henke und Prof. Dr. Fotis Jannidis. In 2016, a first beta version of the edition went online. The version under review here is the beta version 2, released on 17 October 2016, although beta version 3 has by now been published as well (on 28 August 2017). This conundrum befits the main theme of the review which focuses on the challenges posed by the perpetual "beta status" of digital editions and the consequences this yields in the context of academia.</div>
      <div type="text">
        <div type="div2">
          <head>Introduction</head>
          <p>On a late summer day in 1831, Johann Wolfgang von Goethe set his quill aside, filled with tremendous satisfaction. He had just finished the second part of his <emph>Faust</emph>, a work that he had been occupied with for most of his life, writing, revising and revisiting it for over 60 years. &#x2018;My remaining days,&#x2019; he said, &#x2018;I may now consider a free gift; and it is now, in fact, of little consequence what I now do, or if I do anything.&#x2019;<note xml:id="ftn1" n="1">Eckermann as transl. by Oxenford 1850, 401.</note> </p>
          <p>He died, soon thereafter. Goethe did not live to witness the complete release of his finished <emph>magnum opus</emph>; instead, the tragic play that had seen an initial fragmentary publication in 1790 and a subsequent publication of <emph>Part One</emph> in 1808, was only made fully available posthumously. In <emph>Part Two</emph>, Goethe had transformed his continuation of the classic tale of the scholar Faust and his bargain with the devil, already familiar to English-speaking audiences by way of Christopher Marlowe&#x2019;s <emph>The Tragical History of Doctor Faustus</emph> (c. 1592), into a mythological, philosophical and psychological treatise barely fit to be performed on stage anymore, so all-encompassing had it grown in its themes. Thus, the writer, who had been much-revered throughout all of his life and all of Europe, if not the world, cemented his legacy with what is still widely regarded as &#x2018;the flagship of German literature&#x2019;<note xml:id="ftn2" n="2">&#x2018;Dieses Werk gilt immer noch, drau&#xDF;en in der Welt nicht weniger als im deutschen Sprachbereich, als das Flaggschiff der deutschen Literatur.&#x2019; (Vaget 2001, 29)</note>.</p>
          <p>Considering the enduring popularity of his <emph>Faust</emph> and its purported singular importance, it comes as a surprise to learn that it was never the subject of a modern-day historical-critical edition. In 1994, the famed German philologist and Goethe scholar Albrecht Sch&#xF6;ne stated in the preface of his own (albeit in itself un-historical-critical) <emph>Faust</emph> edition that this neglect constituted a &#x2018;national shame&#x2019;<note xml:id="ftn3" n="3">&#x2018;So ist eine historisch-kritische Ausgabe des <emph>Faust</emph>, die einen zuverl&#xE4;ssigen authentischen Text b&#xF6;te [...] und damit allererst eine Grundlage herstellte f&#xFC;r korrekte Leseausgaben, bis heute nicht zustande gekommen &#x2013; was angesichts des weltliterarischen Ranges dieser Dichtung doch wohl eine nationale Schande darstellt.&#x2019; (Sch&#xF6;ne 1994, 80)</note>.</p>
          <p>And so it was in 2009 that a DFG-funded project finally sought to rectify the situation by creating a historical-critical edition of the complete <emph>Faust</emph> to trace the origins of the work. From the beginning, this edition was envisaged as a hybrid edition with a print version containing facsimiles and a digital edition containing an &#x2018;innovative genetic apparatus&#x2019;<note xml:id="ftn4" n="4">As was even reported in the newspaper <emph>Frankfurter Neue Presse</emph> on 29 August 2014, under a headline about a historical-critical edition of Goethes <emph>Faust</emph> being created, <ptr target="https://web.archive.org/web/20170501152054/http://www.fnp.de/lokales/frankfurt/Historisch-kritische-Edition-von-Goethes-Faust-entsteht;art675,1006821"/>.</note>. This initial project ran until 2015 and forms the basis of the continued editorial efforts that have manifested themselves in the web-based edition under review here. It is jointly supported by the Freies Deutsches Hochstift (Frankfurter Goethe-Haus), the Klassik Stiftung Weimar and the University of W&#xFC;rzburg. The editors are Prof. Dr. Anne Bohnenkamp, Dr. Silke Henke und Prof. Dr. Fotis Jannidis; other collaborators include Dr. Gerrit Br&#xFC;ning, Dr. Katrin Henzel, Christoph Leijser, Gregor Middell, Dr. Dietmar Pravida, Thorsten Vitt and Moritz Wissenbach.<note xml:id="ftn5" n="5">Cf. <ptr target="https://web.archive.org/web/20170501151835/http://beta.faustedition.net/project"/>.</note></p>
          <figure>
            <head>Fig. 1: The front page of the edition.</head>
            <graphic url="wp-content/uploads/issue_7/faust/pictures/picture-1.png"/>
          </figure>
          <p>A print edition has not yet been released. The digital edition has undergone three major releases: A beta version 1, published on 15 February 2016, a beta version 2, published on 17 October 2016, and a beta version 3, published on 28 August 2017. According to the documentation, the release of version 1.0 was scheduled for spring 2017;<note xml:id="ftn6" n="6">Cf. <ptr target="https://web.archive.org/web/20170430143658/http://beta.faustedition.net/beta-release1"/>.</note> however, since spring 2017 has come and gone without seeing that release, it remains unclear what the current schedule is. At the initial time of writing this review, beta version 3 had not yet been released either &#x2013; therefore, the focus remains on beta version 2 hereafter. The minor changes introduced in beta version 3 do not render the gist of this review obsolete;<note xml:id="ftn7" n="7">To avoid confusion, the changes made in beta version 3 will not be taken into account retroactively. The descriptions of the edition refer to beta version 2 on every level, be it visually or content-wise. For completion&#x2019;s sake, here is a quick rundown of the changes introduced in beta version 3, best to be perused after reading the review first. The archive now contains documents related to the genesis of the work. The tabular presentation of the archive was revised. The visualizations of the genesis now contain arrow buttons on the detail pages and the option to choose the verse interval the graph is supposed to show. The other changes are minor and optical in nature. The front page of the edition was changed to exclude the footer and expand the image slider. While it does look nice, it is arguably a <emph>Verschlimmbesserung</emph> (improvement for the worse) in terms of navigational clarity; for a list of the changes, cf. <ptr target="https://web.archive.org/web/20170918134914/http://beta.faustedition.net/beta-release"/>.</note> in fact, the challenges that these constant alterations present to any scholarly visitor will be a subject of discussion themselves, with some general remarks regarding the beta status of digital editions later on, as the title of the review already implies.</p>
        </div>
        <div type="div2">
          <head>Content and Structure</head>
          <p>First of all, let me expand on the materials provided on the website in its current state. They are divided, structurally, into (1) a complete archive of the <emph>Faust</emph> manuscripts and prints produced during Goethe&#x2019;s lifetime, (2) data visualizations pertaining to the genesis of the work, and (3) a reading text.</p>
          <p>The archive contains digital facsimiles of the manuscripts and prints &#x2013; in some, not all, cases &#x2013; and bibliographic metadata.<note xml:id="ftn8" n="8">Starting with beta version 3, it also contains documents pertaining to the genesis of the work.</note> Furthermore, in conjunction with the facsimiles the archive offers a view of the section structure (&#x2018;Lagenstruktur&#x2019;), documentary and textual transcriptions<note xml:id="ftn9" n="9">Textual transcription has a specific meaning in this context that relates to the constitution of the text &#x2013; the documentary transcriptions focus on the physical and visual phenomena, the textual transcriptions on the genesis of the work as an intellectual entity; this corresponds to the widespread dichotomy in German editing of "Dokumentation" (record) and "Deutung" (editorial interpretation), cf. Bru&#x308;ning, Henzel and Pravida 2013, esp. p. 5 f.</note> as well as a reference to the apparatus criticus of the respective passage, integrated into the text portion of the site that it links to.</p>
          <figure>
            <head>Fig. 2: A visualization of the genesis of scenes and acts of both parts.</head>
            <graphic url="wp-content/uploads/issue_7/faust/pictures/picture-2.png"/>
          </figure>
          <p>The visualizations of the genesis of the work provide an overview on the creation of segments of the text, divided, in the case of Part One, into scenes, and in the case of Part Two, into acts. There is one graph showcasing both parts and one for each of them with more details. These graphs function similarly to heat maps in that they consist of differently colored blocks, indicating for different time periods whether a section of the text had not yet existed (white), had existed in an unfinished state (grey) or had been finished (black). Additionally, the selection of a given scene or act leads to a bar chart listing all textual witnesses, representing their type via the color of the bar (yellow for a manuscript, black for prints, brown for paralipomena) and the extent to which the referenced verses are included in each via the length of the bar.</p>
          <figure>
            <head>Fig. 3: A bar chart showing the transmission of a scene in manuscripts, prints and paralipomena.</head>
            <graphic url="wp-content/uploads/issue_7/faust/pictures/picture-3.png"/>
          </figure>
          <p>The charts are captioned with the time periods and scenes/acts but do not include legends. An explanation of the visual elements can be found in the introduction to the edition.<note xml:id="ftn10" n="10">Cf. <ptr target="https://web.archive.org/web/20170501184823/http://beta.faustedition.net/intro"/>.</note></p>
          <p>Last but not least, the third main component of the edition is the reading text. This text has not been emendated and remains true to the witness chosen for each part. In the case of Part One, this is the version that was printed in the first complete edition (of that part) as published by Cotta; in the case of Part Two, the text is taken from a manuscript called the &#x2018;gro&#xDF;e Reinschrift&#x2019; (great fair copy). The reading text is accompanied by the aforementioned critical apparatus &#x2013; alternate line readings from other witnesses can be triggered by a click on a line. The lines where variants exist are indicated by a different background colour as well as tooltip information. </p>
          <p>The content of the edition is complemented by the documentation of its content, such as the editorial principles<note xml:id="ftn11" n="11">Cf. <ptr target="https://web.archive.org/web/20160531033152/http://beta.faustedition.net:80/transcription_guidelines"/>.</note> and notes on the different released versions.<note xml:id="ftn12" n="12">Cf. <ptr target="https://web.archive.org/web/20170430143658/http://beta.faustedition.net/beta-release1"/>.</note></p>
        </div>
        <div type="div2">
          <head>Aesthetics and Navigation</head>
          <p>Inevitably, I have already made mention of several visual and navigational aspects. As a first-time reviewer of a digital edition, this section of a review strikes me as the most contestable part. When reviewing a book, one does not have to note the typography or layout or rate its usability, unless those are exceptionally poor or laudable; a book is inherently usable. The conventions of it are ingrained in our literate society and while cover art might be judged on its aesthetic merits, it has little bearing on the inside. With a digital edition, there is no inside or outside. Its division into pages owes its logic to the printed world but that is where the most notable similarities end.</p>
          <p>There are many theories as to what constitutes good web design; too many to list them here. One of the simpler truths is that good web design should be intuitively understood (cf. Krug 2000). Therefore, instead of overcomplicating this part of the review, I will chronicle my immediate reaction, recognizing that the assessment of the usability of a digital edition is always &#x2013; primarily &#x2013; a matter of personal preference.</p>
          <p>Having said that, the edition has, in my opinion, a modern, minimalist and, if such a statement might be allowed, pleasing look. Clad for the most part in a white background, black script and yellow accent colour, it assembles a clean and uniform presentation. The slightly rounded off edges of the font (Ubuntu or at least similar) are matched by the slightly rounded off edges of some text boxes, shaded in a light grey, a very sparsely and wisely used design element, only meant to accentuate a few references of import.<note xml:id="ftn13" n="13">Such as the participating editors and currently released version on the front page or the content sections in the introduction: <ptr target="https://web.archive.org/web/20170422202547/http://beta.faustedition.net/"/>, <ptr target="https://web.archive.org/web/20170501184823/http://beta.faustedition.net/intro"/>.</note> The same goes for the extendable search bar.</p>
          <p>The front page of the edition employs the current trend of full width image sliders, making good use of it by combining pictures relevant to the edition &#x2013; Eugene Delacroix&#x2019;s <emph>Mephistopheles Flying, from Faust</emph> (1828),<note xml:id="ftn14" n="14">For more information about the artwork, cf. the entry by the Art Institute Chicago: <ptr target="https://web.archive.org/web/20170501204108/http://www.artic.edu/aic/collections/artwork/84485"/>.</note> details of manuscript pages &#x2013; with information regarding the main components of the edition, each afforded their own slide.</p>
          <p>The primary menu is located in the upper right-hand corner on a fixed header, together with the search bar, legal information and a question mark that is supposed to offer a help function in an upcoming version. The menu consists of the main components (in German, same as the whole website): archive (&#x2018;Archiv&#x2019;), genesis (&#x2018;Genese&#x2019;), text (&#x2018;Text&#x2019;). The title of the edition, highly typographically stylized, is placed in the upper left-hand corner on the same header, preceded by the superscript &#x2018;beta 2&#x2019;.</p>
          <p>In the lower right-hand corner, on a smaller &#x2013; also fixed &#x2013; footer, a secondary navigation bar can be found.<note xml:id="ftn15" n="15">This is not the case for the front page anymore in beta version 3. I consider this a change for the worse.</note> It leads to the not yet available help page (&#x2018;Hilfe&#x2019;), contact information (&#x2018;Kontakt&#x2019;), project information such as the participating parties (&#x2018;Projekt&#x2019;) and the documentation of the edition as well as the specific version of the edition (&#x2018;Ausgabe&#x2019;). In the lower left-hand corner on the same footer, the title of the edition is stated once more, albeit not in a stylized form, followed by a superscript &#x2018;beta 2&#x2019; and its Creative Commons license: Attribution-NonCommercial-ShareAlike 4.0 International (CC BY-NC-SA 4.0).</p>
          <p>Something that might have already become obvious by my description is that a direct link to the editorial principles is missing. Finding them proved quite cumbersome. One has to navigate to the documentation of the edition, read through all of it and find a mention of the transcriptions, either documentary or textual, which will then link to the editorial principles.<note xml:id="ftn16" n="16">Cf. <ptr target="https://web.archive.org/web/20170501210025/http://beta.faustedition.net/transcription_guidelines"/>.</note> The fact that they are, in terms of web design, practically hidden away is a shame since they are very thorough, which I highly commend. An argument might be made that any respectable user of the edition would read all the documentation in any case, thus having no issue finding this information. That is certainly true. The lack of a table of contents, however, as you would traditionally encounter in a book, means that there is still a lack of overview and, if one wants to revisit the principles while perusing the reading text, an unnecessarily circumvent way of navigation.</p>
          <p>Furthermore, this problem is acerbated by the fixed footer disappearing when one views either the facsimiles and transcriptions or the reading text. A curious phenomenon that will hopefully be rectified in one of the scheduled updates of the edition. </p>
          <p>When it comes to the archive and the presentation of the facsimiles and transcriptions, the wealth of material must be positively noted. Clearly, a lot of effort went into the metadata and the visualization of the section structures. The image viewer allows for a synoptic presentation of the facsimile and the documentary transcription, if it exists. It is also possible to view the documentary transcription alone or in a synoptic view with the textual transcription. It is also possible to view the textual transcription alone. It is, however, not possible to synoptically view the facsimile and the textual transcription. </p>
          <p>The controls for the image viewer are located in the lower left-hand corner, the controls for toggling the different states in which to view the manuscript are located in the lower right-hand corner. Perhaps this accounts for the disappearance of the footer but even so, I will reiterate that that should not be the case.</p>
          <p>One more noteworthy part of the image viewer is the fact that the documentary transcription, should it exist, can be toggled to appear as an overlay on the facsimile with the lines aligned. The documentary transcription is, whether viewed like that or separately, annotated. Hovering over the lines will provide information about the scribe and the writing material used.</p>
          <figure>
            <head>Fig. 4: Slightly faulty synoptic view of a facsimile and diplomatic transcription.</head>
            <graphic url="wp-content/uploads/issue_7/faust/pictures/picture-4.png"/>
          </figure>
          <p>This worked well during my testing phase, at least for the most part. The longer I went through the archive, the more glitches became noticeable in the presentation of the documentary transcription. Some of them only occurred when I accessed the respective page in a Safari browser (10.1) on a MacBook Pro (OS 10.12.4),<note xml:id="ftn17" n="17">For example, when viewing manuscript 1 H.3.</note> others occurred when using a Firefox browser (53.0) on the same notebook as well as on an HP Envy 15 (Windows 10).<note xml:id="ftn18" n="18">For example, when viewing manuscript 2 I H.0d.</note> This problem is remarked upon by the editors themselves, who vow to improve the results of the automated retrieval of the data in the version 1.0.<note xml:id="ftn19" n="19">Cf. <ptr target="https://web.archive.org/web/20170430143658/http://beta.faustedition.net/beta-release1"/>.</note></p>
          <figure>
            <head>Fig. 5: The reading text with line variants.</head>
            <graphic url="wp-content/uploads/issue_7/faust/pictures/picture-5.png"/>
          </figure>
          <p>As a last point in this section on aesthetics and navigation, I would like to point out that the visualization of the variants in the reading text is inspired. Indicating that a line has variants in other witnesses and indicating the quantity of variants by colouring the background of the lines increasingly darker, the more variants there are, is a visualization that is readily apparent in itself. The possibility to toggle the variants directly in the text is a welcome utilization of the hypertextual concept underlying web-based editions as opposed to the footnote apparatuses used in printed editions out of a certain necessity. A faintly confusing visual element is the yellow bar running down the right-hand side of the reading text, separating it from a menu pointing to the scene overview, the previous and next scene, a view of the complete part, and the bibliographic metadata of the witness used for the reading text. That yellow bar is partially transparent which means that the variant colourings of the text lines still shine through. At first glance, this seems to suggest some type of information as well, similar to the line colourings denoting the variants. For a merely ornamental element, the yellow bar is quite prominent which is uncharacteristic for the overall design style. But it appears as though it is exactly that and nothing more. The problem this reveals is tied to the lack of legends next to the chart visualizations of the genesis of the work: Understanding them might be intuitive but it might also not; I tend towards the latter. In any case, combined with the documentation not being accessible from every point of the edition and not having a clear table of contents that can be quickly studied, the user might find it easy to orient himself &#x2013; because that is made easy with breadcrumbs in the header &#x2013; but he might find it more difficult to process some of the information presented to him.</p>
          <p>In fact, even the different line colourings indicating the number of variants are not explained anywhere in the documentation and their function is merely an assumption on my part, based on my observation of the correlation.</p>
        </div>
        <div type="div2">
          <head>Documentation and Data</head>
          <p>This brings us to the documentation as a focal point of discussion. To be concise: It is detailed but scattered. Well-written and well-presented but at the same time lacking in crucial information and bibliography, pertaining to the edition itself.</p>
          <p>Now to elaborate on this: The &#x2013; at times hindered &#x2013; navigation to the documentation notwithstanding, the very existence of a detailed project documentation is cause for praise, seeing as this cannot be taken for granted when it comes to digital editions; not yet, anyway. The menu item &#x2018;Ausgabe&#x2019; of the footer navigation bar leads to a page with sections on the beta version (&#x2018;Beta-Version&#x2019;), the manuscripts (&#x2018;Handschriften&#x2019;), the prints (&#x2018;Drucke&#x2019;), the reading text (&#x2018;Lesetext&#x2019;), the genesis and different visualizations thereof (&#x2018;Genese&#x2019;), the codes made up of numbers and letters, used to identify the witnesses (&#x2018;Siglen&#x2019;), the full text search (&#x2018;Volltextsuche&#x2019;), the procedures of technical analysis used on the source material (&#x2018;Technische Untersuchungsverfahren&#x2019;), the bibliography (&#x2018;Bibliographie&#x2019;) and the citation recommendation (&#x2018;Zitierempfehlung&#x2019;). Many of the sections link to full single pages dedicated to the given topic. Since these links are incorporated into the text as any other (to other non-documentary parts of the edition, for example), this approach means that most information has to be &#x2018;discovered&#x2019;, as has been noted in the example of the editorial principles. An overview of all the documentation available would go a long way towards mitigating any confusion that might arise from the lack of information elsewhere (such as the visualizations or, really, any part of the edition in situ).</p>
          <p>Given the fact that the edition adheres quite closely to the state of the art in many respects &#x2013; the synoptic presentations of facsimile and transcriptions, the variety of transcriptions, the visualization of genetic variance, the abundance of material and documentation, the up-to-date appearance, the citation recommendation &#x2013;, it comes as a bit of a surprise to find no information on the technical realization of the edition itself. Nor, indeed, on the project history, aside from a brief mention.<note xml:id="ftn20" n="20">Cf. <ptr target="https://web.archive.org/web/20170501151835/http://beta.faustedition.net/project"/>.</note></p>
          <p>There is one hint at the use of TEI-XML on the page detailing the current beta version and it reads as though it can be assumed the user knows all of this already.<note xml:id="ftn21" n="21">Since neither the abbreviation TEI nor XML are explained, cf. <ptr target="https://web.archive.org/web/20170430143658/http://beta.faustedition.net/beta-release1"/></note> In my case that is true, since I am familiar enough with digital editions to have that expectation, but the same can very probably not be said for casual users. Even if German scholars might not be particularly interested in this aspect of the edition, and even though the TEI guidelines have become an almost ubiquitous standard in the field, it stands to reason that, for the sake of transparency, there should be a slightly longer remark on this, beta version or not. </p>
          <p>As for the TEI-XML files, they are not yet provided but there is a link to the code of the whole web application on Github<note xml:id="ftn22" n="22">Cf. <ptr target="https://web.archive.org/web/20170503125755/https://github.com/faustedition"/>.</note> where one can find a few sample files.<note xml:id="ftn23" n="23">Here, for example: <ptr target="https://web.archive.org/web/20170503130004/https://github.com/faustedition/faust-example-data/tree/master/xml/transcript/fdh_frankfurt/Hs-6626"/>.</note> Moreover, the editors state that they are going to make the TEI-XML files of the transcriptions available for download on the main website in the future, as well as all other content of the edition.</p>
          <p>The impression that the editors are, in principle, extraordinarily aware of the challenges, potential pitfalls and best practices of a digital edition is confirmed by a perusal of the literature written about the undertaking, although sadly none of it is referenced in the bibliography included in the documentation. The bibliography focuses solely on the subject of the edition, Goethe&#x2019;s <emph>Faust</emph> and its transmission, which is, of course, especially relevant for the manuscript descriptions included in the archive. However, a quick search outside of the edition yields several results <emph>about</emph> the edition and these articles are very enlightening when it comes to the initial objectives of the project (cf. Anne Bohnenkamp et al. 2012) or the rich, parallel encoding of the different transcriptions (cf. Bru&#x308;ning, Henzel and Pravida 2013), the principles of which were developed in cooperation with a workgroup as part of a TEI SIG, focused on genetic editions (cf. Workgroup on Genetic Editions 2010).</p>
          <p>The easiest solution, instead of writing new documentation, would be, for the time being, to link to these articles where possible. It is unclear whether there will be a bibliography about the development of the edition in one of the upcoming versions but there should be, in my opinion.</p>
          <p>As for the topic of the long-term availability of the data and how the edition can be quoted: The citation recommendation is a welcome addition to any digital edition. Besides the citation recommendation already offered at the end of the documentation, the editors claim that a future beta version will incorporate an automatically generated citation recommendation on every page. That is certainly sensible. Looking at the given citation recommendation, however, one cannot help but notice the URLs currently in use. In the example provided beneath the citation schema, the included URL reads as follows:<lb/> <hi rend="code">http://beta.faustedition.net/documentViewer?faustUri=faust://xml/document/faust/0/gsa_390028.xml&amp;page=1&amp;view=facsimile_document</hi><lb/> This monstrosity, if I may, does not inspire confidence that it will still lead to much of anywhere in a few months&#x2019; time, let alone a few years&#x2019;. At the very least, the &#x2018;beta&#x2019; portion of the URL will presumably disappear at some point and render the reference moot, should it not be redirected. The editors are aware that there should be a stable point of reference, stating that persistent identifiers will be added to the transcriptions in the version 1.0.<note xml:id="ftn24" n="24">Cf. <ptr target="https://web.archive.org/web/20170503134833/http://beta.faustedition.net/beta-release"/>.</note></p>
          <p>But this raises the question: Can the edition be quoted in an academic context already or can it not? If not, why provide a citation recommendation? And if it can, is this supposed to be done at one&#x2019;s own peril? Does the responsibility of rating the quotability of something rest solely on the shoulders of the user? And can a digital edition be quoted without ensuring that someone reading the quotation will still be able to trace the very exact appearance and functionality of what it was that the original user was looking at and, quite likely, manipulating via clicks and toggles? </p>
          <p>All these questions lead to a discussion that goes beyond the scope of this review. But although many of these issues are still being actively debated &#x2013; is a unique identifier enough, or does a reference have to include instructions on topics such as navigating the referenced page to the point the original user was at? &#x2013;, there is something to be said here about the general beta status of digital editions, a status that this edition inhabits quite explicitly.</p>
        </div>
        <div type="div2">
          <head>The &#x2018;Beta Dilemma&#x2019;</head>
          <p>Labelling the <emph>Faust</emph> edition a beta edition, both by specifically including the word &#x2018;beta&#x2019; in the URL and as a superscript tag close to the title of the edition, wherever it appears, is an exemplary choice by the editors that should be applauded. Why? Because it draws attention to the fact that a digital edition is not a static, finished product. Neither is a printed edition, one might argue, since it can be reissued and republished, e.g. to correct mistakes. However, the fluidity of all things online creates a decidedly different environment in which changes, large and small, often happen without much ado or, indeed, mention, attribution or preservation of the previous version.</p>
          <p>Deciding to be transparent about this dynamical process is a step in the right direction &#x2013; but it also raises questions of a different kind. If no digital edition is ever finished, when will it shed its beta status? If it never sheds its beta status, how can it ever be reviewed or referenced? For the declaration as a beta version implies testing phase, which in turn implies unreliability, which in turn serves as a convenient response to any and all criticism. Who judges the &#x2018;ripeness&#x2019;, as a colleague called it, of a digital edition? Only the editors themselves? But why offer up something for consumption that is still as green as the bananas sold prematurely in supermarkets? Or, to put it more elegantly: Why release something at all, if it is not polished to a satisfying degree? Making something public on the internet is a publication. Is the fast-paced publication of something that holds less quality that it is already anticipated to hold after an update not grist to the mill of all the detractors of everything digital?</p>
          <p>I will call this conundrum the &#x2018;beta dilemma&#x2019;. The &#x2018;beta dilemma&#x2019; is the conflict that occurs when the unstoppable progression of alteration meets the immovable aspiration for authority. Authority is certainty. Alteration is the opposite thereof. When both clash, &#x2018;beta&#x2019; becomes the perpetual state of un-being. While this general situation is known in software development as &#x2018;perpetual beta&#x2019; or the &#x2018;banana principle&#x2019;, hence my evocation of the image, there is something markedly different about it in the academic context: Relying on user feedback to constantly maintain and update a service is one thing &#x2013; there is an advantage to that. It is resource-friendly. But academia, as susceptible as it might be to the everlasting need for improvement, is based around the concept of reliability when it comes to publications. Otherwise, a thesis or observation or whatever else one might publish would not circulate. The same goes, perhaps even more so, for primary source material; and the issue cannot be reduced to a matter of trust in the authority of a person or institution. It is very much an issue of traceability and replicability. In the digital academic context, that need cannot be met by conventional means of page or line number &#x2013; too much of the perception is tampered with by the environment in which the &#x2018;pages&#x2019; and &#x2018;lines&#x2019; are hosted, too much is changing, changing, always changing.</p>
          <p>Keeping a changelog is therefore a <emph>must</emph> for a digital scholarly edition. The <emph>Faust</emph> edition does that, almost. After the release of beta version 2, the changes were listed on the documentation page dedicated to the beta versions, albeit only the &#x2018;most notable&#x2019; changes.<note xml:id="ftn25" n="25">Cf. <ptr target="https://web.archive.org/web/20170503134833/http://beta.faustedition.net/beta-release"/>.</note> This demonstrates a sufficient awareness of the problem. However, given that there may be a number of further beta releases before the first version 1.0, and thereafter further &#x2018;finished&#x2019; but altered versions, simply listing the changes is not enough. I want to emphasize that I am arguing against the current state of the art here, not the edition itself; only, as it were, by extension, since it embodies the state of the art. </p>
          <figure>
            <head>Fig. 6: A comparison of the search results for &#x2018;Urfaust&#x2019; in beta 1 (9 October 2016; left) and beta 2 (8 February 2017; right).</head>
            <graphic url="wp-content/uploads/issue_7/faust/pictures/picture-6.png"/>
          </figure>
          <p>No, what is needed is an archive of former iterations, with each differently identified version of the edition mirrored and provided, so that older references to the edition may still be fully understood in the context they were made in. If that sounds like a lot of work, that might be because it is; however, anyone hosting a digital edition has to create regular backups either way. And the workload can be lightened by releasing fewer versions and preparing the releases more thoroughly than one would for a website outside of such constraints. </p>
          <p>To put it this way: Was the <emph>Urfaust</emph> not a &#x2018;beta&#x2019; <emph>Faust</emph>? What would have happened, had it simply been replaced with <emph>Faust: A Fragment</emph> which in turn had been replaced by <emph>Faust: A Tragedy</emph>? We would not be able to trace the genesis of this monumental work of literature. Similarly, editions must be careful to not just note their own fluctuation of content and appearance but also to preserve it in a stable way of versioning. Otherwise, future generations will be none the wiser. In fact, knowledge may get lost in the void of time and the constant turning of the technological tide. Scholarly editions especially that aim to bridge the gap between historical contexts and present assumptions by way of documentary witnesses have the duty to not fall prey to the ephemeral fading of thought that they proclaim to overcome.</p>
          <p>This argument does not mean to equate the importance of preserving the transmission of a literary work like the <emph>Faust</emph> with the importance of preserving the different versions of its edition. The value of the latter is tied to the way in which the web of academia is spun. The value of the former is the insight into the mind of one of the greatest writers of mankind and the origin of his arguably greatest work. Documenting that has always been difficult. Documenting different versions of an edition, on the other hand, required little effort in the printed world since they were documented by their separate existence. This is no longer the case in a digital world and <emph>that</emph> is the issue.</p>
          <p>There are other problems related to this &#x2018;beta dilemma&#x2019; that need to be addressed but the long-term preservation of the edition &#x2013; in its different iterations &#x2013; is the most pressing, in my opinion. Only when this is solved, in conjunction with reliable referencing, will digital scholarly editions be able to apply for the academic credit they strive to deserve for their enhanced possibilities of interaction, presentation and overall added dynamic value of the medium.</p>
        </div>
        <div type="div2">
          <head>Conclusion</head>
          <p>In conclusion, the <emph>Faust</emph> edition does nothing wrong and many things right, even in its self-ascribed beta status. The version 1.0 is to follow, sooner or later. A final judgment must, naturally, be reserved until such a time comes; and even then, it will not be the final judgment <emph>per se</emph>, as I have discussed.</p>
          <p>On the positive side, the overall design, aesthetics, materials, realized presentations and functions, detailed documentation and self-awareness have to be noted.</p>
          <p>On the slightly-less-positive but not outright negative side, some navigational issues, lack of documentary overview and questionable points of reference emerged.</p>
          <p>These minor grievances can be fairly easily rectified with some of the suggestions I outlined alongside my criticism. The more fundamental problem of the beta status of digital editions, indeed, the fact that no digital edition is ever &#x2018;finished&#x2019;, cannot be laid on the doorstep of this edition in particular, although I used this opportunity to shine some light on it; it inherits the faults of the state of the art even when it adopts the best practice. Everything about this project, however, suggests that it will evolve to the highest of standards, so the goal should not be to adopt the state of the art but to improve on it. The thoughtful conduct of the editors assuages most objections because it promises a carefully deliberated approach to all aspects of the edition. This does not belie the fact that some parts, so far, have been better executed than others and that, in its current form, the edition does not yet fully uncover the genesis of the work &#x2013; perhaps I am simple-minded but would it not be nice to have a synoptic view of the <emph>Urfaust</emph> and <emph>Part One</emph> with the most semantically significant deviations highlighted? </p>
          <p>But such is the state that we are in. Great care and time goes into digitizing the source material, modelling the mark-up and designing the presentation. Because these are always collaborative efforts, they are all the more impressive for it. And then a casual user (or reviewer) complains about the lack of legends next to the visualizations. It may seem petty but it is anything but &#x2013; it is only meant to illustrate that in the grand scheme of things, it is easy to lose sight of the immediate experience. And that, regrettable as it may be, accounts for more when it comes to digital editions than when it comes to printed editions. I call it &#x2018;regrettable&#x2019; not because I am unaware of the flipside of it (which is the fact that it is also a more exciting experience) but because it indicates that the conventions for digital editions still have to mature into a state where a review such as this can make quick mention of appearance and functionality and then move on to the part that really matters: content, or in other words, the philological and scholarly merits of the edition that would traditionally be the focus of an academic review.</p>
          <p>Thankfully, for me, much has been written about Goethe and his <emph>Faust</emph> already, so I do not feel this neglect on my part all too keenly; and given that this edition is still in its infancy and has the future ahead of it, I imagine that much more will be written about that side of things in the years to come.</p>
        </div>
      </div>
      <div type="references">
        <listBibl>
          <bibl>Bohnenkamp, Anne, Gerrit Br&#xFC;ning, Silke Henke, Katrin Henzel, Fotis Jannidis, Gregor Middell, Dietmar Pravida and Moritz Wissenbach. 2012. &#x2018;Perspektiven auf Goethes &#x203A;Faust&#x2039;: Werkstattbericht der historisch-kritischen Hybridedition.&#x2019; <emph>Jahrbuch des Freien Deutschen Hochstifts </emph>2011: 23&#x2013;67. URN: urn:nbn:de:bvb:20-opus-76823.</bibl>
          <bibl>Bru&#x308;ning, Gerrit, Katrin Henzel and Dietmar Pravida. 2013. &#x2018;Multiple Encoding in Genetic Editions: The Case of &#x2018;Faust&#x2019;.&#x2019; <emph>Journal of the Text Encoding Initiative</emph> 4 (March): 1-14. <ptr target="http://jtei.revues.org/697"/>. DOI: 10.4000/jtei.697.</bibl>
          <bibl>Eckermann, Johann Peter. 1850. <emph>Conversations of Goethe with Eckermann and Soret</emph> (vol. II), transl. by John Oxenford. London: Smith, Elder &amp; Co. [Original publication of <emph>Gespr&#xE4;che mit Goethe in den letzten Jahren seines Lebens</emph> by Eckermann in 1836.]</bibl>
          <bibl>Henzel Katrin. 2015. &#x2018;Zur Praxis der Handschriftenbeschreibung. Am Beispiel des Modells der historisch-kritischen Edition von Goethes Faust.&#x2019; In <emph>Vom Nutzen der Editionen: Zur Bedeutung moderner Editorik f&#xFC;r die Erforschung von Literatur- und Kulturgeschichte</emph>, edited by Thomas Bein, 75&#x2013;96. Berlin: De Gruyter.</bibl>
          <bibl>Krug, Steve. 2000. <emph>Don&#x2019;t Make Me Think! A Common Sense Approach to Web Usability</emph>. Indianapolis: New Riders.</bibl>
          <bibl>Michaelis, Rolf. 1994. &#x2018;Goethe: Eine Zumutung.&#x2019; <emph>Die Zeit</emph> (4 November), <ptr target="https://web.archive.org/web/20161222133613/http://www.zeit.de/1994/45/goethe-eine-zumutung/komplettansicht"/>. </bibl>
          <bibl>Sch&#xF6;ne, Albrecht. 1994. <emph>Faust: Kommentare</emph> (Bibliothek deutscher Klassiker; vol. 114 / S&#xE4;mtliche Werke; vol. 7, part 2). Frankfurt am Main: Deutscher Klassiker Verlag.</bibl>
          <bibl>Vaget, Hans Rudolf. 2001. &#x2018;Wer Vieles bringt, wird manchem etwas bringen: Zur Situation der Faust-Philologie im Jubil&#xE4;umsjahr 1999.&#x2019; In <emph>Goethe-Philologie im Jubil&#xE4;umsjahr: Bilanz und Perspektiven</emph>, edited by Jochen Golz, 29-42. T&#xFC;bingen: Niemeyer.</bibl>
          <bibl>Workgroup on Genetic Editions. 2010. &#x2018;An Encoding Model for Genetic Editions.&#x2019; <ptr target="https://web.archive.org/web/20170503220315/http://www.tei-c.org/Activities/Council/Working/tcw19.html"/>.</bibl>
        </listBibl>
      </div>
    </body>
  </text>
</TEI>
