<?xml version="1.0" encoding="utf-8"?>
<TEI xmlns="http://www.tei-c.org/ns/1.0" xmlns:xsi="http://www.w3.org/2001/XMLSchema-instance" xsi:schemaLocation="http://www.tei-c.org/ns/1.0 http://ride.i-d-e.de/wp-content/uploads/downloads/schema/ride.xsd">
  <teiHeader>
    <fileDesc>
      <titleStmt>
        <title/>
        <respStmt>
          <resp>author</resp>
          <name>
            <persName>
              <forename xml:id="reviewer_forename">Friederike</forename>
              <surname xml:id="reviewer_surname">Wein</surname>
            </persName>
            <affiliation>
              <orgName xml:id="reviewer_organization">Freie Universität Berlin</orgName>
              <placeName xml:id="reviewer_place">Berlin</placeName>
            </affiliation>
            <email xml:id="reviewer_email">friederike.wein (at) fu-berlin.de</email>
          </name>
        </respStmt>
      </titleStmt>
      <publicationStmt>
        <publisher>Institut für Dokumentologie und Editorik</publisher>
        <date/>
        <idno type="issue">2</idno>
        <idno type="URI">http://ride.i-d-e.de/issue-2/zurcher-sommer-1968/</idno>
        <idno type="doi">10.18716/ride.a.2.2</idno>
        <availability>
          <licence>
            <ref target="http://creativecommons.org/licenses/by/4.0/"/>
          </licence>
        </availability>
      </publicationStmt>
      <notesStmt>
        <relatedItem>
          <biblStruct>
            <monogr>
              <title xml:id="resource_title">Der Zürcher Sommer 1968: Die digitale Edition</title>
              <editor xml:id="resource_editors">Angelika Linke, Joachim Scharloth</editor>
              <respStmt>
                <resp>Editor</resp>
                <persName>
                  <name>Angelika Linke</name>
                </persName>
              </respStmt>
              <respStmt>
                <resp>Editor</resp>
                <persName>
                  <name>Joachim Scharloth</name>
                </persName>
              </respStmt>
              <respStmt>
                <resp>Contributor</resp>
                <persName>
                  <name>Ursula Stutz</name>
                </persName>
              </respStmt>
              <respStmt>
                <resp>Encoder</resp>
                <persName>
                  <name>Susanne Haaf</name>
                </persName>
              </respStmt>
              <respStmt>
                <resp>Contributor</resp>
                <persName>
                  <name>Susanne Haaf</name>
                </persName>
              </respStmt>
              <respStmt>
                <resp>Contributor</resp>
                <persName>
                  <name>Céline Jourdain</name>
                </persName>
              </respStmt>
              <respStmt>
                <resp>Encoder</resp>
                <persName>
                  <name>Céline Jourdain</name>
                </persName>
              </respStmt>
              <respStmt>
                <resp>Editor</resp>
                <persName>
                  <name>Thomas Gamma</name>
                </persName>
              </respStmt>
              <respStmt>
                <resp>Editor</resp>
                <persName>
                  <name>Vanessa Simili</name>
                </persName>
              </respStmt>
              <respStmt>
                <resp>Editor</resp>
                <persName>
                  <name>Philipp Stähli</name>
                </persName>
              </respStmt>
              <respStmt>
                <resp>Programmer</resp>
                <persName>
                  <name>Noah Bubenhofer</name>
                </persName>
              </respStmt>
              <respStmt>
                <resp>Programmer</resp>
                <persName>
                  <name>Simon Clematide</name>
                </persName>
              </respStmt>
              <respStmt>
                <resp>Programmer</resp>
                <persName>
                  <name>Manfred Klenner</name>
                </persName>
              </respStmt>
              <respStmt>
                <resp>Programmer</resp>
                <persName>
                  <name>Cerstin Mahlow</name>
                </persName>
              </respStmt>
              <respStmt>
                <resp>Programmer</resp>
                <persName>
                  <name>Sandra Roth</name>
                </persName>
              </respStmt>
              <respStmt>
                <resp>Contributor</resp>
                <persName>
                  <name>Monika Schnoz</name>
                </persName>
              </respStmt>
              <respStmt>
                <resp>Contributor</resp>
                <persName>
                  <name>Peter Zaugg</name>
                </persName>
              </respStmt>
              <respStmt>
                <resp>Contributor</resp>
                <persName>
                  <name>Angela Zimmermann</name>
                </persName>
              </respStmt>
              <respStmt>
                <resp>Contributor</resp>
                <persName>
                  <name>Sara Bernasconi</name>
                </persName>
              </respStmt>
              <imprint>
                <date xml:id="resource_date_publication">2008</date>
              </imprint>
            </monogr>
            <idno xml:id="resource_uri">https://www.uzh.ch/cosmov/edition/ssl-dir/V4/</idno>
          </biblStruct>
        </relatedItem>
        <note>
          <date xml:id="resource_date_access">2014-11-16</date>
        </note>
      </notesStmt>
      <sourceDesc>
        <p>Auf der Basis von <ref>http://www.i-d-e.de/aktivitaeten/reviews/criteria-for-reviewing-scholarly-digital-editions-version-1-1</ref></p>
      </sourceDesc>
    </fileDesc>
    <encodingDesc>
      <classDecl>
        <taxonomy xml:base="http://www.i-d-e.de/aktivitaeten/reviews/criteria-for-reviewing-scholarly-digital-editions-version-1-1">
          <category xml:id="documentation">
            <category xml:id="bibl_desc">
              <catDesc>
                <ref target="#K1.2">cf. Catalogue 1.2</ref>
              </catDesc>
              <catDesc>Is it easily possible to describe the project bibliographically along the schema "responsible editors, publishing/hosting institution, year(s) of publishing"?</catDesc>
              <catDesc>
                <num type="boolean" value="1"/>
              </catDesc>
            </category>
            <category xml:id="contributors">
              <catDesc>
                <ref target="#K1.4">cf. Catalogue 1.4</ref>
              </catDesc>
              <catDesc>Are the contributors (editors, institutions, associates) of the project fully documented?</catDesc>
              <catDesc>
                <num type="boolean" value="1"/>
              </catDesc>
            </category>
            <category xml:id="contacts">
              <catDesc>
                <ref target="#K1.5">cf. Catalogue 1.5</ref>
              </catDesc>
              <catDesc>Does the project list contact persons?</catDesc>
              <catDesc>
                <num type="boolean" value="0"/>
              </catDesc>
            </category>
            <category xml:id="selection">
              <category xml:id="explained">
                <catDesc>
                  <ref target="#K2.1">cf. Catalogue 2.1</ref>
                </catDesc>
                <catDesc>Is the selection of materials of the project explicitly documented?</catDesc>
                <catDesc>
                  <num type="boolean" value="1"/>
                </catDesc>
              </category>
              <category xml:id="reasonable">
                <catDesc>
                  <ref target="#K2.1">cf. Catalogue 2.1</ref>
                </catDesc>
                <catDesc>Is the selection by and large reasonable?</catDesc>
                <catDesc>
                  <num type="boolean" value="1"/>
                </catDesc>
              </category>
            </category>
            <category xml:id="data_archive">
              <catDesc>
                <ref target="#K4.16">cf. Catalogue 4.16</ref>
              </catDesc>
              <catDesc>Does the documentation include information about the long term sustainability of the basic data (archiving of the data)?</catDesc>
              <catDesc>
                <num type="boolean" value="0"/>
              </catDesc>
            </category>
            <category xml:id="aims">
              <catDesc>
                <ref target="#K3.1">cf. Catalogue 3.1</ref>
              </catDesc>
              <catDesc>Are the aims and purposes of the project explicitly documented?</catDesc>
              <catDesc>
                <num type="boolean" value="1"/>
              </catDesc>
            </category>
            <category xml:id="methods">
              <catDesc>
                <ref target="#K3.1">cf. Catalogue 3.1</ref>
              </catDesc>
              <catDesc>Are the methods employed in the project explicitly documented?</catDesc>
              <catDesc>
                <num type="boolean" value="0"/>
              </catDesc>
            </category>
            <category xml:id="data_model">
              <catDesc>
                <ref target="#K3.7">cf. Catalogue 3.7</ref>
              </catDesc>
              <catDesc>Does the project document which data model (e.g. TEI) has been used and for what reason?</catDesc>
              <catDesc>
                <num type="boolean" value="0"/>
              </catDesc>
            </category>
            <category xml:id="help">
              <catDesc>
                <ref target="#K4.15">cf. Catalogue 4.15</ref>
              </catDesc>
              <catDesc>Does the project offer help texts concerning the use of the project?</catDesc>
              <catDesc>
                <num type="boolean" value="1"/>
              </catDesc>
            </category>
            <category xml:id="citation">
              <catDesc>
                <ref target="#K4.8">cf. Catalogue 4.8</ref>
              </catDesc>
              <catDesc>Does the project supply citation guidelines (i.e. how to cite the project or a part of it)?</catDesc>
              <catDesc>
                <num type="boolean" value="1"/>
              </catDesc>
            </category>
            <category xml:id="complete">
              <catDesc>
                <ref target="#K4.16">cf. Catalogue 4.16</ref>
              </catDesc>
              <catDesc>Does the editon regard itself as a completed project (i.e. not promise further modifications and additions)?</catDesc>
              <catDesc>
                <num type="boolean" value="1"/>
              </catDesc>
            </category>
            <category xml:id="institutional_curation">
              <catDesc>
                <ref target="#K4.13">cf. Catalogue 4.13</ref>
              </catDesc>
              <catDesc>Does the project provide information about institutional support for the curation and sustainability of the project?</catDesc>
              <catDesc>
                <num type="boolean" value="0"/>
              </catDesc>
            </category>
          </category>
          <category xml:id="contents">
            <category xml:id="previous_edition">
              <catDesc>
                <ref target="#K2.2">cf. Catalogue 2.2</ref>
              </catDesc>
              <catDesc>Has the material been previously edited (in print or digitally)?</catDesc>
              <catDesc>
                <num type="boolean" value="0"/>
              </catDesc>
            </category>
            <category xml:id="materials_used">
              <catDesc>
                <ref target="#K2.2">cf. Catalogue 2.2</ref>
              </catDesc>
              <catDesc>Does the edition make use of these previous editions?</catDesc>
              <catDesc>
                <num type="booleanX" value="2"/>
              </catDesc>
            </category>
            <category xml:id="introduction">
              <catDesc>
                <ref target="#K4.15">cf. Catalogue 4.15</ref>
              </catDesc>
              <catDesc>Does the project offer an introduction to the subject-matter (the author(s), the work, its history, the theme, etc.) of the project?</catDesc>
              <catDesc>
                <num type="boolean" value="1"/>
              </catDesc>
            </category>
            <category xml:id="bibliography">
              <catDesc>
                <ref target="#K2.3">cf. Catalogue 2.3</ref>
              </catDesc>
              <catDesc>Does the project offer a bibliography?</catDesc>
              <catDesc>
                <num type="boolean" value="0"/>
              </catDesc>
            </category>
            <category xml:id="commentary">
              <catDesc>
                <ref target="#K2.3">cf. Catalogue 2.3</ref>
              </catDesc>
              <catDesc>Does the project offer a scholarly commentary (e.g. notes on unclear passages, interpretation, etc.)?</catDesc>
              <catDesc>
                <num type="boolean" value="0"/>
              </catDesc>
            </category>
            <category xml:id="contexts">
              <catDesc>
                <ref target="#K2.3">cf. Catalogue 2.3</ref>
              </catDesc>
              <catDesc>Does the project include or link to external resources with contextual material?</catDesc>
              <catDesc>
                <num type="boolean" value="0"/>
              </catDesc>
            </category>
            <category xml:id="images">
              <catDesc>
                <ref target="#K2.3">cf. Catalogue 2.3</ref>
              </catDesc>
              <catDesc>Does the project offer images of digitised sources?</catDesc>
              <catDesc>
                <num type="boolean" value="1"/>
              </catDesc>
            </category>
            <category xml:id="image_quality">
              <catDesc>I<ref target="#K4.6">cf. Catalogue 4.6</ref></catDesc>
              <catDesc>Does the project offer images of an acceptable quality?</catDesc>
              <catDesc>
                <num type="booleanX" value="2"/>
              </catDesc>
            </category>
            <category xml:id="transcriptions">
              <catDesc>
                <ref target="#K2.3">cf. Catalogue 2.3</ref>
              </catDesc>
              <catDesc> Is the text fully transcribed?</catDesc>
              <catDesc>
                <num type="boolean" value="1"/>
              </catDesc>
            </category>
            <category xml:id="text_quality">
              <catDesc>
                <ref target="#K4.6">cf. Catalogue 4.6</ref>
              </catDesc>
              <catDesc>Does the project offer texts of an acceptable quality (typos, errors, etc.)?</catDesc>
              <catDesc>
                <num type="boolean" value="1"/>
              </catDesc>
            </category>
            <category xml:id="indices">
              <catDesc>
                <ref target="#K4.5">cf. Catalogue 4.5</ref>
              </catDesc>
              <catDesc>Does the project feature compilations indices, registers or visualisations that offer alternative ways to access the material?</catDesc>
              <catDesc>
                <num type="boolean" value="1"/>
              </catDesc>
            </category>
            <category xml:id="documents">
              <category xml:id="doc_type">
                <catDesc>
                  <ref target="#K1.3 #K2.1">cf. Catalogue 1.3 and 2.1</ref>
                </catDesc>
                <catDesc>Which kinds of documents are at the basis of the project?</catDesc>
                <category xml:id="single_manuscript">
                  <catDesc>
                    <num type="boolean" value="0"/>
                  </catDesc>
                </category>
                <category xml:id="single_work">
                  <catDesc>
                    <num type="boolean" value="0"/>
                  </catDesc>
                </category>
                <category xml:id="collection_of_texts">
                  <catDesc>
                    <num type="boolean" value="0"/>
                  </catDesc>
                </category>
                <category xml:id="collected_works">
                  <catDesc>
                    <num type="boolean" value="0"/>
                  </catDesc>
                </category>
                <category xml:id="papers">
                  <catDesc>
                    <num type="boolean" value="0"/>
                  </catDesc>
                </category>
                <category xml:id="archival_holding">
                  <catDesc>
                    <num type="boolean" value="0"/>
                  </catDesc>
                </category>
                <category xml:id="charters">
                  <catDesc>
                    <num type="boolean" value="0"/>
                  </catDesc>
                </category>
                <category xml:id="letters">
                  <catDesc>
                    <num type="boolean" value="0"/>
                  </catDesc>
                </category>
                <category xml:id="diary">
                  <catDesc>
                    <num type="boolean" value="0"/>
                  </catDesc>
                </category>
                <category corresp="#other">
                  <catDesc>
                    <num type="boolean" value="1"/>
                  </catDesc>
                  <category corresp="#free">
                    <gloss>collection of various types of documents concerning the Zürcher  Sommer</gloss>
                  </category>
                </category>
              </category>
              <category xml:id="doc_time">
                <catDesc>
                  <ref target="#K1.3 #K2.1">cf. Catalogue 1.3 and 2.1</ref>
                </catDesc>
                <catDesc>What era(s) do the documents belong to?</catDesc>
                <category xml:id="classics">
                  <catDesc>
                    <num type="boolean" value="0"/>
                  </catDesc>
                </category>
                <category xml:id="medieval">
                  <catDesc>
                    <num type="boolean" value="0"/>
                  </catDesc>
                </category>
                <category xml:id="early_modern">
                  <catDesc>
                    <num type="boolean" value="0"/>
                  </catDesc>
                </category>
                <category xml:id="modern">
                  <catDesc>
                    <num type="boolean" value="1"/>
                  </catDesc>
                </category>
              </category>
            </category>
            <category xml:id="subject">
              <catDesc>
                <ref target="#K1.3">cf. Catalogue 1.3</ref>
              </catDesc>
              <catDesc>Which perspective(s) do the editors take towards the edited material? How can the edition be classified in general terms?</catDesc>
              <category xml:id="history">
                <catDesc>
                  <num type="boolean" value="0"/>
                </catDesc>
              </category>
              <category xml:id="philology_literary_studies">
                <catDesc>
                  <num type="boolean" value="1"/>
                </catDesc>
              </category>
              <category xml:id="philosophy_theology">
                <catDesc>
                  <num type="boolean" value="0"/>
                </catDesc>
              </category>
              <category xml:id="history_of_science">
                <catDesc>
                  <num type="boolean" value="0"/>
                </catDesc>
              </category>
              <category xml:id="musicology">
                <catDesc>
                  <num type="boolean" value="0"/>
                </catDesc>
              </category>
              <category xml:id="art_history">
                <catDesc>
                  <num type="boolean" value="0"/>
                </catDesc>
              </category>
              <category corresp="#other">
                <catDesc>
                  <num type="boolean" value="0"/>
                </catDesc>
                <category corresp="#free">
                  <gloss/>
                </category>
              </category>
            </category>
          </category>
          <category xml:id="presentation">
            <category xml:id="spin_offs">
              <catDesc>
                <ref target="#K4.11">cf. Catalogue 4.11</ref>
              </catDesc>
              <catDesc>Does the project offer any spin-offs?</catDesc>
              <category xml:id="app">
                <catDesc>
                  <num type="boolean" value="0"/>
                </catDesc>
              </category>
              <category xml:id="mobile">
                <catDesc>
                  <num type="boolean" value="0"/>
                </catDesc>
              </category>
              <category xml:id="PDF">
                <catDesc>
                  <num type="boolean" value="0"/>
                </catDesc>
              </category>
              <category corresp="#other">
                <catDesc>
                  <num type="boolean" value="0"/>
                </catDesc>
                <category corresp="#free">
                  <gloss/>
                </category>
              </category>
              <category corresp="#none">
                <catDesc>
                  <num type="boolean" value="1"/>
                </catDesc>
              </category>
            </category>
            <category xml:id="browse_by">
              <catDesc>
                <ref target="#K4.3">cf. Catalogue 4.3</ref>
              </catDesc>
              <catDesc>By which categories does the project offer to browse the contents?</catDesc>
              <category xml:id="authors">
                <catDesc>
                  <num type="boolean" value="0"/>
                </catDesc>
              </category>
              <category xml:id="works">
                <catDesc>
                  <num type="boolean" value="0"/>
                </catDesc>
              </category>
              <category xml:id="versions">
                <catDesc>
                  <num type="boolean" value="0"/>
                </catDesc>
              </category>
              <category xml:id="structure">
                <catDesc>
                  <num type="boolean" value="0"/>
                </catDesc>
              </category>
              <category xml:id="pages">
                <catDesc>
                  <num type="boolean" value="0"/>
                </catDesc>
              </category>
              <category xml:id="browse_by_documents">
                <catDesc>
                  <num type="boolean" value="0"/>
                </catDesc>
              </category>
              <category xml:id="type_of_material">
                <catDesc>
                  <num type="boolean" value="1"/>
                </catDesc>
              </category>
              <category xml:id="browse_by_images">
                <catDesc>
                  <num type="boolean" value="0"/>
                </catDesc>
              </category>
              <category xml:id="dates">
                <catDesc>
                  <num type="boolean" value="1"/>
                </catDesc>
              </category>
              <category xml:id="persons">
                <catDesc>
                  <num type="boolean" value="1"/>
                </catDesc>
              </category>
              <category xml:id="places">
                <catDesc>
                  <num type="boolean" value="1"/>
                </catDesc>
              </category>
              <category corresp="#other">
                <catDesc>
                  <num type="boolean" value="0"/>
                </catDesc>
                <category corresp="#free">
                  <gloss/>
                </category>
              </category>
            </category>
          </category>
          <category xml:id="search">
            <category xml:id="simple">
              <catDesc>
                <ref target="#K4.4">cf. Catalogue 4.4</ref>
              </catDesc>
              <catDesc>Does the project offer a simple search?</catDesc>
              <catDesc>
                <num type="boolean" value="0"/>
              </catDesc>
            </category>
            <category xml:id="advanced">
              <catDesc>
                <ref target="#K4.4">cf. Catalogue 4.4</ref>
              </catDesc>
              <catDesc>Does the project offer an advanced search?</catDesc>
              <catDesc>
                <num type="boolean" value="0"/>
              </catDesc>
            </category>
            <category xml:id="wildcard">
              <catDesc>
                <ref target="#K4.4">cf. Catalogue 4.4</ref>
              </catDesc>
              <catDesc>Does the search support the use of wildcards?</catDesc>
              <catDesc>
                <num type="booleanX" value="2"/>
              </catDesc>
            </category>
            <category xml:id="index">
              <catDesc>
                <ref target="#K4.4">cf. Catalogue 4.4</ref>
              </catDesc>
              <catDesc>Does the search offer an index of the searched field?</catDesc>
              <catDesc>
                <num type="booleanX" value="2"/>
              </catDesc>
            </category>
            <category xml:id="suggest">
              <catDesc>
                <ref target="#K4.4">cf. Catalogue 4.4</ref>
              </catDesc>
              <catDesc>Does the search offer autocompletion or suggest functionalities?</catDesc>
              <catDesc>
                <num type="booleanX" value="2"/>
              </catDesc>
            </category>
            <category xml:id="helptext">
              <catDesc>
                <ref target="#K4.4">cf. Catalogue 4.4</ref>
              </catDesc>
              <catDesc>Does the project offer help texts for the search?</catDesc>
              <catDesc>
                <num type="booleanX" value="2"/>
              </catDesc>
            </category>
          </category>
          <category xml:id="aim">
            <category xml:id="audience">
              <catDesc>
                <ref target="#K3.3">cf. Catalogue 3.3</ref>
              </catDesc>
              <catDesc>Who is the intended audience of the project?</catDesc>
              <category xml:id="scholars">
                <catDesc>
                  <num type="boolean" value="1"/>
                </catDesc>
              </category>
              <category xml:id="interested_public">
                <catDesc>
                  <num type="boolean" value="1"/>
                </catDesc>
              </category>
            </category>
            <category xml:id="typology">
              <catDesc>
                <ref target="#K3.3 #K5.1">cf. Catalogue 3.3 and 5.1</ref>
              </catDesc>
              <catDesc>Which type fits best for the reviewed project?</catDesc>
              <category xml:id="facsimile_edition">
                <catDesc>
                  <num type="boolean" value="0"/>
                </catDesc>
              </category>
              <category xml:id="archive_edition">
                <catDesc>
                  <num type="boolean" value="0"/>
                </catDesc>
              </category>
              <category xml:id="documentary_edition">
                <catDesc>
                  <num type="boolean" value="0"/>
                </catDesc>
              </category>
              <category xml:id="diplomatic_edition">
                <catDesc>
                  <num type="boolean" value="0"/>
                </catDesc>
              </category>
              <category xml:id="genetic_edition">
                <catDesc>
                  <num type="boolean" value="0"/>
                </catDesc>
              </category>
              <category xml:id="work_critical_edition">
                <catDesc>
                  <num type="boolean" value="0"/>
                </catDesc>
              </category>
              <category xml:id="text_critical_edition">
                <catDesc>
                  <num type="boolean" value="0"/>
                </catDesc>
              </category>
              <category xml:id="enriched_edition">
                <catDesc>
                  <num type="boolean" value="0"/>
                </catDesc>
              </category>
              <category xml:id="database_edition">
                <catDesc>
                  <num type="boolean" value="0"/>
                </catDesc>
              </category>
              <category xml:id="digital_library">
                <catDesc>
                  <num type="boolean" value="0"/>
                </catDesc>
              </category>
              <category xml:id="typology_collection_of_texts">
                <catDesc>
                  <num type="boolean" value="0"/>
                </catDesc>
              </category>
              <category corresp="#other">
                <catDesc>
                  <num type="boolean" value="0"/>
                </catDesc>
                <category corresp="#free">
                  <gloss/>
                </category>
              </category>
              <category corresp="#none">
                <catDesc>
                  <num type="boolean" value="0"/>
                </catDesc>
              </category>
            </category>
          </category>
          <category xml:id="method">
            <catDesc rend="label">Method</catDesc>
            <category xml:id="critical_editing">
              <catDesc>
                <ref target="#K3.6">cf. Catalogue 3.6</ref>
              </catDesc>
              <catDesc>In how far is the text critically edited?</catDesc>
              <category xml:id="transmission_examined">
                <catDesc>
                  <num type="boolean" value="0"/>
                </catDesc>
              </category>
              <category xml:id="palaeographic_annotations">
                <catDesc>
                  <num type="boolean" value="0"/>
                </catDesc>
              </category>
              <category xml:id="normalization">
                <catDesc>
                  <num type="boolean" value="0"/>
                </catDesc>
              </category>
              <category xml:id="variants">
                <catDesc>
                  <num type="boolean" value="1"/>
                </catDesc>
              </category>
              <category xml:id="emendation">
                <catDesc>
                  <num type="boolean" value="0"/>
                </catDesc>
              </category>
              <category xml:id="commentary_notes">
                <catDesc>
                  <num type="boolean" value="0"/>
                </catDesc>
              </category>
              <category corresp="#other">
                <catDesc>
                  <num type="boolean" value="0"/>
                </catDesc>
                <category corresp="#free">
                  <gloss/>
                </category>
              </category>
              <category corresp="#none">
                <catDesc>
                  <num type="boolean" value="0"/>
                </catDesc>
              </category>
            </category>
            <category xml:id="standards">
              <catDesc>
                <ref target="#K3.7">cf. Catalogue 3.7</ref>
              </catDesc>
              <category xml:id="XML">
                <catDesc>Is the data encoded in XML?</catDesc>
                <catDesc>
                  <num type="boolean" value="1"/>
                </catDesc>
              </category>
              <category xml:id="standardized_data_model">
                <catDesc>
                  <num type="boolean" value="1"/>
                </catDesc>
                <catDesc>Is the project employing a standardized data model (e.g. TEI)?</catDesc>
              </category>
            </category>
            <category xml:id="text_type">
              <catDesc>
                <ref target="#K3.5">cf. Catalogue 3.5.</ref>
              </catDesc>
              <catDesc>Which kinds or forms of text are presented?</catDesc>
              <category xml:id="facsimiles">
                <catDesc>
                  <num type="boolean" value="1"/>
                </catDesc>
              </category>
              <category xml:id="diplomatic_transcription">
                <catDesc>
                  <num type="boolean" value="1"/>
                </catDesc>
              </category>
              <category xml:id="edited_text">
                <catDesc>
                  <num type="boolean" value="0"/>
                </catDesc>
              </category>
              <category xml:id="translations">
                <catDesc>
                  <num type="boolean" value="0"/>
                </catDesc>
              </category>
              <category xml:id="commentaries">
                <catDesc>
                  <num type="boolean" value="0"/>
                </catDesc>
              </category>
              <category xml:id="semantic_data">
                <catDesc>
                  <num type="boolean" value="0"/>
                </catDesc>
              </category>
            </category>
          </category>
          <category xml:id="technical_accessability">
            <category xml:id="persistent_identification">
              <catDesc>
                <ref target="#K4.8">cf. Catalogue 4.8</ref>
              </catDesc>
              <catDesc>Are there persistent identifiers and an addressing system for the edition and/or parts/objects of it and which mechanism is used to that end?</catDesc>
              <category xml:id="DOI">
                <catDesc>
                  <num type="boolean" value="0"/>
                </catDesc>
              </category>
              <category xml:id="ARK">
                <catDesc>
                  <num type="boolean" value="0"/>
                </catDesc>
              </category>
              <category xml:id="URN">
                <catDesc>
                  <num type="boolean" value="0"/>
                </catDesc>
              </category>
              <category xml:id="PURL.ORG">
                <catDesc>
                  <num type="boolean" value="0"/>
                </catDesc>
              </category>
              <category corresp="#other">
                <catDesc>
                  <num type="boolean" value="0"/>
                </catDesc>
                <category corresp="#free">
                  <gloss/>
                </category>
              </category>
              <category xml:id="persistent_URLs">
                <catDesc>
                  <num type="boolean" value="0"/>
                </catDesc>
              </category>
              <category corresp="#none">
                <catDesc>
                  <num type="boolean" value="1"/>
                </catDesc>
              </category>
            </category>
            <category xml:id="interfaces">
              <catDesc>
                <ref target="#K4.9">cf. Catalogue 4.9</ref>
              </catDesc>
              <catDesc>Are there technical interfaces like OAI-PMH, REST etc., which allow the reuse of the data of the project in other contexts?</catDesc>
              <category xml:id="OAI-PMH">
                <catDesc>
                  <num type="boolean" value="0"/>
                </catDesc>
              </category>
              <category xml:id="REST">
                <catDesc>
                  <num type="boolean" value="0"/>
                </catDesc>
              </category>
              <category xml:id="general_API">
                <catDesc>
                  <num type="boolean" value="0"/>
                </catDesc>
              </category>
              <category corresp="#other">
                <catDesc>
                  <num type="boolean" value="0"/>
                </catDesc>
                <category corresp="#free">
                  <gloss/>
                </category>
              </category>
              <category corresp="#none">
                <catDesc>
                  <num type="boolean" value="1"/>
                </catDesc>
              </category>
            </category>
            <category xml:id="open_access">
              <catDesc>Is the edition Open Access?</catDesc>
              <catDesc>
                <num type="boolean" value="1"/>
              </catDesc>
            </category>
            <category xml:id="basic_data_accessible">
              <catDesc>
                <ref target="#K4.12">cf. Catalogue 4.12</ref>
              </catDesc>
              <catDesc>Is the basic data (e.g. the XML) of the project accessible for each part of the edition (e.g. for a page)?</catDesc>
              <catDesc>
                <num type="boolean" value="0"/>
              </catDesc>
            </category>
            <category xml:id="download">
              <catDesc>
                <ref target="#K4.9">cf. Catalogue 4.9</ref>
              </catDesc>
              <catDesc>Can the entire raw data of the project be downloaded (as a whole)?</catDesc>
              <catDesc>
                <num type="boolean" value="0"/>
              </catDesc>
            </category>
            <category xml:id="reuse">
              <catDesc>
                <ref target="#K4.9">cf. Catalogue 4.9</ref>
              </catDesc>
              <catDesc>Can you use the data with other tools useful for this kind of content?</catDesc>
              <catDesc>
                <num type="boolean" value="0"/>
              </catDesc>
            </category>
            <category xml:id="rights">
              <category xml:id="declared">
                <catDesc>
                  <ref target="#K4.13">cf. Catalogue 4.13</ref>
                </catDesc>
                <catDesc>Are the rights to (re)use the content declared?</catDesc>
                <catDesc>
                  <num type="boolean" value="0"/>
                </catDesc>
              </category>
              <category xml:id="license">
                <catDesc>
                  <ref target="#K4.13">cf. Catalogue 4.13</ref>
                </catDesc>
                <catDesc>Under what license are the contents released?</catDesc>
                <category xml:id="CC0">
                  <catDesc>
                    <num type="boolean" value="0"/>
                  </catDesc>
                </category>
                <category xml:id="CC-BY">
                  <catDesc>
                    <num type="boolean" value="0"/>
                  </catDesc>
                </category>
                <category xml:id="CC-BY-ND">
                  <catDesc>
                    <num type="boolean" value="0"/>
                  </catDesc>
                </category>
                <category xml:id="CC-BY-NC">
                  <catDesc>
                    <num type="boolean" value="0"/>
                  </catDesc>
                </category>
                <category xml:id="CC-BY-SA">
                  <catDesc>
                    <num type="boolean" value="0"/>
                  </catDesc>
                </category>
                <category xml:id="CC-BY-NC-ND">
                  <catDesc>
                    <num type="boolean" value="0"/>
                  </catDesc>
                </category>
                <category xml:id="CC-BY-NC-SA">
                  <catDesc>
                    <num type="boolean" value="0"/>
                  </catDesc>
                </category>
                <category xml:id="PDM">
                  <catDesc>
                    <num type="boolean" value="0"/>
                  </catDesc>
                </category>
                <category corresp="#other">
                  <catDesc>
                    <num type="boolean" value="0"/>
                  </catDesc>
                  <category corresp="#free">
                    <gloss/>
                  </category>
                </category>
                <category xml:id="no_license">
                  <catDesc>
                    <num type="boolean" value="1"/>
                  </catDesc>
                </category>
              </category>
            </category>
          </category>
        </taxonomy>
      </classDecl>
    </encodingDesc>
  </teiHeader>
  <text>
    <body>
      <div type="abstract">
        <p><emph>Der Zürcher Sommer 1968</emph> is a digital edition of the events in the late summer 1968. The edition is hosted by the University of Zurich. For the first time, various documents such as newspaper articles, wall newspapers, protocols of interrogation and other written sources are gathered in one edition. The review discusses the purposes and flaws of an edition created by computer linguists from the perspective of editorial studies.</p>
      </div>
      <div type="text">
        <div type="div2">
          <head>Besprechung</head>
          <p>Der ‘Zürcher Sommer 1968: Die digitale Edition’ ist das Ergebnis eines an der Universität Zürich angesiedelten Projekts, das aus den Mitteln des Jubiläumsfonds der Universität finanziell gefördert und 2008 abgeschlossen wurde. Die Edition wurde im selben Jahr zusätzlich als Buch mit CD-Rom-Beilage (Linke–Scharloth) von Angelika Linke und Joachim Scharloth herausgegeben. Der ‘Zürcher Sommer 1968’ ist Bestandteil der Corpora for Social Movement Research (COSMOV) der Universität Zürich, eines korpuslinguistischen Forschungsprojekts mit mehreren Teilprojekten.</p>
          <p>Technisch umgesetzt und im Internet bereit gestellt wurde das Projekt von Mitherausgeber Joachim Scharloth und Projektmitarbeiter Noah Bubenhauer. Beide sind zugleich Begründer der ‘Forschergruppe’ semtracks, einer GmbH, die Dienstleistungen im Bereich 'language technology and semantic consulting'  anbietet (Semtracks GmbH <emph>Startseite</emph>). Semtracks selbst versucht, ‘die wachsende Informationsflut’ linguistischer Textressourcen durch Text Mining, Dokumenten-Clustering und Sediment Analyse zu erfassen und erschließbar zu machen (vgl. Semtracks GmbH <emph>Forschung</emph>).</p>
          <p>Projektbeschreibungen, die jeweiligen Verantwortlichen sowie Kontaktinformationen sind leider nicht zentral versammelt und müssen auf unterschiedlichen und unübersichtlich verlinkten Seiten zusammengesucht werden. Dies erschwert dem Nutzer auch die Unterscheidung der einzelnen Arbeitsgruppen und Zuständigkeitsbereiche von semtracks und der Edition.</p>
          <p>Die am ‚Zürcher Sommer‘ und an semtracks beteiligten Projektmitarbeiter kommen aus dem Bereich der (Computer-)Linguistik, wollen allerdings auch Inhalte anbieten, die geschichtswissenschaftliche Themenfelder betreffen und daher außerhalb ihres eigenen Forschungsfokus liegen, wie nachfolgend zu sehen sein wird.</p>
        </div>
        <div type="div2">
          <head>Zielsetzung</head>
          <p>Die Fragestellung verfolgend, warum und wie es im Frühjahr und Sommer 1968 in Zürich erstmalig zu Ausschreitungen in größerem Umfang kam, wurden insgesamt über 900 zeitgenössische Quellen zur Geschichte der Jugendunruhen in einem lokal begrenzten Kulturraum als digitalisierte Volltexte mit den jeweiligen Faksimiles vorgelegt. Einige von ihnen wurden erstmalig der Öffentlichkeit zugänglich gemacht. Um die Bewegung aus verschiedenen Blickwinkeln zu beleuchten, wurden nicht nur Texte (z.B. Flugblätter, Wandplakate, Briefe) der unmittelbar beteiligten Akteure, sondern darüber hinaus auch Begleitmaterialien (z.B. Polizeiakten aus dem Züricher Staatsarchiv, Zeitungsberichte, Fotos) präsentiert. Die Edition kann daher als durchaus wertvolle Materialgrundlage für unterschiedliche  Forschungsfragen dienen. </p>
          <p>Gleichwohl sind einige inhaltliche sowie technische Mängel festzustellen. So bleibt beispielsweise eine Kontextualisierung der historischen Dokumente aus: Die kritische Einordnung der Texte in die allgemeine Protestkultur der 68er Jahre findet in der Ausgabe nicht statt. Auch wären diesbezügliche Hinweise zu weiterführender Literatur wünschenswert gewesen, sowohl für den Fachwissenschaftler als auch für den Laien. Eine solche Bibliographie wäre zumindest ein – wenn auch schwaches – Substitut für die fehlende Kontextualisierung. Scharloth und Linke begründen ihr Vorgehen damit, dass lokalspezifische Besonderheiten nicht 'verwischt' werden sollen (Scharloth–Linke). Warum das Projekt den Fokus darauf verlieren würde, wird jedoch nicht erklärt. Vielmehr erachtet Scharloth eine solche Einordnung als prinzipiell sinnvoll und fruchtbar für zukünftige Forschungsarbeiten.</p>
        </div>
        <div type="div2">
          <head>Textgrundlage</head>
          <p>Im Sinne von COSMOV stellt das Projekt ein korpuslinguistisch aufbereitetes Textarchiv zur Verfügung (Semtracks GmbH<emph> Corpora</emph>). Als Textgrundlage für die Edition dienen ausschließlich schriftlich fixierte Texte bzw. aufgezeichnete mündliche Äußerungen (vgl. COSMOV <emph>Korpora</emph>). Dem Stand der Digitalisierung ist es wohl geschuldet, dass zeitgenössische Audio- und Videoaufnahmen noch nicht eingebunden werden konnten.</p>
        </div>
        <div type="div2">
          <head>Kommentierung und Kontextmaterial</head>
          <p>Da primär eine Materialsammlung geschaffen werden sollte, wurde auch die Ausarbeitung einer historisch-kritischen Kommentierung und Annotation nicht angestrebt. Eine entsprechende Stellungnahme hierzu lässt sich allerdings nicht finden. Der Einzelstellenkommentar in der Edition macht nur die notwendigsten Angaben wie z.B. eine Anmerkung zu typographischen Gegebenheiten des jeweiligen Dokuments, gibt aber keine näheren inhaltlichen Erläuterungen. Die Kommentierung entspricht daher eher einer archivalischen Beschreibung.</p>
          <p>Die ‘Einleitung’ gleicht eher einem Vorwort und bietet keine Informationen zum editorischen Vorgehen. An anderer Stelle deklarieren die Herausgeber die Edition überwiegend, wenn auch nicht einheitlich, als ‘Dokumentation’. Es finden sich auch die Bezeichnungen ‘Quellenedition’ (Bubenhofer–Haaf–Jourdain 1) und ‘Edition von Dokumenten’ (Semtracks Gmbh <emph>Editionen</emph>). Wiederum an anderer Stelle wird hinsichtlich des Anzeigemodus behauptet, es könne ‘[...] nach Interesse [...] zwischen Faksimile-Ansicht, Lesetext und historisch-kritischer Edition und weiteren Zwischenstufen’ (COSMOV <emph>Edition Zürich 1968</emph>) gewählt werden – je nach den spezifischen Bedürfnissen der Nutzergruppen.</p>
        </div>
        <div type="div2">
          <head>Variantenverzeichnung</head>
          <figure>
            <head>Nicht verzeichnete Variante</head>
            <graphic url="picture-1.png"/>
          </figure>
          <p>Insbesondere die Bezeichnung als ‘historisch-kritische Edition’ erscheint unangemessen. Die Offenlegung textkritischer Entscheidungen wird scheinbar als überflüssig betrachtet. Doch lassen sich aus den wenigen korrigierenden Eingriffen die editorischen Richtlinien nicht unbedingt ableiten bzw. erscheint die Behandlung von Varianten als durchaus inkonsequent.<note xml:id="ftn1" n="1">Als Variante wird hier eine punktuelle Abweichung einer Textfassung/-stufe von einer anderen verstanden, so dass jede Änderung eine Variante darstellt. Im Gegensatz dazu impliziert eine Korrektur, dass der vorherige Textzustand unvollkommen war, was nicht unbedingt der Fall sein muss. Eine Textstufe bildet einen Text zu einem bestimmten Zeitpunkt ab und ist damit die Summe aller Änderungen bis zu diesem Zeitpunkt. Eine Variante und auch mehrere Textstufen können damit also durchaus auf einem einzigen Textträger auftreten.</note> Zur Veranschaulichung seien zwei Beispiele aus ein und demselben Aktenstück genannt: Ein Superskript ohne Streichung wird als solches im edierten Text dargestellt (Fig. 1), eine Korrektur einer Streichung über der betreffenden Zeile ist hingegen nur auf dem Faksimile zu erkennen (Fig. 2). Der ursprüngliche Wortlaut, obwohl rekonstruierbar, wurde nicht verzeichnet.</p>
          <figure>
            <head>Verzeichnete Variante</head>
            <graphic url="picture-2.png"/>
          </figure>
          <p>Diese Entscheidung, Korrekturspuren nicht bzw. nur unvollständig zu verzeichnen, ist in Anbetracht der Zielsetzung, alle verwendeten Worte zu indexieren, fragwürdig, gerade auch hinsichtlich des Umstands, dass auch Worte der comicartigen Zeichnungen transkribiert und entsprechend verschlagwortet wurden.<note xml:id="ftn2" n="2">Der Lesemodus und der kommentierte Modus stellen solche Fälle unterschiedlich dar. Im Lesemodus befindet sich lediglich die Transkription, so dass sich beispielsweise eine Äußerung in einer Sprechblase ohne ein Faksimile oder die Einblendung der kommentierten Fassung nicht erschließt. In der kommentierten Fassung findet man an dieser Stelle einen einfachen Platzhalter mit einer kurzen Beschreibung des Objekts.</note> Die Textgenese von Manuskripten und Typoskripten spielt in dieser Edition nur eine untergeordnete Rolle. Möglicherweise folgt dies aus der Auffassung der Editoren, ‘Quellen nicht als Texte, sondern als Dokumente aufzufassen und als solche zu edieren’ (Bubenhofer–Haaf–Jourdain 3).</p>
        </div>
        <div type="div2">
          <head>Navigation</head>
          <p>Die Navigationszeile befindet sich am Kopf der Seite, ist übersichtlich gestaltet und selbsterklärend. Auch eine Hilfefunktion wird dazu angeboten. Der Zugang zu den Dokumenten erfolgt über die Navigation: nach Publikationsmedium, namhaften Akteuren, Gruppierungen, Ereignissen, Autoren, Publikationsdatum, Schlagworten und Orten. Die Dokumente werden dann im Hauptfenster angezeigt.</p>
          <figure>
            <head>Navigation</head>
            <graphic url="picture-3.png"/>
          </figure>
          <p>Je nach Erfordernissen kann die Auswahl im zweiten Fenster weiter verfeinert werden, so dass im dritten Fenster die damit verknüpften Dokumente angezeigt und von dort im darunterliegenden Hauptfenster geöffnet werden.</p>
          <p>Die chronologische Darstellung mit Einbindung eines Zeitstrahls sowie eine interaktive Karte macht die Anwendung insgesamt nutzerfreundlich und ermöglicht alternative Zugänge zu den Dokumenten. Nähere Informationen zu den Dokumenten erhält der Nutzer – allerdings nicht gebündelt – zudem über die ‘Chronologie’ in der Navigation mit Verweis auf die betreffenden Dokumente. Jedoch existieren keine Backlinks von den Dokumenten auf diese kurze Erläuterung. Eine die Navigation ergänzende Volltextsuche wird leider nicht angeboten, da sie ‘aus technischen Gründen nicht in einer lokal im Browser lauffähigen Applikation realisiert werden’ konnte<hi rend="sup"> </hi>(Bubenhofer–Haaf–Jourdain 77).</p>
          <p>Die Navigation erfüllt weitgehend die Funktion eines Registers. Da aber nur namhafte Akteure der Bewegung als Personen verschlagwortet wurden, ersetzt diese Funktion keine Personenliste. Wünschenswert wäre eine Verschlagwortung gewesen, wie es sie auch hinsichtlich der Verknüpfung der Ortsnamen gibt – nämlich ebenfalls über ein Pop-up – mit einer Karte und der entsprechenden Hervorhebung, über die der Nutzer auf weitere Verweise zu den entsprechenden Orten weitergeleitet wird. Eine Verknüpfung von Dokumenten zu Ereignissen findet im Text nicht statt. Stattdessen muss den Verweisen in der Chronologie gefolgt werden, von der aus der Nutzer wiederum Zugriff auf eine Sammlung von Dokumenten zum betreffenden Ereignis erhält. Den unter der Rubrik 'Hilfe‘ versteckten Hinweis 'Die Annotation der Dokumente mit Informationen zu Personen, Gruppen und Orten geschah halbautomatisch und ist deshalb nicht fehlerfrei' wird der Nutzer nur alsbald bestätigen können.</p>
          <p>Der eingeschlagene Browsing-Pfad der Navigation bleibt auch während der Ansicht der Dokumente stets sichtbar. Nach Aufrufen eines Dokuments kann der Anzeigemodus in einem Pop-up als <emph>historisch-kritische Edition</emph> und durch Anwählen oder Ausblenden von Schriftformatierungs- und Apparatoptionen bis zum reinen Lesetext den jeweiligen Nutzerbedürfnissen angepasst werden. Wie bereits erwähnt, funktioniert das Ein- und Ausblenden jedoch nicht in allen Fällen. In einem weiteren Pop-up finden sich die Verweise zu den Faksimiles, die sich nach dem Aufruf in einem neuen Fenster öffnen. Eine synoptische Darstellungsweise wird leider nicht geboten.</p>
        </div>
        <div type="div2">
          <head>Faksimilierung</head>
          <figure>
            <head>Ausschnitt aus einer Wandzeitung in Originalgröße und -qualität</head>
            <graphic url="picture-4.png"/>
          </figure>
          <p>Alle Dokumente sind faksimiliert und liegen im JPEG-Format vor. Es ist jedoch weder dokumentiert noch direkt ersichtlich, wie diese angefertigt wurden. Zum einen ist die Qualität von Dokument zu Dokument sehr unterschiedlich, so dass die in der Dokumentenbeschreibung angegebenen Farben in einigen Fällen gar nicht nachvollzogen werden können. Zum anderen sind einige Faksmiles so unscharf, dass sich nicht erkennen lässt, ob es sich um einen Scan des Originaldokuments oder etwa um einen Scan von einer Fotografie des jeweiligen Objekts handelt. An anderen Faksimiles wurde der Rand so beschnitten, dass bisweilen Buchstaben fehlen und  nur im transkribierten Text  zu finden sind. </p>
        </div>
        <div type="div2">
          <head>Archivalische Verzeichnung</head>
          <p>Die Dokumente sind im Kopf jeweils mit Apparaten ausgestattet, die bibliographische und archivalische Angaben bereitstellen. Hier finden sich auch Informationen zu den Bearbeitern und  weitere Metadaten wie Verfasser, Erscheinungsdatum und -ort, Adressaten und Inhaltsverschlagwortung, aber auch Angaben zum Material der Dokumente. Bisweilen finden sich diese Angaben auch alternativ in Einzelstellenkommentareinträgen.</p>
          <p>Grundsätzlich ist zu bemängeln, dass die Beschreibung der Dokumente inkonsistent und unvollständig bleibt. Weder im Kommentar noch im Apparat wird beispielsweise der Gebrauch von Sütterlin anstatt der üblichen lateinischen Schreibschrift erfasst, obwohl die Wahl und Kontextualisierung der Schrift aus kulturhistorischer Perspektive möglicherweise für diesbezügliche Forschungsfragen von Relevanz wäre. Ähnliches gilt für die in den Quellen genannten Beilagen (vgl. Zürcher Sommer <emph>Startseite</emph>). Sie sind weder in Einzelstellenkommentaren noch im Apparat/Header aufgeschlüsselt oder als Kontextmaterialien aufgeführt.</p>
        </div>
        <div type="div2">
          <head>Codierung und Archivierung</head>
          <p>Eine Pflege der Daten scheint in den sechs Jahren, seit denen sich die Edition auf den Servern der Universität Zürich befindet, nicht stattgefunden zu haben. Die Transkriptionen sowie ein Großteil der Faksimiles sind noch einsehbar. Nur wenige Scans (wie z.B. Faksimile GK_1079_SH13, verlinkt von Zürcher Sommer <emph>GK_1079_SH</emph>) sind nicht mehr verfügbar.</p>
          <p>Die Edition nutzt Standardtechnologien wie HTML4, XML, CSS und JavaScript. Die Codierung selbst ist nicht dokumentiert. Aus dem Seitenquelltext ist ersichtlich, dass die Daten mit XML nach den Richtlinien der TEI codiert und laut Werkstattbericht mit XSL, im Fall von 'besonders rechenintensiven' Prozessen aus Zeitgründen auch mit Perl und regulären Ausdrücken (Bubenhofer–Haaf–Jourdain 91), transformiert wurden.</p>
          <p>Die Einbettung des Contents erfolgt über einen Inlineframe auf der Hauptseite. Diese Verschachtelung führt leider auch dazu, dass die einzelnen Inhaltsseiten nicht direkt referenzierbar sind. Dafür muss erst der Inlineframe von der Hauptseite gelöst und die Einzelseite ohne Einbettung angezeigt werden. Dies hat zur Folge, dass der Nutzer nicht mehr auf die Navigation zugreifen kann und die einzelnen Dokumente nur schwer zitierbar sind (vgl. Zürcher Sommer <emph>EH_1118_TG)</emph>.</p>
        </div>
        <div type="div2">
          <head>Nachahmung von Typographie und Layout</head>
          <p>Der Anspruch, den die Herausgeber an die Edition stellten, ist die Bereitstellung möglichst authentischer und uninterpretierter Texte. So wird auch das Ziel formuliert, ‘die typographischen und graphischen Spezifika der 1960er Jahre so authentisch wie möglich’ nachzubilden (Zürcher Sommer <emph>Einleitung</emph>). Diese Maßgabe wird allerdings nicht immer befolgt. So werden beispielsweise die Rahmenlinien von Formularen nicht nachgezeichnet (z.B. Zürcher Sommer <emph>EH_1101_TG_11</emph>)<emph>.</emph>               </p>
          <p>An anderen Stellen geschieht die Nachbildung nicht immer auf elegante Weise: Das Layout ist insbesondere dort verzerrt, wo Textteile zentriert sind, was bei höherer Bildschirmauflösung zu einer Verschiebung der Textelemente und des Satzes führt. Auch wurde die typographische Nachgestaltung des Layouts nicht auf alle Formulare angewandt, wobei sich nicht feststellen lässt, nach welchen Kriterien dies entschieden wurde. Vor diesem Hintergrund bleibt unverständlich, warum nicht auch beispielsweise Zeitungsartikel in ihrer spezifischen Form dargeboten werden. Anstelle des gattungstypischen Blocksatzes finden sich, selbst wenn der Zeilenfall beachtet wurde, linksbündige Ausrichtungen.</p>
        </div>
        <div type="div2">
          <head>Fazit</head>
          <p>Die Edition hat ihr Ziel erreicht, circa tausend Dokumente zur Zürcher 68er-Bewegung zugänglich und linguistisch erschließbar zu machen. Während in der digitalen Edition ein Zugang zu den Dokumenten über Stichworte realisiert ist, sollen die lemmatisierten Volltexte Grundlage für eine Korpusanalyse auf den Webservern von semtracks werden. Ob und wie eine Integration in dieses Korpus tatsächlich erfolgt ist, kann allerdings nicht beurteilt werden, da dieses auch nach mehreren Versuchen zu unterschiedlichen Zeitpunkten nicht aufrufbar war.</p>
          <p>Die Umsetzung des Ansatzes, die Dokumente auch für andere Zielgruppen zugänglich zu machen, ist jedoch weniger gelungen. Dies hätte durch den Abbau von Wissensbarrieren mittels einer inhaltlichen Kommentierung erreicht werden können.</p>
          <p>Im historisch-kritischen Modus der Textpräsentation wurden Schriftformatierungen kenntlich gemacht und Platzhalter anstelle der Bilder des Originals verwendet, die den Lesefluss kaum beeinträchtigen. In der Lesefassung wird der Zeilenfall des Originals, Schriftarten und andere Phänomene unterdrückt, können aber bei Bedarf hinzugeschaltet werden.</p>
          <p>Überdies sind Probleme zu verzeichnen, die eine historisch-kritische Edition vermeiden muss. Eine methodisch transparente und konsistente Arbeitsweise kann weder im technischen noch im editorischen Bereich festgestellt werden: für den technischen Bereich fehlt die Offenlegung der Auszeichnungsregeln, wünschenswert wäre auch die Bereitstellung des Schemas und des XML-Quelltextes. Für den editorischen Bereich fehlen jedenfalls die editorischen Richtlinien, wünschenswert wäre auch ein Sachkommentar gewesen.</p>
          <p>Es bleibt also festzustellen, dass die eng gesteckten Ziele, nämlich die Verschlagwortung der Dokumente für die linguistische Analyse sowie ‘die Grundlage für eine differenzierte Auseinandersetzung mit der Zürcher 68er-Bewegung [zu] liefern und die Besonderheit des Zürcher Sommers 1968 sichtbar [zu] machen’ (Zürcher Sommer <emph>Einleitung</emph>) erfüllt sind. Mehr Hilfestellungen als eine Navigation durch die Dokumente nach verschiedenen Kriterien wie Ort, Zeit, Personen und Medium bietet die Edition jedoch nicht. Die Materialsammlung ist in diesem Sinne eher als eine Art ‘dokumentarische’ denn als historisch-kritische Edition zu bezeichnen. Damit stellt sie dennoch eine wertvolle Grundlage für weiterführende Forschungen dar.</p>
        </div>
      </div>
      <div type="references">
        <listBibl>
          <bibl>Linke, Angelika and Joachim Scharloth, eds. <emph>Der Zürcher Sommer 1968. Zwischen Krawall, Utopie und Bürgersinn.</emph> Zürich: NZZ libro, 2008.</bibl>
          <bibl>Bubenhofer, Noah, Susanne Haaf, Céline Jourdain et al. „XML-Technologien als Grundlage dynamischer Textpräsentation. Die digitale Quellenedition 'Der Zürcher Sommer 1968'“. <emph>Jahrbuch für Computerphilologie </emph>(2007). &lt;<ptr target="http://web.archive.org/web/20140408144915/http://computerphilologie.tu-darmstadt.de/jg07/bubenh.html"/>&gt;.</bibl>
          <bibl>COSMOV. <emph>Startseite</emph>. &lt;<ptr target="http://web.archive.org/web/20140408143541/https://www.uzh.ch/cosmov/"/>&gt;.</bibl>
          <bibl>COSMOV. <emph>Edition Zürich 1968</emph>. &lt;<ptr target="http://web.archive.org/web/20140408142402/http://www.cosmov.uzh.ch/edition68.html"/>&gt;.</bibl>
          <bibl>COSMOV. <emph>Korpora</emph>. &lt;<ptr target="http://web.archive.org/web/20141207114442/http://www.cosmov.uzh.ch/korpora.html"/>&gt;.</bibl>
          <bibl>Der Zürcher Sommer. <emph>EH_1118_TG</emph>. &lt;<ptr target="https://www.uzh.ch/cosmov/edition/ssl-dir/V4/XML-Files/XML/EH_1118_TG.xml"/>&gt;. Accessed: 10.11.2014.</bibl>
          <bibl>Der Zürcher Sommer. <emph>EH_1101_TG_11</emph>. &lt;<ptr target="http://web.archive.org/web/20141110210710/https://www.uzh.ch/cosmov/edition/ssl-dir/V4/XML-Files/Scans/EH_1101_TG_11.jpg"/>&gt;.</bibl>
          <bibl>Der Zürcher Sommer. <emph>GK_1079_SH. </emph>&lt;<ptr target="https://www.uzh.ch/cosmov/edition/ssl-dir/V4/XML-Files/XML/GK_1179_SH.xml"/>&gt;. Accessed: 13.11.2014.</bibl>
          <bibl>Der Zürcher Sommer. <emph>Einleitung</emph>. &lt;<ptr target="http://web.archive.org/web/20140408150714/https://www.uzh.ch/cosmov/edition/ssl-dir/V4/einleitung.html"/>&gt;.</bibl>
          <bibl>Der Zürcher Sommer. <emph>Hilfe</emph>. &lt;<ptr target="http://web.archive.org/web/20141112123155/https://www.uzh.ch/cosmov/edition/ssl-dir/V4/hilfe.html"/>&gt;.</bibl>
          <bibl>Der Zürcher Sommer. <emph>Impressum.</emph> &lt;<ptr target="http://web.archive.org/web/20140408144057/https://www.uzh.ch/cosmov/edition/ssl-dir/V4/impressum.html"/>&gt;.</bibl>
          <bibl>Der Zürcher Sommer. <emph>Startseite</emph>. &lt;<ptr target="http://web.archive.org/web/20141207114721/https://www.uzh.ch/cosmov/edition/ssl-dir/V4/willkommen.html"/>&gt;.</bibl>
          <bibl>Scharloth, Joachim and Angelika Linke. <emph>Der Zürcher Sommer 1968. Ein Vorwort zu Buch und digitaler Edition</emph>. &lt;<ptr target="http://web.archive.org/web/20140408144317/http://www.scharloth.com/zuerich68/zuerich68einleitung.htm"/>&gt;.</bibl>
          <bibl>Semtracks GmbH. <emph>Corpora</emph>. &lt;<ptr target="http://web.archive.org/web/20140408150350/http://www.semtracks.org/web/index.php?id=semtracks%20Corpora"/>&gt;.</bibl>
          <bibl>Semtracks GmbH. <emph>Cosmov</emph>. &lt;<ptr target="http://web.archive.org/web/20140408153159/http://www.semtracks.org/cosmov/"/>&gt;.</bibl>
          <bibl>Semtracks GmbH. <emph>Editionen</emph>. &lt;<ptr target="http://web.archive.org/web/20130816044223/http://www.semtracks.com/web/index.php?id=produkte&amp;id2=digitale%20editionen&amp;level=1"/>&gt;.</bibl>
          <bibl>Semtracks GmbH. <emph>Forschung</emph>. &lt;<ptr target="http://web.archive.org/web/20140626150701/http://www.semtracks.com/web/index.php?id=forschung"/>&gt;.</bibl>
          <bibl>Semtracks GmbH. <emph>Startseite</emph>. &lt;<ptr target="http://web.archive.org/web/20130618184818/http://semtracks.com/"/>&gt;.</bibl>
        </listBibl>
      </div>
    </body>
  </text>
</TEI>
