<?xml version="1.0" encoding="UTF-8"?><TEI xmlns:xsi="http://www.w3.org/2001/XMLSchema-instance" xmlns="http://www.tei-c.org/ns/1.0" xsi:schemaLocation="http://www.tei-c.org/ns/1.0 https://ride.i-d-e.de/wp-content/uploads/schema/ride.xsd" xml:lang="en">
    <teiHeader>
        <fileDesc>
            <titleStmt>
                <title/>
                <respStmt>
                    <resp>author</resp>
                    <name>
                        <persName>
                            <forename>Theodor</forename>
                            <surname>Costea</surname>
                        </persName>
                        <affiliation>
                            <orgName>Independent scholar</orgName>
                            <placeName>Berlin</placeName>
                        </affiliation>
                        <email>theo.costea@gmail.com</email>
                    </name>
                </respStmt>
            </titleStmt>
            <publicationStmt>
                <publisher>Institut für Dokumentologie und Editorik</publisher>
                <date/>
                <idno type="issue">12</idno>
                <idno type="URI">https://ride.i-d-e.de/issues/issue-12/busoni-nachlass/</idno>
                <idno type="DOI">10.18716/ride.a.12.5</idno>
                <availability>
                    <licence>
                        <ref target="http://creativecommons.org/licenses/by/4.0/"/>
                    </licence>
                </availability>
            </publicationStmt>
            <notesStmt>
                <relatedItem>
                    <biblStruct>
                        <monogr>
                            <title xml:id="resource_title">Ferruccio Busoni – Briefe und Schriften</title>
                            <editor xml:id="resource_editors">Ullrich Scheidler and Christian Schaper</editor>
                            <respStmt>
                                <resp>Editor</resp>
                                <persName>
                                    <name>Ullrich Scheideler</name>
                                </persName>
                            </respStmt>
                            <respStmt>
                                <resp>Editor</resp>
                                <persName>
                                    <name>Christian Schaper</name>
                                </persName>
                            </respStmt>
                            <respStmt>
                                <resp>Contributor</resp>
                                <persName>
                                    <name>Jakob Schmidt</name>
                                </persName>
                            </respStmt>
                            <respStmt>
                                <resp>Contributor</resp>
                                <persName>
                                    <name>Peter Stadler</name>
                                </persName>
                            </respStmt>
                            <respStmt>
                                <resp>Contributor</resp>
                                <persName>
                                    <name>Anastasia Spiridonova</name>
                                </persName>
                            </respStmt>
                            <respStmt>
                                <resp>Contributor</resp>
                                <persName>
                                    <name>Claudio Arías Rodriguez</name>
                                </persName>
                            </respStmt>
                            <respStmt>
                                <resp>Contributor</resp>
                                <persName>
                                    <name>Lukas Baake</name>
                                </persName>
                            </respStmt>
                            <respStmt>
                                <resp>Contributor</resp>
                                <persName>
                                    <name>Patrick Becker</name>
                                </persName>
                            </respStmt>
                            <respStmt>
                                <resp>Contributor</resp>
                                <persName>
                                    <name>Thea Olivia Beger</name>
                                </persName>
                            </respStmt>
                            <respStmt>
                                <resp>Contributor</resp>
                                <persName>
                                    <name>Immanuel Beyreuther</name>
                                </persName>
                            </respStmt>
                            <respStmt>
                                <resp>Contributor</resp>
                                <persName>
                                    <name>Sophia Dörner</name>
                                </persName>
                            </respStmt>
                            <respStmt>
                                <resp>Contributor</resp>
                                <persName>
                                    <name>Marie Eggert</name>
                                </persName>
                            </respStmt>
                            <respStmt>
                                <resp>Contributor</resp>
                                <persName>
                                    <name>Marlene Everling</name>
                                </persName>
                            </respStmt>
                            <respStmt>
                                <resp>Contributor</resp>
                                <persName>
                                    <name>Hannah Fiedrowicz</name>
                                </persName>
                            </respStmt>
                            <respStmt>
                                <resp>Contributor</resp>
                                <persName>
                                    <name>Claudio Fuchs</name>
                                </persName>
                            </respStmt>
                            <respStmt>
                                <resp>Contributor</resp>
                                <persName>
                                    <name>Maximilian Furthmüller</name>
                                </persName>
                            </respStmt>
                            <respStmt>
                                <resp>Contributor</resp>
                                <persName>
                                    <name>Morten Grage</name>
                                </persName>
                            </respStmt>
                            <respStmt>
                                <resp>Contributor</resp>
                                <persName>
                                    <name>Clemens Gubsch</name>
                                </persName>
                            </respStmt>
                            <respStmt>
                                <resp>Contributor</resp>
                                <persName>
                                    <name>Edward Hamrock</name>
                                </persName>
                            </respStmt>
                            <respStmt>
                                <resp>Contributor</resp>
                                <persName>
                                    <name>Vanda Hehr</name>
                                </persName>
                            </respStmt>
                            <respStmt>
                                <resp>Contributor</resp>
                                <persName>
                                    <name>Marie-Luise Hildebrand</name>
                                </persName>
                            </respStmt>
                            <respStmt>
                                <resp>Contributor</resp>
                                <persName>
                                    <name>Anton Hoffmann</name>
                                </persName>
                            </respStmt>
                            <respStmt>
                                <resp>Contributor</resp>
                                <persName>
                                    <name>Tim Martin Hoffmann</name>
                                </persName>
                            </respStmt>
                            <respStmt>
                                <resp>Contributor</resp>
                                <persName>
                                    <name>Juliane Imme</name>
                                </persName>
                            </respStmt>
                            <respStmt>
                                <resp>Contributor</resp>
                                <persName>
                                    <name>Ulrike Japes</name>
                                </persName>
                            </respStmt>
                            <respStmt>
                                <resp>Contributor</resp>
                                <persName>
                                    <name>Vanessa Kimpel</name>
                                </persName>
                            </respStmt>
                            <respStmt>
                                <resp>Contributor</resp>
                                <persName>
                                    <name>Natalia Kononchuk</name>
                                </persName>
                            </respStmt>
                            <respStmt>
                                <resp>Contributor</resp>
                                <persName>
                                    <name>Clara Kroher</name>
                                </persName>
                            </respStmt>
                            <respStmt>
                                <resp>Contributor</resp>
                                <persName>
                                    <name>Erik Krummbach</name>
                                </persName>
                            </respStmt>
                            <respStmt>
                                <resp>Contributor</resp>
                                <persName>
                                    <name>Nicole Kufeld</name>
                                </persName>
                            </respStmt>
                            <respStmt>
                                <resp>Contributor</resp>
                                <persName>
                                    <name>Josefine Lindmar</name>
                                </persName>
                            </respStmt>
                            <respStmt>
                                <resp>Contributor</resp>
                                <persName>
                                    <name>Nicole Malige</name>
                                </persName>
                            </respStmt>
                            <respStmt>
                                <resp>Contributor</resp>
                                <persName>
                                    <name>Theresa Menard</name>
                                </persName>
                            </respStmt>
                            <respStmt>
                                <resp>Contributor</resp>
                                <persName>
                                    <name>David Mews</name>
                                </persName>
                            </respStmt>
                            <respStmt>
                                <resp>Contributor</resp>
                                <persName>
                                    <name>Kim Nocka</name>
                                </persName>
                            </respStmt>
                            <respStmt>
                                <resp>Contributor</resp>
                                <persName>
                                    <name>Filiz Oflazoğlu</name>
                                </persName>
                            </respStmt>
                            <respStmt>
                                <resp>Contributor</resp>
                                <persName>
                                    <name>Anna Prothmann</name>
                                </persName>
                            </respStmt>
                            <respStmt>
                                <resp>Contributor</resp>
                                <persName>
                                    <name>Ivana Rajic</name>
                                </persName>
                            </respStmt>
                            <respStmt>
                                <resp>Contributor</resp>
                                <persName>
                                    <name>Till Erik Sawallisch</name>
                                </persName>
                            </respStmt>
                            <respStmt>
                                <resp>Contributor</resp>
                                <persName>
                                    <name>Sebastian Schade</name>
                                </persName>
                            </respStmt>
                            <respStmt>
                                <resp>Contributor</resp>
                                <persName>
                                    <name>Angelina Smyschlajew</name>
                                </persName>
                            </respStmt>
                            <respStmt>
                                <resp>Contributor</resp>
                                <persName>
                                    <name>Wantana Tancharoenpol</name>
                                </persName>
                            </respStmt>
                            <respStmt>
                                <resp>Contributor</resp>
                                <persName>
                                    <name>Emilija Temirkulovaite</name>
                                </persName>
                            </respStmt>
                            <respStmt>
                                <resp>Contributor</resp>
                                <persName>
                                    <name>Judith Treumann</name>
                                </persName>
                            </respStmt>
                            <respStmt>
                                <resp>Contributor</resp>
                                <persName>
                                    <name>Friederike Walch</name>
                                </persName>
                            </respStmt>
                            <respStmt>
                                <resp>Contributor</resp>
                                <persName>
                                    <name>Jan Weber</name>
                                </persName>
                            </respStmt>
                            <respStmt>
                                <resp>Contributor</resp>
                                <persName>
                                    <name>Jupp Wegner</name>
                                </persName>
                            </respStmt>
                            <respStmt>
                                <resp>Contributor</resp>
                                <persName>
                                    <name>Elizaveta Willert</name>
                                </persName>
                            </respStmt>
                            <imprint>
                                <date xml:id="resource_date_publication">2016-2018</date>
                            </imprint>
                        </monogr>
                        <idno xml:id="resource_uri">https://www.busoni-nachlass.org</idno>
                    </biblStruct>
                </relatedItem>
                <note>
                    <date xml:id="resource_date_access">2020-02-06</date>
                </note>
            </notesStmt>
            <sourceDesc>
                <p>Auf der Basis von <ref>http://www.i-d-e.de/publikationen/weitereschriften/criteria-version-1-1</ref>
                </p>
            </sourceDesc>
        </fileDesc>
        <encodingDesc>
            <classDecl>
                <taxonomy xml:base="http://www.i-d-e.de/publikationen/weitereschriften/criteria-version-1-1">
                    <category xml:id="documentation">
                        <category xml:id="bibl_desc">
                            <catDesc>
                                <ref target="#K1.2">cf. Catalogue 1.2</ref>
                            </catDesc>
                            <catDesc>Is it easily possible to describe the project bibliographically along the schema "responsible editors, publishing/hosting institution, year(s) of publishing"?</catDesc>
                            <catDesc>
                                <num type="boolean" value="1"/>
                            </catDesc>
                        </category>
                        <category xml:id="contributors">
                            <catDesc>
                                <ref target="#K1.4">cf. Catalogue 1.4</ref>
                            </catDesc>
                            <catDesc>Are the contributors (editors, institutions, associates) of the project fully documented?</catDesc>
                            <catDesc>
                                <num type="boolean" value="1"/>
                            </catDesc>
                        </category>
                        <category xml:id="contacts">
                            <catDesc>
                                <ref target="#K1.5">cf. Catalogue 1.5</ref>
                            </catDesc>
                            <catDesc>Does the project list contact persons?</catDesc>
                            <catDesc>
                                <num type="boolean" value="1"/>
                            </catDesc>
                        </category>
                        <category xml:id="selection">
                            <category xml:id="explained">
                                <catDesc>
                                    <ref target="#K2.1">cf. Catalogue 2.1</ref>
                                </catDesc>
                                <catDesc>Is the selection of materials of the project explicitly documented?</catDesc>
                                <catDesc>
                                    <num type="boolean" value="1"/>
                                </catDesc>
                            </category>
                            <category xml:id="reasonable">
                                <catDesc>
                                    <ref target="#K2.1">cf. Catalogue 2.1</ref>
                                </catDesc>
                                <catDesc>Is the selection by and large reasonable?</catDesc>
                                <catDesc>
                                    <num type="boolean" value="1"/>
                                </catDesc>
                            </category>
                        </category>
                        <category xml:id="data_archive">
                            <catDesc>
                                <ref target="#K4.16">cf. Catalogue 4.16</ref>
                            </catDesc>
                            <catDesc>Does the documentation include information about the long term sustainability of the basic data (archiving of the data)?</catDesc>
                            <catDesc>
                                <num type="boolean" value="0"/>
                            </catDesc>
                        </category>
                        <category xml:id="aims">
                            <catDesc>
                                <ref target="#K3.1">cf. Catalogue 3.1</ref>
                            </catDesc>
                            <catDesc>Are the aims and purposes of the project explicitly documented?</catDesc>
                            <catDesc>
                                <num type="boolean" value="1"/>
                            </catDesc>
                        </category>
                        <category xml:id="methods">
                            <catDesc>
                                <ref target="#K3.1">cf. Catalogue 3.1</ref>
                            </catDesc>
                            <catDesc>Are the methods employed in the project explicitly documented?</catDesc>
                            <catDesc>
                                <num type="boolean" value="1"/>
                            </catDesc>
                        </category>
                        <category xml:id="data_model">
                            <catDesc>
                                <ref target="#K3.7">cf. Catalogue 3.7</ref>
                            </catDesc>
                            <catDesc>Does the project document which data model (e.g. TEI) has been used and for what reason?</catDesc>
                            <catDesc>
                                <num type="boolean" value="1"/>
                            </catDesc>
                        </category>
                        <category xml:id="help">
                            <catDesc>
                                <ref target="#K4.15">cf. Catalogue 4.15</ref>
                            </catDesc>
                            <catDesc>Does the project offer help texts concerning the use of the project?</catDesc>
                            <catDesc>
                                <num type="boolean" value="0"/>
                            </catDesc>
                        </category>
                        <category xml:id="citation">
                            <catDesc>
                                <ref target="#K4.8">cf. Catalogue 4.8</ref>
                            </catDesc>
                            <catDesc>Does the project supply citation guidelines (i.e. how to cite the project or a part of it)?</catDesc>
                            <catDesc>
                                <num type="boolean" value="1"/>
                            </catDesc>
                        </category>
                        <category xml:id="complete">
                            <catDesc>
                                <ref target="#K4.16">cf. Catalogue 4.16</ref>
                            </catDesc>
                            <catDesc>Does the editon regard itself as a completed project (i.e. not promise further modifications and additions)?</catDesc>
                            <catDesc>
                                <num type="boolean" value="0"/>
                            </catDesc>
                        </category>
                        <category xml:id="institutional_curation">
                            <catDesc>
                                <ref target="#K4.13">cf. Catalogue 4.13</ref>
                            </catDesc>
                            <catDesc>Does the project provide information about institutional support for the curation and sustainability of the project?</catDesc>
                            <catDesc>
                                <num type="boolean" value="0"/>
                            </catDesc>
                        </category>
                    </category>
                    <category xml:id="contents">
                        <category xml:id="previous_edition">
                            <catDesc>
                                <ref target="#K2.2">cf. Catalogue 2.2</ref>
                            </catDesc>
                            <catDesc>Has the material been previously edited (in print or digitally)?</catDesc>
                            <catDesc>
                                <num type="boolean" value="0"/>
                            </catDesc>
                        </category>
                        <category xml:id="materials_used">
                            <catDesc>
                                <ref target="#K2.2">cf. Catalogue 2.2</ref>
                            </catDesc>
                            <catDesc>Does the edition make use of these previous editions?</catDesc>
                            <catDesc>
                                <num type="booleanX" value="2"/>
                            </catDesc>
                        </category>
                        <category xml:id="introduction">
                            <catDesc>
                                <ref target="#K4.15">cf. Catalogue 4.15</ref>
                            </catDesc>
                            <catDesc>Does the project offer an introduction to the subject-matter (the author(s), the work, its history, the theme, etc.) of the project?</catDesc>
                            <catDesc>
                                <num type="boolean" value="0"/>
                            </catDesc>
                        </category>
                        <category xml:id="bibliography">
                            <catDesc>
                                <ref target="#K2.3">cf. Catalogue 2.3</ref>
                            </catDesc>
                            <catDesc>Does the project offer a bibliography?</catDesc>
                            <catDesc>
                                <num type="boolean" value="1"/>
                            </catDesc>
                        </category>
                        <category xml:id="commentary">
                            <catDesc>
                                <ref target="#K2.3">cf. Catalogue 2.3</ref>
                            </catDesc>
                            <catDesc>Does the project offer a scholarly commentary (e.g. notes on unclear passages, interpretation, etc.)?</catDesc>
                            <catDesc>
                                <num type="boolean" value="1"/>
                            </catDesc>
                        </category>
                        <category xml:id="contexts">
                            <catDesc>
                                <ref target="#K2.3">cf. Catalogue 2.3</ref>
                            </catDesc>
                            <catDesc>Does the project include or link to external resources with contextual material?</catDesc>
                            <catDesc>
                                <num type="boolean" value="0"/>
                            </catDesc>
                        </category>
                        <category xml:id="images">
                            <catDesc>
                                <ref target="#K2.3">cf. Catalogue 2.3</ref>
                            </catDesc>
                            <catDesc>Does the project offer images of digitised sources?</catDesc>
                            <catDesc>
                                <num type="boolean" value="1"/>
                            </catDesc>
                        </category>
                        <category xml:id="image_quality">
                            <catDesc>
                                <ref target="#K4.6">cf. Catalogue 4.6</ref>
                            </catDesc>
                            <catDesc>Does the project offer images of an acceptable quality?</catDesc>
                            <catDesc>
                                <num type="booleanX" value="1"/>
                            </catDesc>
                        </category>
                        <category xml:id="transcriptions">
                            <catDesc>
                                <ref target="#K2.3">cf. Catalogue 2.3</ref>
                            </catDesc>
                            <catDesc> Is the text fully transcribed?</catDesc>
                            <catDesc>
                                <num type="boolean" value="1"/>
                            </catDesc>
                        </category>
                        <category xml:id="text_quality">
                            <catDesc>
                                <ref target="#K4.6">cf. Catalogue 4.6</ref>
                            </catDesc>
                            <catDesc>Does the project offer texts of an acceptable quality (typos, errors, etc.)?</catDesc>
                            <catDesc>
                                <num type="boolean" value="1"/>
                            </catDesc>
                        </category>
                        <category xml:id="indices">
                            <catDesc>
                                <ref target="#K4.5">cf. Catalogue 4.5</ref>
                            </catDesc>
                            <catDesc>Does the project feature compilations indices, registers or visualisations that offer alternative ways to access the material?</catDesc>
                            <catDesc>
                                <num type="boolean" value="1"/>
                            </catDesc>
                        </category>
                        <category xml:id="documents">
                            <category xml:id="doc_type">
                                <catDesc>
                                    <ref target="#K1.3 #K2.1">cf. Catalogue 1.3 and 2.1</ref>
                                </catDesc>
                                <catDesc>Which kinds of documents are at the basis of the project?</catDesc>
                                <category xml:id="single_manuscript">
                                    <catDesc>
                                        <num type="boolean" value="0"/>
                                    </catDesc>
                                </category>
                                <category xml:id="single_work">
                                    <catDesc>
                                        <num type="boolean" value="1"/>
                                    </catDesc>
                                </category>
                                <category xml:id="collection_of_texts">
                                    <catDesc>
                                        <num type="boolean" value="0"/>
                                    </catDesc>
                                </category>
                                <category xml:id="collected_works">
                                    <catDesc>
                                        <num type="boolean" value="0"/>
                                    </catDesc>
                                </category>
                                <category xml:id="papers">
                                    <catDesc>
                                        <num type="boolean" value="0"/>
                                    </catDesc>
                                </category>
                                <category xml:id="archival_holding">
                                    <catDesc>
                                        <num type="boolean" value="0"/>
                                    </catDesc>
                                </category>
                                <category xml:id="charters">
                                    <catDesc>
                                        <num type="boolean" value="0"/>
                                    </catDesc>
                                </category>
                                <category xml:id="letters">
                                    <catDesc>
                                        <num type="boolean" value="1"/>
                                    </catDesc>
                                </category>
                                <category xml:id="diary">
                                    <catDesc>
                                        <num type="boolean" value="0"/>
                                    </catDesc>
                                </category>
                                <category corresp="#other">
                                    <catDesc>
                                        <num type="boolean" value="0"/>
                                    </catDesc>
                                    <category corresp="#free">
                                        <gloss/>
                                    </category>
                                </category>
                            </category>
                            <category xml:id="doc_time">
                                <catDesc>
                                    <ref target="#K1.3 #K2.1">cf. Catalogue 1.3 and 2.1</ref>
                                </catDesc>
                                <catDesc>What era(s) do the documents belong to?</catDesc>
                                <category xml:id="classics">
                                    <catDesc>
                                        <num type="boolean" value="0"/>
                                    </catDesc>
                                </category>
                                <category xml:id="medieval">
                                    <catDesc>
                                        <num type="boolean" value="0"/>
                                    </catDesc>
                                </category>
                                <category xml:id="early_modern">
                                    <catDesc>
                                        <num type="boolean" value="0"/>
                                    </catDesc>
                                </category>
                                <category xml:id="modern">
                                    <catDesc>
                                        <num type="boolean" value="1"/>
                                    </catDesc>
                                </category>
                            </category>
                        </category>
                        <category xml:id="subject">
                            <catDesc>
                                <ref target="#K1.3">cf. Catalogue 1.3</ref>
                            </catDesc>
                            <catDesc>Which perspective(s) do the editors take towards the edited material? How can the edition be classified in general terms?</catDesc>
                            <category xml:id="history">
                                <catDesc>
                                    <num type="boolean" value="0"/>
                                </catDesc>
                            </category>
                            <category xml:id="philology_literary_studies">
                                <catDesc>
                                    <num type="boolean" value="0"/>
                                </catDesc>
                            </category>
                            <category xml:id="philosophy_theology">
                                <catDesc>
                                    <num type="boolean" value="0"/>
                                </catDesc>
                            </category>
                            <category xml:id="history_of_science">
                                <catDesc>
                                    <num type="boolean" value="0"/>
                                </catDesc>
                            </category>
                            <category xml:id="musicology">
                                <catDesc>
                                    <num type="boolean" value="1"/>
                                </catDesc>
                            </category>
                            <category xml:id="art_history">
                                <catDesc>
                                    <num type="boolean" value="0"/>
                                </catDesc>
                            </category>
                            <category corresp="#other">
                                <catDesc>
                                    <num type="boolean" value="0"/>
                                </catDesc>
                                <category corresp="#free">
                                    <gloss/>
                                </category>
                            </category>
                        </category>
                    </category>
                    <category xml:id="presentation">
                        <category xml:id="spin_offs">
                            <catDesc>
                                <ref target="#K4.11">cf. Catalogue 4.11</ref>
                            </catDesc>
                            <catDesc>Does the project offer any spin-offs?</catDesc>
                            <category xml:id="app">
                                <catDesc>
                                    <num type="boolean" value="0"/>
                                </catDesc>
                            </category>
                            <category xml:id="mobile">
                                <catDesc>
                                    <num type="boolean" value="0"/>
                                </catDesc>
                            </category>
                            <category xml:id="PDF">
                                <catDesc>
                                    <num type="boolean" value="0"/>
                                </catDesc>
                            </category>
                            <category corresp="#other">
                                <catDesc>
                                    <num type="boolean" value="0"/>
                                </catDesc>
                                <category corresp="#free">
                                    <gloss/>
                                </category>
                            </category>
                            <category corresp="#none">
                                <catDesc>
                                    <num type="boolean" value="1"/>
                                </catDesc>
                            </category>
                        </category>
                        <category xml:id="browse_by">
                            <catDesc>
                                <ref target="#K4.3">cf. Catalogue 4.3</ref>
                            </catDesc>
                            <catDesc>By which categories does the project offer to browse the contents?</catDesc>
                            <category xml:id="authors">
                                <catDesc>
                                    <num type="boolean" value="1"/>
                                </catDesc>
                            </category>
                            <category xml:id="works">
                                <catDesc>
                                    <num type="boolean" value="1"/>
                                </catDesc>
                            </category>
                            <category xml:id="versions">
                                <catDesc>
                                    <num type="boolean" value="0"/>
                                </catDesc>
                            </category>
                            <category xml:id="structure">
                                <catDesc>
                                    <num type="boolean" value="0"/>
                                </catDesc>
                            </category>
                            <category xml:id="pages">
                                <catDesc>
                                    <num type="boolean" value="0"/>
                                </catDesc>
                            </category>
                            <category xml:id="browse_by_documents">
                                <catDesc>
                                    <num type="boolean" value="0"/>
                                </catDesc>
                            </category>
                            <category xml:id="type_of_material">
                                <catDesc>
                                    <num type="boolean" value="0"/>
                                </catDesc>
                            </category>
                            <category xml:id="browse_by_images">
                                <catDesc>
                                    <num type="boolean" value="0"/>
                                </catDesc>
                            </category>
                            <category xml:id="dates">
                                <catDesc>
                                    <num type="boolean" value="0"/>
                                </catDesc>
                            </category>
                            <category xml:id="persons">
                                <catDesc>
                                    <num type="boolean" value="1"/>
                                </catDesc>
                            </category>
                            <category xml:id="places">
                                <catDesc>
                                    <num type="boolean" value="1"/>
                                </catDesc>
                            </category>
                            <category corresp="#other">
                                <catDesc>
                                    <num type="boolean" value="0"/>
                                </catDesc>
                                <category corresp="#free">
                                    <gloss/>
                                </category>
                            </category>
                        </category>
                    </category>
                    <category xml:id="search">
                        <category xml:id="simple">
                            <catDesc>
                                <ref target="#K4.4">cf. Catalogue 4.4</ref>
                            </catDesc>
                            <catDesc>Does the project offer a simple search?</catDesc>
                            <catDesc>
                                <num type="boolean" value="1"/>
                            </catDesc>
                        </category>
                        <category xml:id="advanced">
                            <catDesc>
                                <ref target="#K4.4">cf. Catalogue 4.4</ref>
                            </catDesc>
                            <catDesc>Does the project offer an advanced search?</catDesc>
                            <catDesc>
                                <num type="boolean" value="0"/>
                            </catDesc>
                        </category>
                        <category xml:id="wildcard">
                            <catDesc>
                                <ref target="#K4.4">cf. Catalogue 4.4</ref>
                            </catDesc>
                            <catDesc>Does the search support the use of wildcards?</catDesc>
                            <catDesc>
                                <num type="booleanX" value="2"/>
                            </catDesc>
                        </category>
                        <category xml:id="index">
                            <catDesc>
                                <ref target="#K4.4">cf. Catalogue 4.4</ref>
                            </catDesc>
                            <catDesc>Does the search offer an index of the searched field?</catDesc>
                            <catDesc>
                                <num type="booleanX" value="0"/>
                            </catDesc>
                        </category>
                        <category xml:id="suggest">
                            <catDesc>
                                <ref target="#K4.4">cf. Catalogue 4.4</ref>
                            </catDesc>
                            <catDesc>Does the search offer autocompletion or suggest functionalities?</catDesc>
                            <catDesc>
                                <num type="booleanX" value="0"/>
                            </catDesc>
                        </category>
                        <category xml:id="helptext">
                            <catDesc>
                                <ref target="#K4.4">cf. Catalogue 4.4</ref>
                            </catDesc>
                            <catDesc>Does the project offer help texts for the search?</catDesc>
                            <catDesc>
                                <num type="booleanX" value="0"/>
                            </catDesc>
                        </category>
                    </category>
                    <category xml:id="aim">
                        <category xml:id="audience">
                            <catDesc>
                                <ref target="#K3.3">cf. Catalogue 3.3</ref>
                            </catDesc>
                            <catDesc>Who is the intended audience of the project?</catDesc>
                            <category xml:id="scholars">
                                <catDesc>
                                    <num type="boolean" value="1"/>
                                </catDesc>
                            </category>
                            <category xml:id="interested_public">
                                <catDesc>
                                    <num type="boolean" value="0"/>
                                </catDesc>
                            </category>
                        </category>
                        <category xml:id="typology">
                            <catDesc>
                                <ref target="#K3.3 #K5.1">cf. Catalogue 3.3 and 5.1</ref>
                            </catDesc>
                            <catDesc>Which type fits best for the reviewed project?</catDesc>
                            <category xml:id="facsimile_edition">
                                <catDesc>
                                    <num type="boolean" value="0"/>
                                </catDesc>
                            </category>
                            <category xml:id="archive_edition">
                                <catDesc>
                                    <num type="boolean" value="0"/>
                                </catDesc>
                            </category>
                            <category xml:id="documentary_edition">
                                <catDesc>
                                    <num type="boolean" value="0"/>
                                </catDesc>
                            </category>
                            <category xml:id="diplomatic_edition">
                                <catDesc>
                                    <num type="boolean" value="0"/>
                                </catDesc>
                            </category>
                            <category xml:id="genetic_edition">
                                <catDesc>
                                    <num type="boolean" value="0"/>
                                </catDesc>
                            </category>
                            <category xml:id="work_critical_edition">
                                <catDesc>
                                    <num type="boolean" value="0"/>
                                </catDesc>
                            </category>
                            <category xml:id="text_critical_edition">
                                <catDesc>
                                    <num type="boolean" value="0"/>
                                </catDesc>
                            </category>
                            <category xml:id="enriched_edition">
                                <catDesc>
                                    <num type="boolean" value="1"/>
                                </catDesc>
                            </category>
                            <category xml:id="database_edition">
                                <catDesc>
                                    <num type="boolean" value="0"/>
                                </catDesc>
                            </category>
                            <category xml:id="digital_library">
                                <catDesc>
                                    <num type="boolean" value="0"/>
                                </catDesc>
                            </category>
                            <category xml:id="typology_collection_of_texts">
                                <catDesc>
                                    <num type="boolean" value="0"/>
                                </catDesc>
                            </category>
                            <category corresp="#other">
                                <catDesc>
                                    <num type="boolean" value="0"/>
                                </catDesc>
                                <category corresp="#free">
                                    <gloss/>
                                </category>
                            </category>
                            <category corresp="#none">
                                <catDesc>
                                    <num type="boolean" value="0"/>
                                </catDesc>
                            </category>
                        </category>
                    </category>
                    <category xml:id="method">
                        <catDesc rend="label">Method</catDesc>
                        <category xml:id="critical_editing">
                            <catDesc>
                                <ref target="#K3.6">cf. Catalogue 3.6</ref>
                            </catDesc>
                            <catDesc>In how far is the text critically edited?</catDesc>
                            <category xml:id="transmission_examined">
                                <catDesc>
                                    <num type="boolean" value="0"/>
                                </catDesc>
                            </category>
                            <category xml:id="palaeographic_annotations">
                                <catDesc>
                                    <num type="boolean" value="0"/>
                                </catDesc>
                            </category>
                            <category xml:id="normalization">
                                <catDesc>
                                    <num type="boolean" value="1"/>
                                </catDesc>
                            </category>
                            <category xml:id="variants">
                                <catDesc>
                                    <num type="boolean" value="0"/>
                                </catDesc>
                            </category>
                            <category xml:id="emendation">
                                <catDesc>
                                    <num type="boolean" value="1"/>
                                </catDesc>
                            </category>
                            <category xml:id="commentary_notes">
                                <catDesc>
                                    <num type="boolean" value="1"/>
                                </catDesc>
                            </category>
                            <category corresp="#other">
                                <catDesc>
                                    <num type="boolean" value="0"/>
                                </catDesc>
                                <category corresp="#free">
                                    <gloss/>
                                </category>
                            </category>
                            <category corresp="#none">
                                <catDesc>
                                    <num type="boolean" value="0"/>
                                </catDesc>
                            </category>
                        </category>
                        <category xml:id="standards">
                            <catDesc>
                                <ref target="#K3.7">cf. Catalogue 3.7</ref>
                            </catDesc>
                            <category xml:id="XML">
                                <catDesc>Is the data encoded in XML?</catDesc>
                                <catDesc>
                                    <num type="boolean" value="1"/>
                                </catDesc>
                            </category>
                            <category xml:id="standardized_data_model">
                                <catDesc>
                                    <num type="boolean" value="1"/>
                                </catDesc>
                                <catDesc>Is the project employing a standardized data model (e.g. TEI)?</catDesc>
                            </category>
                        </category>
                        <category xml:id="text_type">
                            <catDesc>
                                <ref target="#K3.5">cf. Catalogue 3.5.</ref>
                            </catDesc>
                            <catDesc>Which kinds or forms of text are presented?</catDesc>
                            <category xml:id="facsimiles">
                                <catDesc>
                                    <num type="boolean" value="1"/>
                                </catDesc>
                            </category>
                            <category xml:id="diplomatic_transcription">
                                <catDesc>
                                    <num type="boolean" value="1"/>
                                </catDesc>
                            </category>
                            <category xml:id="edited_text">
                                <catDesc>
                                    <num type="boolean" value="1"/>
                                </catDesc>
                            </category>
                            <category xml:id="translations">
                                <catDesc>
                                    <num type="boolean" value="0"/>
                                </catDesc>
                            </category>
                            <category xml:id="commentaries">
                                <catDesc>
                                    <num type="boolean" value="1"/>
                                </catDesc>
                            </category>
                            <category xml:id="semantic_data">
                                <catDesc>
                                    <num type="boolean" value="0"/>
                                </catDesc>
                            </category>
                        </category>
                    </category>
                    <category xml:id="technical_accessability">
                        <category xml:id="persistent_identification">
                            <catDesc>
                                <ref target="#K4.8">cf. Catalogue 4.8</ref>
                            </catDesc>
                            <catDesc>Are there persistent identifiers and an addressing system for the
                                                edition and/or parts/objects of it and which mechanism is used to
                                                that end?</catDesc>
                            <category xml:id="DOI">
                                <catDesc>
                                    <num type="boolean" value="0"/>
                                </catDesc>
                            </category>
                            <category xml:id="ARK">
                                <catDesc>
                                    <num type="boolean" value="0"/>
                                </catDesc>
                            </category>
                            <category xml:id="URN">
                                <catDesc>
                                    <num type="boolean" value="0"/>
                                </catDesc>
                            </category>
                            <category xml:id="PURL.ORG">
                                <catDesc>
                                    <num type="boolean" value="0"/>
                                </catDesc>
                            </category>
                            <category corresp="#other">
                                <catDesc>
                                    <num type="boolean" value="0"/>
                                </catDesc>
                                <category corresp="#free">
                                    <gloss/>
                                </category>
                            </category>
                            <category xml:id="persistent_URLs">
                                <catDesc>
                                    <num type="boolean" value="1"/>
                                </catDesc>
                            </category>
                            <category corresp="#none">
                                <catDesc>
                                    <num type="boolean" value="0"/>
                                </catDesc>
                            </category>
                        </category>
                        <category xml:id="interfaces">
                            <catDesc>
                                <ref target="#K4.9">cf. Catalogue 4.9</ref>
                            </catDesc>
                            <catDesc>Are there technical interfaces like OAI-PMH, REST etc., which allow the reuse of the data of the project in other contexts?</catDesc>
                            <category xml:id="OAI-PMH">
                                <catDesc>
                                    <num type="boolean" value="0"/>
                                </catDesc>
                            </category>
                            <category xml:id="REST">
                                <catDesc>
                                    <num type="boolean" value="0"/>
                                </catDesc>
                            </category>
                            <category xml:id="general_API">
                                <catDesc>
                                    <num type="boolean" value="0"/>
                                </catDesc>
                            </category>
                            <category corresp="#other">
                                <catDesc>
                                    <num type="boolean" value="0"/>
                                </catDesc>
                                <category corresp="#free">
                                    <gloss/>
                                </category>
                            </category>
                            <category corresp="#none">
                                <catDesc>
                                    <num type="boolean" value="1"/>
                                </catDesc>
                            </category>
                        </category>
                        <category xml:id="open_access">
                            <catDesc>Is the edition Open Access?</catDesc>
                            <catDesc>
                                <num type="boolean" value="1"/>
                            </catDesc>
                        </category>
                        <category xml:id="basic_data_accessible">
                            <catDesc>
                                <ref target="#K4.12">cf. Catalogue 4.12</ref>
                            </catDesc>
                            <catDesc>Is the basic data (e.g. the XML) of the project accessible for each part of the edition (e.g. for a page)?</catDesc>
                            <catDesc>
                                <num type="boolean" value="1"/>
                            </catDesc>
                        </category>
                        <category xml:id="download">
                            <catDesc>
                                <ref target="#K4.9">cf. Catalogue 4.9</ref>
                            </catDesc>
                            <catDesc>Can the entire raw data of the project be downloaded (as a whole)?</catDesc>
                            <catDesc>
                                <num type="boolean" value="1"/>
                            </catDesc>
                        </category>
                        <category xml:id="reuse">
                            <catDesc>
                                <ref target="#K4.9">cf. Catalogue 4.9</ref>
                            </catDesc>
                            <catDesc>Can you use the data with other tools useful for this kind of content?</catDesc>
                            <catDesc>
                                <num type="boolean" value="1"/>
                            </catDesc>
                        </category>
                        <category xml:id="rights">
                            <category xml:id="declared">
                                <catDesc>
                                    <ref target="#K4.13">cf. Catalogue 4.13</ref>
                                </catDesc>
                                <catDesc>Are the rights to (re)use the content declared?</catDesc>
                                <catDesc>
                                    <num type="boolean" value="1"/>
                                </catDesc>
                            </category>
                            <category xml:id="license">
                                <catDesc>
                                    <ref target="#K4.13">cf. Catalogue 4.13</ref>
                                </catDesc>
                                <catDesc>Under what license are the contents released?</catDesc>
                                <category xml:id="CC0">
                                    <catDesc>
                                        <num type="boolean" value="0"/>
                                    </catDesc>
                                </category>
                                <category xml:id="CC-BY">
                                    <catDesc>
                                        <num type="boolean" value="0"/>
                                    </catDesc>
                                </category>
                                <category xml:id="CC-BY-ND">
                                    <catDesc>
                                        <num type="boolean" value="0"/>
                                    </catDesc>
                                </category>
                                <category xml:id="CC-BY-NC">
                                    <catDesc>
                                        <num type="boolean" value="0"/>
                                    </catDesc>
                                </category>
                                <category xml:id="CC-BY-SA">
                                    <catDesc>
                                        <num type="boolean" value="0"/>
                                    </catDesc>
                                </category>
                                <category xml:id="CC-BY-NC-ND">
                                    <catDesc>
                                        <num type="boolean" value="0"/>
                                    </catDesc>
                                </category>
                                <category xml:id="CC-BY-NC-SA">
                                    <catDesc>
                                        <num type="boolean" value="1"/>
                                    </catDesc>
                                </category>
                                <category xml:id="PDM">
                                    <catDesc>
                                        <num type="boolean" value="0"/>
                                    </catDesc>
                                </category>
                                <category corresp="#other">
                                    <catDesc>
                                        <num type="boolean" value="0"/>
                                    </catDesc>
                                    <category corresp="#free">
                                        <gloss/>
                                    </category>
                                </category>
                                <category xml:id="no_license">
                                    <catDesc>
                                        <num type="boolean" value="0"/>
                                    </catDesc>
                                </category>
                                <category xml:id="multiple_licenses">
                                    <catDesc>
                                        <num type="boolean" value="0"/>
                                    </catDesc>
                                </category>
                            </category>
                        </category>
                    </category>
                </taxonomy>
            </classDecl>
        </encodingDesc>
    </teiHeader>
    <text>
        <body>
                <div type="abstract">
                    <p><emph>Ferruccio Busoni – Briefe und Schriften </emph>is
                        a digital scholarly edition of letters and other writings from the literary
                        estate of the Italian composer Ferruccio Busoni (1866-1924). It aims to
                        transcribe and richly encode these documents as well as publish them along with a
                        critical apparatus and digital facsimiles. The project is currently work in progress – at the moment of this review – 
                        and successfully functions as a community
                        project with contributions from university students. Despite minor
                        shortcomings which are perfectly normal for a project in this stage, the
                        Busoni edition leaves an excellent overall impression and stands out in
                        regard to data quality and standards compliance.</p>
                </div>
                <div type="text"><div type="div2">
                    <head>Introduction</head>
                    <p n="1">In late 2015, as part of a seminar at the Institute of Musicology, students
                        of the Humboldt University in Berlin started working on a digital edition of
                        documents from Ferruccio Busoni’s literary estate, kept by the Berlin State
                        Library. It is by no means a coincidence that the Busoni edition came about
                        in Berlin. The Italian composer and pianist owned an apartment in Schöneberg
                        and lived there intermittently during the second half of his life. </p>
                </div>
                <div type="div2">
                    <head>The project and its goals</head>
                    <figure><head>Fig. 1: The three default document view options, side by side</head><graphic url="wp-content/uploads/issue_12/busoni-nachlass/pictures/picture-1.png"/></figure>
                    <p n="2">The digital edition, coordinated by Christian Schaper and Ullrich Scheideler,
                        was developed, as already mentioned, with substantial help from students of
                        the Humboldt University. At the time of this review it’s unclear from the
                        project description if the edition is still an active work in progress or is
                        in stagnation after expiry of the funding period. Funding was provided since
                        2015 by the Academic Senate of the Humboldt University. The project aims to
                        publish Busoni’s letter exchange with seven correspondents (insofar as
                        preserved and available), and several documents pertaining to his essay
                        <emph>Entwurf einer neuen Ästhetik der Tonkunst </emph>(1916).
                        The presentation layer of the transcribed and encoded documents aims to
                        provide three view options (facsimile, diplomatic and reading version, see
                        fig. 1), complemented by an extensive critical apparatus.</p>
                    <p n="3">It’s worth mentioning that the Busoni digital edition refers to two other
                        well known projects as sources of inspiration, both conceptually and
                        technically: <emph>Briefe und Texte aus dem
                            intellektuellen Berlin um 1800</emph><note xml:id="ftn1" n="1"> Briefe und Texte aus dem intellektuellen Berlin um 1800. <ptr target="https://web.archive.org/web/20200201101652/https://www.berliner-intellektuelle.eu/"/>  (German)</note>
                        and the <emph>Carl Maria von Weber-Gesamtausgabe</emph><note xml:id="ftn2" n="2"> Carl-Maria-von-Weber-Gesamtausgabe. Digitale Edition. <ptr target="https://web.archive.org/web/20190421060849/https://www.weber-gesamtausgabe.de/de/Index"/> (German)</note>
                        (WeGA). This particularly applies for the edition guidelines and the
                        technical implementation of the Busoni web app. It’s refreshing and
                        inspiring to see a digital scholarly edition emerging as a collaborative
                        academic community project carried out (technically and content-wise) by
                        students and very transparently taking influence from mature, established
                        projects of similar nature.<note xml:id="ftn3" n="3"> Ferruccio Busoni – Briefe und Schriften. Projektbeschreibung. <ptr target="https://web.archive.org/web/20200201103054/https://busoni-nachlass.org/de/Projekt/Projektbeschreibung"/>  (German)</note>
                        The reuse by the Busoni edition testifies to the quality of the WeGA-App and its documentation and sets a laudable precedent for future
                        projects. It shows that projects with limited resources can profit from the
                        outcomes of projects which can afford investing in elaborate software
                        solutions, provided the latter follow established standards and best
                            practices<note xml:id="ftn4" n="4"> Wilson, Greg, Jennifer Bryan, Karen Cranston, Justin Kitzes, Lex Nederbragt and Tracy K. Teal. 2017. Good enough practices in scientific computing. PLoS Comput Biol 13(6). <ptr target="https://doi.org/10.1371/journal.pcbi.1005510"/>.</note> for research
                        software documentation and publishing.</p>
                </div>
                <div type="div2">
                    <head>Technology and data model</head>
                    <p n="4">The current web app was released in September 2018 and supersedes an older,
                        technologically and functionally more modest version. The old app relied on
                        generating static HTML via XSLT stylesheets. The new one is a dynamic
                        eXist-db app forked, as previously mentioned, from the WeGA-App developed by
                        Peter Stadler. The project most certainly profited substantially from this
                        transition, considering the inherent limitations of a static website. It is,
                        however, unfortunate that the old version has not been retained either online
                        as an archived and referenceable publication or simply in the form of a
                        publicly available Git repository.</p>
                    <p n="5">While the project generally does an excellent job of documenting itself, it
                        remains unclear from the project description and edition guidelines how the
                        data input is carried out. A rough description of the workflow and tools used to
                        input and mark up the data would be a helpful addition to the project
                        documentation.</p>
                    <p n="6">The data model of the Busoni edition is TEI P5 compliant and thoroughly
                        documented in the edition guidelines<note xml:id="ftn5" n="5"> Ferruccio Busoni – Briefe und Schriften. Editionsrichtlinien. <ptr target="https://web.archive.org/web/20200201111118/https://busoni-nachlass.org/de/Projekt/Editionsrichtlinien"/> (German)</note>.
                        Each document and entity of the edition is referenceable by using a system
                        of internal, semantic identifiers which leverage a set of prefixes
                        documented in the guidelines. Authority file URIs are provided for named
                        entities, and correspondence metadata is encoded in close accordance with
                        the TEI correspondence description standard<note xml:id="ftn6" n="6"> TEI P5: Guidelines for Electronic Text Encoding and Interchange, Section 2.4.6. Correspondence Description, version 3.6.0, <ptr target="https://tei-c.org/release/doc/tei-p5-doc/en/html/HD.html#HD44CD"/></note>.
                        The fact that the edition does not provide an API for publishing its
                        correspondence metadata in CMI format<note xml:id="ftn7" n="7"> Dumont, Stefan, Ingo Börner, Dominik Leipold, Jonas Müller-Laackman, Gerlinde Schneider. 2019. Correspondence Metadata Interchange Format, in: Encoding Correspondence. A Manual for Encoding Letters and Postcards in TEI-XML and DTABf, ed. by Stefan Dumont, Susanne Haaf and Sabine Seifert. <ptr target="https://encoding-correspondence.bbaw.de/v1/CMIF.html"/>.
                            </note> is a significant drawback. However, the Busoni edition manages to implement established standards for digital scholarly editions of
                        letters in an almost exemplary manner. The metadata also includes a detailed
                        revision history, documenting the authorship, date and content of each
                        processing step.</p>
                    <p n="7">The text is transcribed diplomatically and is complemented by
                        normalized orthography and punctuation. Normalized text phenomena are
                        used for generating the reading view in the web app. The manuscript layout
                        is encoded in detail, including line breaks, alignment and rotation. Indices
                        are provided for a fairly standard set of entities: places, people,
                        institutions, and writings. Letters, the dominant type of edited documents,
                        include a summary. The Busoni edition takes on the task of implementing an
                        overall ambitious data model and so far has succeeded in doing so.</p>
                </div>
                <div type="div2">
                    <head>User interface</head>
                    <figure><head>Fig. 2: An example document view for a letter in a narrow
                        viewport</head><graphic url="wp-content/uploads/issue_12/busoni-nachlass/pictures/picture-2.png"/></figure>
                    <p n="8">At first glance, the design of the presentation layer manages to make a
                        fairly conservative impression without necessarily appearing outdated.
                        Navigation is easy and intuitive on a device with a large viewport. On
                        smaller viewports, the layout of the web app starts exhibiting minor bugs,
                        showing that it is not thoroughly optimized for such screen sizes, despite
                        being responsive thanks to Bootstrap (see fig. 2). This however shouldn’t be
                        seen as a setback, considering the target audience of such a publication
                        will most probably use a large screen when consulting the web app for
                        research purposes. The interface of the Busoni edition has been bilingual (German
                        and English) since the last release of the app in 2018. While the intention
                        of publishing a bilingual interface is definitely worth praising, English
                        translations for important pages (e.g. project description and edition
                        guidelines, referenced above) are missing from the web app at the time of
                        this review.</p>
                    <figure><head>Fig. 3: The overview page showing an index of all letters covered by the
                        edition</head><graphic url="wp-content/uploads/issue_12/busoni-nachlass/pictures/picture-3.png"/></figure>
                    <figure><head>Fig. 4: The search results page with details (including KWIC) toggled
                        on</head><graphic url="wp-content/uploads/issue_12/busoni-nachlass/pictures/picture-4.png"/></figure>
                                        <p n="9">As in most editions the edited documents can be accessed either via an index
                        page with a filterable list (see fig. 3) or via fulltext search (see fig.
                        4). By using the navigation bar on top, one can also navigate directly to an
                        overview of a certain letter exchange with one of the six correspondents.
                        Either way, the list indicates the processing status of each document with
                        an icon and a tooltip, a very welcome feature for work in progress. The
                        list on the overview page includes several filters for the usual metadata
                        used in such cases (author, addressee, place of origin etc.). Among them the
                        date filter stands out, being implemented as a large slider which spans
                        horizontally along almost the whole width of the viewport, reminding vaguely
                        of a similar widget used for the same purpose in the <emph>Alfred Escher-Briefedition</emph><note xml:id="ftn8" n="8">Digitale Briefedition Alfred Escher. Briefe. <ptr target="https://web.archive.org/web/20200201114126/https://www.briefedition.alfred-escher.ch/briefe/"/> (German)</note>.
                        The search queries performed by setting filters on the overview page are
                        referenceable by URL thanks to the usage of query parameters.</p>
                    <figure><head>Fig. 5: Commentary popover example from letter D0100001</head><graphic url="wp-content/uploads/issue_12/busoni-nachlass/pictures/picture-5.png"/></figure>
                                        <p n="10">The detailed view for each letter by default offers a vertically tiled
                        three-part view with a facsimile, diplomatic transcription and reading version. Textual
                        commentary and details for each named entity marked up in the text can be accessed
                        through popover dialogs (see fig. 5) signaled by small icons in
                        the transcribed text and by dotted underlining, respectively. An XML view of
                        the letter body can optionally be interposed as a fourth column. This
                        arrangement, even in the default three-column version, appears quite dense,
                        an impression highlighted by the typesetting choices for the diplomatic and
                        reading views. The very small font size (&lt; 1 em) makes the reading
                        experience far from effortless. This leaves the impression of a costly
                        compromise made to retain the ability of fitting at least three display
                        versions simultaneously on the same page.</p>
                    
                    <p n="11">While the typographic choices might not be optimal, yet, the overall layout
                        and structure of the document view is well thought through and easy to use. Any
                        combination of display versions can be configured using a set of toggles in
                        a dropdown menu. Document metadata and a list of mentioned entities are
                        hidden in easily accessible dialogs. The facsimile view uses the
                        OpenSeadragon viewer<note xml:id="ftn9" n="9">
                                <ptr target="https://web.archive.org/web/20200201114734/https://openseadragon.github.io/"/>
                            </note> to display high quality, high resolution images, most of
                        which are provided by the Berlin State Library. As an explicitly
                        experimental feature, the Busoni edition offers a fairly rough PDF export
                        for each edited document, based on the reading version of the transcribed
                        text.</p>
                    <p n="12">The fulltext search feature can be used on edited documents and/or indices.
                        Keywords in context for the search results can be toggled on optionally. A
                        search query with the KWIC supplement activated is perceptibly sluggish and
                        confusingly mixes in certain keywords which the user did not input for a
                        specific search query. While a basic functionality is already available, the
                        fulltext search most certainly leaves room for improvement regarding
                        performance and precision.</p>
                    <p n="13">From a user perspective, the separation of the fulltext search functionality
                        from the overview page with metadata filters seems very impractical. Being
                        able to use these features simultaneously to query for documents would
                        enable the user to leverage the specific advantages of a digital edition
                        much better. For instance one could carry out a fulltext search and subsequently
                        reduce the search results by specifying an addressee or a timespan. If
                        this separation is not due to any substantial technical obstacles, it might
                        be worth considering merging the functionalities of these two pages in a
                        future version, if the project resources allocated to web development allow
                        it, of course.</p>
                    <figure><head>Fig. 6: The person detail page for ancient Greek tragedian Aeschylus</head><graphic url="wp-content/uploads/issue_12/busoni-nachlass/pictures/picture-6.png"/></figure>
                    <p n="14">The detail pages dedicated to index entities (places, people etc.) contain
                        rich metadata and links to documents in which the respective entity was
                        mentioned (see fig. 6). Places include geographic coordinates and URIs for two
                        authority files (<emph>Gemeinsame Normdatei</emph> and <emph>GeoNames</emph>). The place index of the
                        Busoni edition does not include a map widget and justifiably so, considering
                        that a map widget mostly fulfills the role of an aesthetically pleasing
                        gimmick more than a functionally relevant tool in the context of presenting
                        a single geographic entity. There are however external links to <emph>Google Maps</emph>
                        and <emph>Open Street Maps</emph> for the purpose of seeing the position of the geographic
                        coordinates on a map. The detail pages for persons and institutions have
                        also been enriched with several authority file URIs and customary
                        biographical metadata. These pages are also complemented by an additional
                        tab with external data embedded from sources like <emph>Wikipedia</emph> or the
                        <emph>Gemeinsame Normdatei (GND)</emph>, where applicable.</p>
                    
                    
                </div>
                <div type="div2">
                    <head>Research data</head>
                    <figure><head>Fig. 7: Citation suggestion model for letter D0100058</head><graphic url="wp-content/uploads/issue_12/busoni-nachlass/pictures/picture-7.png"/></figure>
                    <p n="15">Every page of the Busoni web app offers a full citation suggestion for itself
                        and is available in TEI XML format (see fig. 7). Interestingly, this applies
                        not only for the edited documents, but for every single page of the app,
                        meaning that even pages such as the imprint or the project description
                        include a citation snippet for themselves and can be exported as TEI XML
                        documents. The edited documents also include the processing status and the
                        corresponding date in the citation suggestion, making up for the lack of
                        data versioning in the web app. This entire feature ensures the excellent
                        citability and scholarly usability of the Busoni edition.</p>
                    <p n="16">Another aspect which makes up for the lack of a data versioning in the web
                        app is the fact that the entire corpus of TEI XML encoded documents are made
                        publicly available as a repository on the university GitLab.<note xml:id="ftn10" n="10"> Please note that the GitLab link in the project description page points to a publicly inaccessible repository at the time of this review. A publicly accessible repository containing the edition data seems to be located at <ptr target="https://scm.cms.hu-berlin.de/busoni-schriften/busoni-data-public"/>. </note>
                        The repository directly reflects the current status of the research data as work
                        in progress and offers full transparency regarding each processing step. A
                        further GitLab repository containing the fork of the WeGa-App<note xml:id="ftn11" n="11">
                                <ptr target="https://scm.cms.hu-berlin.de/busoni-schriften/WeGA-WebApp-lib"/>
                            </note> is also publicly available at the time of this review but
                        not linked in any way from the project description or any other page of the
                        website.</p>
                    <p n="17">The research data quality of the Busoni edition is satisfyingly high.
                        In addition to the aforementioned aspects, the edition dataset offers
                        extensive metadata, has an open license (CC BY-NC-SA 4.0), is interoperable,
                        thoroughly documented and highly accessible for manual use via downloading
                        individual documents or the Git repository containing the data. It's a downside
                        that the edition lacks machine readability and should facilitate it by offering
                        the data as a public web service (a feature already implemented in the
                        related <emph>Weber-Gesamtausgabe</emph>).</p>
                </div>
                <div type="div2">
                    <head>Conclusion</head>
                    <p n="18">The Busoni edition is a remarkable digital publication, considering the
                        context in which it emerged and the fact that it is partly realised by
                        students as part of learning the craft of digital scholarly editing. For an undertaking of this nature, the
                        project aims for very high standards and manages to fulfill most of them so far and leave a fairly good impression
                        ahead of its completion. The data model and its implementation are rich and
                        tidy, and the interface has plenty of useful functionalities despite still
                        being rough around the edges. The project is well documented through its
                        edition guidelines and is well citable. Sadly, the project description
                        currently seems to suggest a stagnation of the efforts to finalize the
                        editorial work.</p>
                    <p n="19">The work done by the students, student employees and coordinators of the
                        project is definitely praiseworthy despite its imperfections and can be seen
                        as exemplary for future projects aiming to build a digital scholarly edition
                        by embedding its workflow in an academic curriculum. There are, however,
                        several aspects of the edition (e.g. suboptimal text layout, faulty
                        fulltext search, no web APIs etc.) that still need to be addressed in order
                        to meet the requirements of a modern digital scholarly edition.</p>
                </div>
            </div>
        </body>
    </text>
</TEI>