<?xml version="1.0" encoding="UTF-8"?>
<TEI xmlns="http://www.tei-c.org/ns/1.0" xmlns:xsi="http://www.w3.org/2001/XMLSchema-instance"
  xsi:schemaLocation="http://www.tei-c.org/ns/1.0 http://ride.i-d-e.de/wp-content/uploads/schema/ride.xsd">
  <teiHeader>
    <fileDesc>
      <titleStmt>
        <title>Review of 'CELT - Corpus of Electronic texts'</title>
        <respStmt>
          <resp>author</resp>
          <name>
            <persName>
              <forename>Turlough</forename>
              <surname>O'Riordan</surname>
            </persName>
            <affiliation>
              <orgName>Royal Irish Academy</orgName>
              <placeName>Dublin, Ireland</placeName>
            </affiliation>
            <email>t.oriordan (at) ria.ie</email>
          </name>
        </respStmt>
      </titleStmt>
      <publicationStmt>
        <publisher>Institut f&#xFC;r Dokumentologie und Editorik</publisher>
        <date when="2017-09">September 2017</date>
        <idno type="issue">6</idno>
        <idno type="URI">http://ride.i-d-e.de/issue-6/CELT</idno>
        <idno type="DOI">10.18716/ride.a.6.1</idno>
        <availability>
          <licence>
            <ref target="http://creativecommons.org/licenses/by/4.0/"/>
          </licence>
        </availability>
      </publicationStmt>
      <notesStmt>
        <relatedItem>
          <biblStruct>
            <monogr>
              <title xml:id="resource_title">CELT - Corpus of Electronic texts</title>
              <editor xml:id="resource_editors">Hiram Morgan</editor>
              <respStmt>
                <resp>Editor</resp>
                <persName>
                  <name>Hiram Morgan</name>
                </persName>
              </respStmt>
              <imprint>
                <date xml:id="resource_date_publication">1997</date>
              </imprint>
            </monogr>
            <idno xml:id="resource_uri">http://celt.ucc.ie/</idno>
          </biblStruct>
        </relatedItem>
        <note>
          <date xml:id="resource_date_access">2017-05-31</date>
        </note>
      </notesStmt>
      <sourceDesc>
        <p>Auf der Basis von
            <ref>http://www.i-d-e.de/publikationen/weitereschriften/criteria-text-collections-version-1-0</ref>
        </p>
      </sourceDesc>
    </fileDesc>
    <encodingDesc>
      <classDecl>
        <taxonomy
          xml:base="https://www.i-d-e.de/publikationen/weitereschriften/criteria-text-collections-version-1-0/">
          <category xml:id="general_information">
            <category xml:id="bibl_desc">
              <catDesc>
                <ref target="#K1.1">cf. Catalogue 1.1</ref>
              </catDesc>
              <catDesc>Can the text collection be identified in terms similar to traditional
                bibliographic descriptions (title, responsible editors, institution, date(s) of
                publication, identifier/address)?</catDesc>
              <catDesc>
                <num type="boolean" value="1"/>
              </catDesc>
            </category>
            <category xml:id="contributors">
              <catDesc>
                <ref target="#K1.3">cf. Catalogue 1.3</ref>
              </catDesc>
              <catDesc>Are the contributors (editors, institutions, associates) of the project
                documented?</catDesc>
              <catDesc>
                <num type="boolean" value="0"/>
              </catDesc>
            </category>
            <category xml:id="contacts">
              <catDesc>
                <ref target="#K1.4">cf. Catalogue 1.4</ref>
              </catDesc>
              <catDesc>Is contact information given?</catDesc>
              <catDesc>
                <num type="boolean" value="0"/>
              </catDesc>
            </category>
          </category>
          <category xml:id="aims">
            <category xml:id="doc_contents">
              <catDesc>
                <ref target="#K2.1">cf. Catalogue 2.1</ref>
              </catDesc>
              <catDesc>Is there a description of the aims and contents of the text
                collection?</catDesc>
              <catDesc>
                <num type="boolean" value="1"/>
              </catDesc>
            </category>
            <category xml:id="purpose">
              <catDesc>
                <ref target="#K2.2">cf. Catalogue 2.2</ref>
              </catDesc>
              <catDesc>What is the purpose of the text collection?</catDesc>
              <category xml:id="research">
                <catDesc>
                  <num type="boolean" value="1"/>
                </catDesc>
              </category>
              <category xml:id="teaching">
                <catDesc>
                  <num type="boolean" value="1"/>
                </catDesc>
              </category>
              <category xml:id="general_purpose">
                <catDesc>
                  <num type="boolean" value="1"/>
                </catDesc>
              </category>
              <category corresp="#other">
                <catDesc>
                  <num type="boolean" value="0"/>
                </catDesc>
                <category corresp="#free">
                  <gloss/>
                </category>
              </category>
            </category>
            <category xml:id="research_type">
              <catDesc>
                <ref target="#K3.1.8">cf. Catalogue 3.1.8</ref>
              </catDesc>
              <catDesc>What kind of research does the collection allow to conduct
                primarily?</catDesc>
              <category xml:id="qualitative">
                <catDesc>
                  <num type="boolean" value="1"/>
                </catDesc>
              </category>
              <category xml:id="quantitative">
                <catDesc>
                  <num type="boolean" value="0"/>
                </catDesc>
              </category>
              <category corresp="#none">
                <catDesc>
                  <num type="boolean" value="0"/>
                </catDesc>
              </category>
            </category>
            <category xml:id="classification">
              <catDesc>
                <ref target="#K2.3">cf. Catalogue 2.3</ref>
              </catDesc>
              <catDesc>How does the text collection classify itself (e.g. in its title or
                documentation)?</catDesc>
              <category xml:id="collection">
                <catDesc>
                  <num type="boolean" value="0"/>
                </catDesc>
              </category>
              <category xml:id="corpus">
                <catDesc>
                  <num type="boolean" value="1"/>
                </catDesc>
              </category>
              <category xml:id="digital_archive">
                <catDesc>
                  <num type="boolean" value="0"/>
                </catDesc>
              </category>
              <category xml:id="digital_library">
                <catDesc>
                  <num type="boolean" value="0"/>
                </catDesc>
              </category>
              <category xml:id="digital_edition">
                <catDesc>
                  <num type="boolean" value="0"/>
                </catDesc>
              </category>
              <category xml:id="portal">
                <catDesc>
                  <num type="boolean" value="0"/>
                </catDesc>
              </category>
              <category xml:id="database">
                <catDesc>
                  <num type="boolean" value="1"/>
                </catDesc>
              </category>
              <category xml:id="no_classification">
                <catDesc>
                  <num type="boolean" value="0"/>
                </catDesc>
              </category>
              <category corresp="#other">
                <catDesc>
                  <num type="boolean" value="0"/>
                </catDesc>
                <category corresp="#free">
                  <gloss/>
                </category>
              </category>
            </category>
            <category xml:id="research_fields">
              <catDesc>
                <ref target="#K2.2">cf. Catalogue 2.2</ref>
              </catDesc>
              <catDesc>To which field(s) of research does the text collection contribute?</catDesc>
              <category xml:id="field_history">
                <catDesc>
                  <num type="boolean" value="1"/>
                </catDesc>
              </category>
              <category xml:id="field_literary_studies">
                <catDesc>
                  <num type="boolean" value="1"/>
                </catDesc>
              </category>
              <category xml:id="field_linguistics">
                <catDesc>
                  <num type="boolean" value="1"/>
                </catDesc>
              </category>
              <category xml:id="field_musicology">
                <catDesc>
                  <num type="boolean" value="0"/>
                </catDesc>
              </category>
              <category xml:id="field_art_history">
                <catDesc>
                  <num type="boolean" value="1"/>
                </catDesc>
              </category>
              <category xml:id="field_archaeology">
                <catDesc>
                  <num type="boolean" value="1"/>
                </catDesc>
              </category>
              <category xml:id="field_philosophy">
                <catDesc>
                  <num type="boolean" value="0"/>
                </catDesc>
              </category>
              <category xml:id="field_religious_studies">
                <catDesc>
                  <num type="boolean" value="1"/>
                </catDesc>
              </category>
              <category xml:id="field_sociology">
                <catDesc>
                  <num type="boolean" value="0"/>
                </catDesc>
              </category>
              <category corresp="#other">
                <catDesc>
                  <num type="boolean" value="1"/>
                </catDesc>
                <category corresp="#free">
                  <gloss>political science</gloss>
                </category>
              </category>
              <category corresp="#none">
                <catDesc>
                  <num type="boolean" value="0"/>
                </catDesc>
              </category>
            </category>
          </category>
          <category xml:id="content">
            <category xml:id="era">
              <catDesc>
                <ref target="#K2.5">cf. Catalogue 2.5</ref>
              </catDesc>
              <catDesc>What era(s) do the texts belong to?</catDesc>
              <category xml:id="era_classics">
                <catDesc>
                  <num type="boolean" value="0"/>
                </catDesc>
              </category>
              <category xml:id="era_medieval">
                <catDesc>
                  <num type="boolean" value="1"/>
                </catDesc>
              </category>
              <category xml:id="era_early_modern">
                <catDesc>
                  <num type="boolean" value="1"/>
                </catDesc>
              </category>
              <category xml:id="era_modern">
                <catDesc>
                  <num type="boolean" value="1"/>
                </catDesc>
              </category>
              <category xml:id="era_contemporary">
                <catDesc>
                  <num type="boolean" value="1"/>
                </catDesc>
              </category>
            </category>
            <category xml:id="language">
              <catDesc>
                <ref target="#K2.5">cf. Catalogue 2.5</ref>
              </catDesc>
              <catDesc>What languages are the texts in?</catDesc>
              <category xml:id="arabic">
                <catDesc>
                  <num type="boolean" value="0"/>
                </catDesc>
              </category>
              <category xml:id="chinese">
                <catDesc>
                  <num type="boolean" value="0"/>
                </catDesc>
              </category>
              <category xml:id="danish">
                <catDesc>
                  <num type="boolean" value="0"/>
                </catDesc>
              </category>
              <category xml:id="english">
                <catDesc>
                  <num type="boolean" value="1"/>
                </catDesc>
              </category>
              <category xml:id="finnish">
                <catDesc>
                  <num type="boolean" value="0"/>
                </catDesc>
              </category>
              <category xml:id="french">
                <catDesc>
                  <num type="boolean" value="1"/>
                </catDesc>
              </category>
              <category xml:id="german">
                <catDesc>
                  <num type="boolean" value="1"/>
                </catDesc>
              </category>
              <category xml:id="greek">
                <catDesc>
                  <num type="boolean" value="0"/>
                </catDesc>
              </category>
              <category xml:id="hebrew">
                <catDesc>
                  <num type="boolean" value="0"/>
                </catDesc>
              </category>
              <category xml:id="hindi">
                <catDesc>
                  <num type="boolean" value="0"/>
                </catDesc>
              </category>
              <category xml:id="italian">
                <catDesc>
                  <num type="boolean" value="0"/>
                </catDesc>
              </category>
              <category xml:id="japanese">
                <catDesc>
                  <num type="boolean" value="0"/>
                </catDesc>
              </category>
              <category xml:id="latin">
                <catDesc>
                  <num type="boolean" value="1"/>
                </catDesc>
              </category>
              <category xml:id="norwegian">
                <catDesc>
                  <num type="boolean" value="0"/>
                </catDesc>
              </category>
              <category xml:id="polish">
                <catDesc>
                  <num type="boolean" value="0"/>
                </catDesc>
              </category>
              <category xml:id="portuguese">
                <catDesc>
                  <num type="boolean" value="0"/>
                </catDesc>
              </category>
              <category xml:id="russian">
                <catDesc>
                  <num type="boolean" value="0"/>
                </catDesc>
              </category>
              <category xml:id="spanish">
                <catDesc>
                  <num type="boolean" value="0"/>
                </catDesc>
              </category>
              <category xml:id="swedish">
                <catDesc>
                  <num type="boolean" value="0"/>
                </catDesc>
              </category>
              <category xml:id="turkish">
                <catDesc>
                  <num type="boolean" value="0"/>
                </catDesc>
              </category>
              <category corresp="#other">
                <catDesc>
                  <num type="boolean" value="1"/>
                </catDesc>
                <category corresp="#free">
                  <gloss>Irish (Gaelic)</gloss>
                </category>
              </category>
              <category corresp="#free" xml:id="language_note">
                <gloss/>
              </category>
            </category>
            <category xml:id="text_type">
              <catDesc>
                <ref target="#K2.5">cf. Catalogue 2.5</ref>
              </catDesc>
              <catDesc>What kind of texts are in the collection?</catDesc>
              <category xml:id="literary_works">
                <catDesc>
                  <num type="boolean" value="1"/>
                </catDesc>
              </category>
              <category xml:id="private_documents">
                <catDesc>
                  <num type="boolean" value="0"/>
                </catDesc>
              </category>
              <category xml:id="essays">
                <catDesc>
                  <num type="boolean" value="1"/>
                </catDesc>
              </category>
              <category xml:id="newspaper_articles">
                <catDesc>
                  <num type="boolean" value="1"/>
                </catDesc>
              </category>
              <category xml:id="charters">
                <catDesc>
                  <num type="boolean" value="0"/>
                </catDesc>
              </category>
              <category xml:id="inscriptions">
                <catDesc>
                  <num type="boolean" value="0"/>
                </catDesc>
              </category>
              <category xml:id="files_records">
                <catDesc>
                  <num type="boolean" value="0"/>
                </catDesc>
              </category>
              <category xml:id="protocols">
                <catDesc>
                  <num type="boolean" value="0"/>
                </catDesc>
              </category>
              <category xml:id="scientific_papers">
                <catDesc>
                  <num type="boolean" value="0"/>
                </catDesc>
              </category>
              <category xml:id="speech_transcripts">
                <catDesc>
                  <num type="boolean" value="1"/>
                </catDesc>
              </category>
              <category corresp="#other">
                <catDesc>
                  <num type="boolean" value="0"/>
                </catDesc>
                <category corresp="#free">
                  <gloss/>
                </category>
              </category>
            </category>
            <category xml:id="add_information">
              <catDesc>
                <ref target="#K2.5">cf. Catalogue 2.5</ref>
              </catDesc>
              <catDesc>What kind of information is published in addition to the texts?</catDesc>
              <category xml:id="introduction">
                <catDesc>
                  <num type="boolean" value="1"/>
                </catDesc>
              </category>
              <category xml:id="commentary">
                <catDesc>
                  <num type="boolean" value="1"/>
                </catDesc>
              </category>
              <category xml:id="context_material">
                <catDesc>
                  <num type="boolean" value="1"/>
                </catDesc>
              </category>
              <category xml:id="bibliography">
                <catDesc>
                  <num type="boolean" value="1"/>
                </catDesc>
              </category>
              <category xml:id="facsimile">
                <catDesc>
                  <num type="boolean" value="0"/>
                </catDesc>
              </category>
              <category corresp="#other">
                <catDesc>
                  <num type="boolean" value="0"/>
                </catDesc>
                <category corresp="#free">
                  <gloss/>
                </category>
              </category>
              <category corresp="#none">
                <catDesc>
                  <num type="boolean" value="0"/>
                </catDesc>
              </category>
            </category>
          </category>
          <category xml:id="composition">
            <category xml:id="documentation_methods">
              <catDesc>
                <ref target="#K3.1.1">cf. Catalogue 3.1.1-3.1.3</ref>
              </catDesc>
              <catDesc>Are the principles and decisions regarding the design of the text collection,
                its composition and the selection of texts documented?</catDesc>
              <catDesc>
                <num type="boolean" value="1"/>
              </catDesc>
            </category>
            <category xml:id="selection">
              <catDesc>
                <ref target="#K3.1">cf. Catalogue 3.1</ref>
              </catDesc>
              <catDesc>What selection criteria have been chosen for the text collection?</catDesc>
              <category xml:id="selection_language">
                <catDesc>
                  <num type="boolean" value="0"/>
                </catDesc>
              </category>
              <category xml:id="selection_author">
                <catDesc>
                  <num type="boolean" value="0"/>
                </catDesc>
              </category>
              <category xml:id="selection_country">
                <catDesc>
                  <num type="boolean" value="1"/>
                </catDesc>
              </category>
              <category xml:id="selection_epoch">
                <catDesc>
                  <num type="boolean" value="1"/>
                </catDesc>
              </category>
              <category xml:id="selection_genre">
                <catDesc>
                  <num type="boolean" value="0"/>
                </catDesc>
              </category>
              <category xml:id="selection_topic">
                <catDesc>
                  <num type="boolean" value="0"/>
                </catDesc>
              </category>
              <category xml:id="selection_style">
                <catDesc>
                  <num type="boolean" value="0"/>
                </catDesc>
              </category>
              <category xml:id="selection_linguistic_characteristics">
                <catDesc>
                  <num type="boolean" value="1"/>
                </catDesc>
              </category>
              <category corresp="#other">
                <catDesc>
                  <num type="boolean" value="0"/>
                </catDesc>
                <category corresp="#free">
                  <gloss/>
                </category>
              </category>
            </category>
            <category xml:id="size">
              <category xml:id="size_texts">
                <catDesc>
                  <ref target="#K3.1.4">cf. Catalogue 3.1.4</ref>
                </catDesc>
                <catDesc>How large is the text collection in number of texts/records?</catDesc>
                <category xml:id="texts_le10">
                  <catDesc>
                    <num type="boolean" value="0"/>
                  </catDesc>
                </category>
                <category xml:id="texts_11-50">
                  <catDesc>
                    <num type="boolean" value="0"/>
                  </catDesc>
                </category>
                <category xml:id="texts_51-100">
                  <catDesc>
                    <num type="boolean" value="0"/>
                  </catDesc>
                </category>
                <category xml:id="texts_gt100_">
                  <catDesc>
                    <num type="boolean" value="0"/>
                  </catDesc>
                </category>
                <category xml:id="texts_gt1000">
                  <catDesc>
                    <num type="boolean" value="1"/>
                  </catDesc>
                </category>
                <category corresp="#unknown">
                  <catDesc>
                    <num type="boolean" value="0"/>
                  </catDesc>
                </category>
              </category>
              <category xml:id="size_tokens">
                <catDesc>
                  <ref target="#K3.1.4">cf. Catalogue 3.1.4</ref>
                </catDesc>
                <catDesc>How large is the text collection in number of tokens?</catDesc>
                <category xml:id="tokens_lt100.000">
                  <catDesc>
                    <num type="boolean" value="0"/>
                  </catDesc>
                </category>
                <category xml:id="tokens_100.000-1mio">
                  <catDesc>
                    <num type="boolean" value="0"/>
                  </catDesc>
                </category>
                <category xml:id="tokens_gt1mio">
                  <catDesc>
                    <num type="boolean" value="0"/>
                  </catDesc>
                </category>
                <category xml:id="tokens_gt10mio">
                  <catDesc>
                    <num type="boolean" value="0"/>
                  </catDesc>
                </category>
                <category corresp="#unknown">
                  <catDesc>
                    <num type="boolean" value="1"/>
                  </catDesc>
                </category>
              </category>
            </category>
            <category xml:id="structure">
              <catDesc>
                <ref target="#K3.1.5">cf. Catalogue 3.1.5</ref>
              </catDesc>
              <catDesc>Does the text collection have identifiable sub-collections or
                components?</catDesc>
              <catDesc>
                <num type="boolean" value="1"/>
              </catDesc>
            </category>
            <category xml:id="acquisition">
              <category xml:id="text_recording">
                <catDesc>
                  <ref target="#K3.1.6">cf. Catalogue 3.1.6</ref>
                </catDesc>
                <catDesc>Does the text collection record or transcribe the textual data for the
                  first time?</catDesc>
                <catDesc>
                  <num type="boolean" value="1"/>
                </catDesc>
              </category>
              <category xml:id="text_integration">
                <catDesc>
                  <ref target="#K3.1.6">cf. Catalogue 3.1.6</ref>
                </catDesc>
                <catDesc>What kind of material has been taken over from other sources?</catDesc>
                <category xml:id="full_text">
                  <catDesc>
                    <num type="boolean" value="1"/>
                  </catDesc>
                </category>
                <category xml:id="reuse_metadata">
                  <catDesc>
                    <num type="boolean" value="0"/>
                  </catDesc>
                </category>
                <category xml:id="reuse_annotation">
                  <catDesc>
                    <num type="boolean" value="1"/>
                  </catDesc>
                </category>
                <category corresp="#other">
                  <catDesc>
                    <num type="boolean" value="0"/>
                  </catDesc>
                  <category corresp="#free">
                    <gloss/>
                  </category>
                </category>
                <category corresp="#none">
                  <catDesc>
                    <num type="boolean" value="0"/>
                  </catDesc>
                </category>
              </category>
            </category>
            <category xml:id="quality">
              <catDesc>
                <ref target="#K3.1.7">cf. Catalogue 3.1.7</ref>
              </catDesc>
              <catDesc>Has the quality of the data (transcriptions, metadata, annotations, etc.)
                been checked?</catDesc>
              <catDesc>
                <num type="boolean" value="1"/>
              </catDesc>
            </category>
            <category xml:id="typology">
              <catDesc>
                <ref target="#K3.1.8">cf. Catalogue 3.1.8</ref>
              </catDesc>
              <catDesc>Considering aims and methods of the text collection, how would you classify
                it further? For definitions please consider the help-texts.</catDesc>
              <category xml:id="typology_general_purpose">
                <catDesc>
                  <num type="boolean" value="0"/>
                </catDesc>
              </category>
              <category xml:id="typology_corpus">
                <catDesc>
                  <num type="boolean" value="1"/>
                </catDesc>
              </category>
              <category xml:id="typology_collection_records">
                <catDesc>
                  <num type="boolean" value="0"/>
                </catDesc>
              </category>
              <category xml:id="typology_canon">
                <catDesc>
                  <num type="boolean" value="0"/>
                </catDesc>
              </category>
              <category xml:id="typology_oeuvre">
                <catDesc>
                  <num type="boolean" value="0"/>
                </catDesc>
              </category>
              <category xml:id="typology_reference_corpus">
                <catDesc>
                  <num type="boolean" value="1"/>
                </catDesc>
              </category>
              <category xml:id="typology_contrastive_corpus">
                <catDesc>
                  <num type="boolean" value="0"/>
                </catDesc>
              </category>
              <category xml:id="typology_parallel_corpus">
                <catDesc>
                  <num type="boolean" value="0"/>
                </catDesc>
              </category>
              <category xml:id="typology_diachronic_corpus">
                <catDesc>
                  <num type="boolean" value="0"/>
                </catDesc>
              </category>
              <category corresp="#other">
                <catDesc>
                  <num type="boolean" value="0"/>
                </catDesc>
                <category corresp="#free">
                  <gloss/>
                </category>
              </category>
            </category>
          </category>
          <category xml:id="data_modelling">
            <category xml:id="text_treatment">
              <catDesc>
                <ref target="#K3.2.1">cf. Catalogue 3.2.1</ref>
              </catDesc>
              <catDesc>How are the textual sources represented in the digital collection?</catDesc>
              <category xml:id="normalized_transcription">
                <catDesc>
                  <num type="boolean" value="1"/>
                </catDesc>
              </category>
              <category xml:id="orthographic_transcription">
                <catDesc>
                  <num type="boolean" value="0"/>
                </catDesc>
              </category>
              <category xml:id="phonetic_transcription">
                <catDesc>
                  <num type="boolean" value="0"/>
                </catDesc>
              </category>
              <category xml:id="diplomatic_transcription">
                <catDesc>
                  <num type="boolean" value="0"/>
                </catDesc>
              </category>
              <category xml:id="transliteration">
                <catDesc>
                  <num type="boolean" value="1"/>
                </catDesc>
              </category>
              <category xml:id="edited_text">
                <catDesc>
                  <num type="boolean" value="1"/>
                </catDesc>
              </category>
              <category xml:id="translated_text">
                <catDesc>
                  <num type="boolean" value="0"/>
                </catDesc>
              </category>
              <category xml:id="summarized_text">
                <catDesc>
                  <num type="boolean" value="0"/>
                </catDesc>
              </category>
              <category xml:id="sampled_text">
                <catDesc>
                  <num type="boolean" value="0"/>
                </catDesc>
              </category>
              <category corresp="#other">
                <catDesc>
                  <num type="boolean" value="0"/>
                </catDesc>
                <category corresp="#free">
                  <gloss/>
                </category>
              </category>
            </category>
            <category xml:id="basic_format">
              <catDesc>
                <ref target="#K3.2.4">cf. Catalogue 3.2.4</ref>
              </catDesc>
              <catDesc>In which basic format are the texts encoded?</catDesc>
              <category xml:id="plain_text">
                <catDesc>
                  <num type="boolean" value="0"/>
                </catDesc>
              </category>
              <category xml:id="xml">
                <catDesc>
                  <num type="boolean" value="1"/>
                </catDesc>
              </category>
              <category xml:id="html">
                <catDesc>
                  <num type="boolean" value="1"/>
                </catDesc>
              </category>
              <category corresp="#other">
                <catDesc>
                  <num type="boolean" value="0"/>
                </catDesc>
                <category corresp="#free">
                  <gloss/>
                </category>
              </category>
            </category>
            <category xml:id="annotation">
              <category xml:id="annotation_type">
                <catDesc>
                  <ref target="#K3.2.2">cf. Catalogue 3.2.2</ref>
                </catDesc>
                <catDesc>With what information are the texts further enriched?</catDesc>
                <category xml:id="semantic_annotations">
                  <catDesc>
                    <num type="boolean" value="0"/>
                  </catDesc>
                </category>
                <category xml:id="linguistic_annotations">
                  <catDesc>
                    <num type="boolean" value="1"/>
                  </catDesc>
                </category>
                <category xml:id="editorial_annotations">
                  <catDesc>
                    <num type="boolean" value="1"/>
                  </catDesc>
                </category>
                <category xml:id="structural_information">
                  <catDesc>
                    <num type="boolean" value="1"/>
                  </catDesc>
                </category>
                <category corresp="#other">
                  <catDesc>
                    <num type="boolean" value="0"/>
                  </catDesc>
                  <category corresp="#free">
                    <gloss/>
                  </category>
                </category>
                <category corresp="#none">
                  <catDesc>
                    <num type="boolean" value="0"/>
                  </catDesc>
                </category>
              </category>
              <category xml:id="annotation_integration">
                <catDesc>
                  <ref target="#K3.2.2">cf. Catalogue 3.2.2</ref>
                </catDesc>
                <catDesc>How are the annotations linked to the texts themselves?</catDesc>
                <category xml:id="embedded">
                  <catDesc>
                    <num type="boolean" value="0"/>
                  </catDesc>
                </category>
                <category xml:id="stand-off">
                  <catDesc>
                    <num type="boolean" value="1"/>
                  </catDesc>
                </category>
                <category corresp="#other">
                  <catDesc>
                    <num type="boolean" value="0"/>
                  </catDesc>
                  <category corresp="#free">
                    <gloss/>
                  </category>
                </category>
                <category corresp="#not_applicable">
                  <catDesc>
                    <num type="boolean" value="0"/>
                  </catDesc>
                </category>
              </category>
            </category>
            <category xml:id="metadata">
              <category xml:id="metadata_type">
                <catDesc>
                  <ref target="#K3.2.3">cf. Catalogue 3.2.3</ref>
                </catDesc>
                <catDesc>What kind of metadata are included in the text collection?</catDesc>
                <category xml:id="descriptive">
                  <catDesc>
                    <num type="boolean" value="0"/>
                  </catDesc>
                </category>
                <category xml:id="structural">
                  <catDesc>
                    <num type="boolean" value="0"/>
                  </catDesc>
                </category>
                <category xml:id="administrative">
                  <catDesc>
                    <num type="boolean" value="1"/>
                  </catDesc>
                </category>
                <category corresp="#other">
                  <catDesc>
                    <num type="boolean" value="0"/>
                  </catDesc>
                  <category corresp="#free">
                    <gloss/>
                  </category>
                </category>
                <category corresp="#none">
                  <catDesc>
                    <num type="boolean" value="0"/>
                  </catDesc>
                </category>
              </category>
              <category xml:id="metadata_level">
                <catDesc>
                  <ref target="#K3.2.2">cf. Catalogue 3.2.2</ref>
                </catDesc>
                <catDesc>On which level are the metadata included?</catDesc>
                <category xml:id="whole_collection">
                  <catDesc>
                    <num type="boolean" value="0"/>
                  </catDesc>
                </category>
                <category xml:id="collection_parts">
                  <catDesc>
                    <num type="boolean" value="1"/>
                  </catDesc>
                </category>
                <category xml:id="individual_texts">
                  <catDesc>
                    <num type="boolean" value="1"/>
                  </catDesc>
                </category>
                <category corresp="#other">
                  <catDesc>
                    <num type="boolean" value="0"/>
                  </catDesc>
                  <category corresp="#free">
                    <gloss/>
                  </category>
                </category>
                <category corresp="#not_applicable">
                  <catDesc>
                    <num type="boolean" value="0"/>
                  </catDesc>
                </category>
              </category>
            </category>
            <category xml:id="data_standards">
              <category xml:id="data_schema">
                <catDesc>
                  <ref target="#K3.2.4">cf. Catalogue 3.2.4</ref>
                </catDesc>
                <catDesc>What kind of data/metadata/annotation schemas are used for the text
                  collection?</catDesc>
                <category xml:id="standardized_schema">
                  <catDesc>
                    <num type="boolean" value="0"/>
                  </catDesc>
                </category>
                <category xml:id="customized_standard_schema">
                  <catDesc>
                    <num type="boolean" value="1"/>
                  </catDesc>
                </category>
                <category xml:id="project_specific">
                  <catDesc>
                    <num type="boolean" value="0"/>
                  </catDesc>
                </category>
                <category corresp="#none">
                  <catDesc>
                    <num type="boolean" value="0"/>
                  </catDesc>
                </category>
                <category corresp="#unknown">
                  <catDesc>
                    <num type="boolean" value="0"/>
                  </catDesc>
                </category>
              </category>
              <category xml:id="standard_format">
                <catDesc>
                  <ref target="#K3.2.4">cf. Catalogue 3.2.4</ref>
                </catDesc>
                <catDesc>Which standards for text encoding, metadata and annotation are used in the
                  text collection?</catDesc>
                <category xml:id="tei">
                  <catDesc>
                    <num type="boolean" value="1"/>
                  </catDesc>
                </category>
                <category xml:id="cei">
                  <catDesc>
                    <num type="boolean" value="0"/>
                  </catDesc>
                </category>
                <category xml:id="ead">
                  <catDesc>
                    <num type="boolean" value="0"/>
                  </catDesc>
                </category>
                <category xml:id="xces">
                  <catDesc>
                    <num type="boolean" value="0"/>
                  </catDesc>
                </category>
                <category xml:id="dublin_core">
                  <catDesc>
                    <num type="boolean" value="0"/>
                  </catDesc>
                </category>
                <category xml:id="edm">
                  <catDesc>
                    <num type="boolean" value="0"/>
                  </catDesc>
                </category>
                <category xml:id="mets">
                  <catDesc>
                    <num type="boolean" value="0"/>
                  </catDesc>
                </category>
                <category xml:id="mods">
                  <catDesc>
                    <num type="boolean" value="0"/>
                  </catDesc>
                </category>
                <category xml:id="skos">
                  <catDesc>
                    <num type="boolean" value="0"/>
                  </catDesc>
                </category>
                <category xml:id="owl">
                  <catDesc>
                    <num type="boolean" value="0"/>
                  </catDesc>
                </category>
                <category xml:id="imdi">
                  <catDesc>
                    <num type="boolean" value="0"/>
                  </catDesc>
                </category>
                <category xml:id="cmdi">
                  <catDesc>
                    <num type="boolean" value="0"/>
                  </catDesc>
                </category>
                <category xml:id="tcf">
                  <catDesc>
                    <num type="boolean" value="0"/>
                  </catDesc>
                </category>
                <category xml:id="olac">
                  <catDesc>
                    <num type="boolean" value="0"/>
                  </catDesc>
                </category>
                <category xml:id="eagles">
                  <catDesc>
                    <num type="boolean" value="0"/>
                  </catDesc>
                </category>
                <category xml:id="pos_tagsets">
                  <catDesc>
                    <num type="boolean" value="0"/>
                  </catDesc>
                </category>
                <category corresp="#other">
                  <catDesc>
                    <num type="boolean" value="0"/>
                  </catDesc>
                  <category corresp="#free">
                    <gloss/>
                  </category>
                </category>
                <category corresp="#none">
                  <catDesc>
                    <num type="boolean" value="0"/>
                  </catDesc>
                </category>
              </category>
            </category>
          </category>
          <category xml:id="provision">
            <category xml:id="basic_data_accessible">
              <catDesc>
                <ref target="#K4.1">cf. Catalogue 4.1</ref>
              </catDesc>
              <catDesc>Is the textual data accessible in a source format (e.g. XML, TXT)?</catDesc>
              <catDesc>
                <num type="boolean" value="1"/>
              </catDesc>
            </category>
            <category xml:id="download">
              <catDesc>
                <ref target="#K4.2">cf. Catalogue 4.2</ref>
              </catDesc>
              <catDesc>Can the entire raw data of the project be downloaded (as a whole)?</catDesc>
              <catDesc>
                <num type="boolean" value="0"/>
              </catDesc>
            </category>
            <category xml:id="technical_interfaces">
              <catDesc>
                <ref target="#K4.2">cf. Catalogue 4.2</ref>
              </catDesc>
              <catDesc>Are there technical interfaces which allow the reuse of the data of the text
                collection in other contexts?</catDesc>
              <category xml:id="OAI-PMH">
                <catDesc>
                  <num type="boolean" value="0"/>
                </catDesc>
              </category>
              <category xml:id="REST">
                <catDesc>
                  <num type="boolean" value="0"/>
                </catDesc>
              </category>
              <category xml:id="SPARQL_endpoint">
                <catDesc>
                  <num type="boolean" value="0"/>
                </catDesc>
              </category>
              <category xml:id="general_API">
                <catDesc>
                  <num type="boolean" value="0"/>
                </catDesc>
              </category>
              <category corresp="#other">
                <catDesc>
                  <num type="boolean" value="0"/>
                </catDesc>
                <category corresp="#free">
                  <gloss/>
                </category>
              </category>
              <category corresp="#none">
                <catDesc>
                  <num type="boolean" value="1"/>
                </catDesc>
              </category>
            </category>
            <category xml:id="analytical_data">
              <catDesc>
                <ref target="#K4.3">cf. Catalogue 4.3</ref>
              </catDesc>
              <catDesc>Besides the textual data, does the project provide analytical data (e.g.
                statistics) to download or harvest?</catDesc>
              <catDesc>
                <num type="boolean" value="0"/>
              </catDesc>
            </category>
            <category xml:id="reuse">
              <catDesc>
                <ref target="#K4.4">cf. Catalogue 4.4</ref>
              </catDesc>
              <catDesc>Can you use the data with other tools useful for this kind of
                content?</catDesc>
              <catDesc>
                <num type="boolean" value="1"/>
              </catDesc>
            </category>
          </category>
          <category xml:id="user_interface">
            <category xml:id="interface_provision">
              <catDesc>
                <ref target="#K5.1">cf. Catalogue 5.1</ref>
              </catDesc>
              <catDesc>Does the text collection have a dedicated user interface designed for the
                collection at hand in which the texts of the collection are represented and/or in
                which the data is analyzable?</catDesc>
              <catDesc>
                <num type="boolean" value="1"/>
              </catDesc>
            </category>
            <category xml:id="user_interface_sub">
              <category xml:id="usability">
                <catDesc>
                  <ref target="#K5.3">cf. Catalogue 5.3</ref>
                </catDesc>
                <catDesc>From your point of view, is the interface of the text collection clearly
                  arranged and easy to navigate so that the user can quickly identify the purpose,
                  the content and the main access methods of the resource?</catDesc>
                <catDesc>
                  <num type="boolean" value="1"/>
                </catDesc>
              </category>
              <category xml:id="access_modes">
                <category xml:id="browsing">
                  <catDesc>
                    <ref target="#K5.4">cf. Catalogue 5.4</ref>
                  </catDesc>
                  <catDesc>Does the project offer the possibility to browse the contents by simple
                    browsing options or advanced structured access via indices (e.g. by author,
                    year, genre)?</catDesc>
                  <catDesc>
                    <num type="boolean" value="1"/>
                  </catDesc>
                </category>
                <category xml:id="full_text_search">
                  <catDesc>
                    <ref target="#K5.4">cf. Catalogue 5.4</ref>
                  </catDesc>
                  <catDesc>Does the project offer a fulltext search?</catDesc>
                  <catDesc>
                    <num type="boolean" value="1"/>
                  </catDesc>
                </category>
                <category xml:id="advanced_search">
                  <catDesc>
                    <ref target="#K5.4">cf. Catalogue 5.4</ref>
                  </catDesc>
                  <catDesc>Does the project offer an advanced search?</catDesc>
                  <catDesc>
                    <num type="boolean" value="0"/>
                  </catDesc>
                </category>
              </category>
              <category xml:id="analysis">
                <category xml:id="analysis_tools">
                  <catDesc>
                    <ref target="#K5.5">cf. Catalogue 5.5</ref>
                  </catDesc>
                  <catDesc>Does the text collection integrate tools for analyses of the
                    data?</catDesc>
                  <catDesc>
                    <num type="boolean" value="0"/>
                  </catDesc>
                </category>
                <category xml:id="analysis_customization">
                  <catDesc>
                    <ref target="#K5.5">cf. Catalogue 5.5</ref>
                  </catDesc>
                  <catDesc>Can the user alter the interface in order to affect the outcomes of
                    representation and analysis of the text collection (besides basic search
                    functionalities), e.g. by applying his or her own queries or by choosing
                    analysis parameters?</catDesc>
                  <catDesc>
                    <num type="boolean" value="0"/>
                  </catDesc>
                </category>
              </category>
              <category xml:id="visualization">
                <catDesc>
                  <ref target="#K5.6">cf. Catalogue 5.6</ref>
                </catDesc>
                <catDesc>Does the text collection provide particular visualizations of the
                  data?</catDesc>
                <category xml:id="networks">
                  <catDesc>
                    <num type="boolean" value="0"/>
                  </catDesc>
                </category>
                <category xml:id="charts">
                  <catDesc>
                    <num type="boolean" value="0"/>
                  </catDesc>
                </category>
                <category xml:id="treemaps">
                  <catDesc>
                    <num type="boolean" value="0"/>
                  </catDesc>
                </category>
                <category xml:id="wordclouds">
                  <catDesc>
                    <num type="boolean" value="0"/>
                  </catDesc>
                </category>
                <category corresp="#other">
                  <catDesc>
                    <num type="boolean" value="0"/>
                  </catDesc>
                  <category corresp="#free">
                    <gloss/>
                  </category>
                </category>
                <category xml:id="no_visualization">
                  <catDesc>
                    <num type="boolean" value="1"/>
                  </catDesc>
                </category>
              </category>
              <category xml:id="personalization">
                <catDesc>
                  <ref target="#K5.7">cf. Catalogue 5.7</ref>
                </catDesc>
                <catDesc>Is there a personalisation mode that enables the users e.g. to create their
                  own sub-collections of the existing text collection?</catDesc>
                <catDesc>
                  <num type="boolean" value="0"/>
                </catDesc>
              </category>
            </category>
          </category>
          <category xml:id="preservation">
            <category xml:id="documentation_project">
              <catDesc>
                <ref target="#K6.1">cf. Catalogue 6.1</ref>
              </catDesc>
              <catDesc>Does the text collection provide sufficient documentation about the project
                in general as well as about the aims, contents and methods of the text
                collection?</catDesc>
              <catDesc>
                <num type="boolean" value="1"/>
              </catDesc>
            </category>
            <category xml:id="open_access">
              <catDesc>
                <ref target="#K6.2">cf. Catalogue 6.2</ref>
              </catDesc>
              <catDesc>Is the text collection Open Access?</catDesc>
              <catDesc>
                <num type="boolean" value="1"/>
              </catDesc>
            </category>
            <category xml:id="rights">
              <category xml:id="rights_declared">
                <catDesc>
                  <ref target="#K6.2">cf. Catalogue 6.2</ref>
                </catDesc>
                <catDesc>Are the rights to (re)use the content declared?</catDesc>
                <catDesc>
                  <num type="boolean" value="1"/>
                </catDesc>
              </category>
              <category xml:id="rights_license">
                <catDesc>
                  <ref target="#K6.2">cf. Catalogue 6.2</ref>
                </catDesc>
                <catDesc>Under what license are the contents released?</catDesc>
                <category xml:id="CC0">
                  <catDesc>
                    <num type="boolean" value="0"/>
                  </catDesc>
                </category>
                <category xml:id="CC-BY_only">
                  <catDesc>
                    <num type="boolean" value="0"/>
                  </catDesc>
                </category>
                <category xml:id="CC-BY-ND">
                  <catDesc>
                    <num type="boolean" value="0"/>
                  </catDesc>
                </category>
                <category xml:id="CC-BY-NC">
                  <catDesc>
                    <num type="boolean" value="0"/>
                  </catDesc>
                </category>
                <category xml:id="CC-BY-SA">
                  <catDesc>
                    <num type="boolean" value="0"/>
                  </catDesc>
                </category>
                <category xml:id="CC-BY-NC-ND">
                  <catDesc>
                    <num type="boolean" value="0"/>
                  </catDesc>
                </category>
                <category xml:id="CC-BY-NC-SA">
                  <catDesc>
                    <num type="boolean" value="0"/>
                  </catDesc>
                </category>
                <category xml:id="PDM">
                  <catDesc>
                    <num type="boolean" value="0"/>
                  </catDesc>
                </category>
                <category corresp="#other">
                  <catDesc>
                    <num type="boolean" value="1"/>
                  </catDesc>
                  <category corresp="#free">
                    <gloss>varies, depending on text/edition in question</gloss>
                  </category>
                </category>
                <category xml:id="no_license">
                  <catDesc>
                    <num type="boolean" value="1"/>
                  </catDesc>
                </category>
              </category>
            </category>
            <category xml:id="persistent_identification">
              <catDesc>
                <ref target="#K6.3">cf. Catalogue 6.3</ref>
              </catDesc>
              <catDesc>Are there persistent identifiers and an addressing system for the text
                collection and/or parts/objects of it and which mechanism is used to that
                end?</catDesc>
              <category xml:id="DOI">
                <catDesc>
                  <num type="boolean" value="0"/>
                </catDesc>
              </category>
              <category xml:id="ARK">
                <catDesc>
                  <num type="boolean" value="0"/>
                </catDesc>
              </category>
              <category xml:id="URN">
                <catDesc>
                  <num type="boolean" value="0"/>
                </catDesc>
              </category>
              <category xml:id="PURL.ORG">
                <catDesc>
                  <num type="boolean" value="0"/>
                </catDesc>
              </category>
              <category corresp="#other">
                <catDesc>
                  <num type="boolean" value="0"/>
                </catDesc>
                <category corresp="#free">
                  <gloss/>
                </category>
              </category>
              <category xml:id="persistent_URLs">
                <catDesc>
                  <num type="boolean" value="1"/>
                </catDesc>
              </category>
              <category corresp="#none">
                <catDesc>
                  <num type="boolean" value="0"/>
                </catDesc>
              </category>
            </category>
            <category xml:id="citation">
              <catDesc>
                <ref target="#K6.3">cf. Catalogue 6.3</ref>
              </catDesc>
              <catDesc>Does the text collection supply citation guidelines?</catDesc>
              <catDesc>
                <num type="boolean" value="0"/>
              </catDesc>
            </category>
            <category xml:id="archiving">
              <catDesc>
                <ref target="#K6.4">cf. Catalogue 6.4</ref>
              </catDesc>
              <catDesc>Does the documentation include information about the long term sustainability
                of the basic data (archiving of the data)?</catDesc>
              <catDesc>
                <num type="boolean" value="0"/>
              </catDesc>
            </category>
            <category xml:id="curation">
              <catDesc>
                <ref target="#K6.4">cf. Catalogue 6.4</ref>
              </catDesc>
              <catDesc>Does the project provide information about institutional support for the
                curation and sustainability of the project?</catDesc>
              <catDesc>
                <num type="boolean" value="1"/>
              </catDesc>
            </category>
            <category xml:id="completion">
              <catDesc>
                <ref target="#K6.4">cf. Catalogue 6.4</ref>
              </catDesc>
              <catDesc>Is the text collection completed?</catDesc>
              <catDesc>
                <num type="boolean" value="3"/>
              </catDesc>
            </category>
          </category>
        </taxonomy>
      </classDecl>
    </encodingDesc>
  </teiHeader>
  <text>
    <body>
      <div type="abstract">
        <p>This review addresses the &#x2018;CELT - Corpus of Electronic texts&#x2019; archive,
          developed and housed at University College Cork, Ireland. CELT is a digital humanities
          archive &#x2013; and arguably a scholarly platform &#x2013; comprising 1600 documents. An
          account of its piecemeal historical evolution, spanning the emergence of the Digital
          Humanities in Ireland, is given in this review. This review contextualises the range of
          content (documents, editions, works), for the most part digital representations based on
          TEI, pertaining to the study of the Irish language and Celtic civilisation and culture,
          collected together in CELT &#x2013; as it stood in April 2017.</p>
      </div>
      <div type="text">
        <div type="div2">
          <head>Introduction</head>
          <figure>
            <head>Fig. 1</head>
            <graphic url="wp-content/uploads/issue_6/CELT/pictures/picture-1.png"/>
          </figure>
          <p>&#x2018;CELT - Corpus of Electronic texts&#x2019; bills itself as &#x201C;the Free
            Digital Humanities Resource for Irish history, literature and politics&#x201D;. It
            comprises 1601 documents, cumulatively a corpus of 18 million words. The visual design
            is somewhat dated &#x2013; an abundance of institutional and funding logos on the
            homepage certainly jar visually &#x2013; however utility and functionality, in both
            technical and scholarly terms, remain the prime means to judge any electronic or digital
            academic resource. In that sense the legacy of the CELT project, born online in 1997,
            almost pre-historic in Digital Humanities (DH) terms in Ireland, should be considered as
            indicative of the project&#x2019;s worth as CELT reaches 20 years of age. Initially
            conceived of by Prof Donnchadh &#xD3; Corr&#xE1;in of University College Cork,
            CELT&#x2019;s first director and driving force, the &#x2018;People&#x2019; section
            outlines individuals central to the project&#x2019;s undertaking and the
            &#x2018;Contact&#x2019; section gives details of key editorial and managerial personnel.
            The homepage is equipped with a custom Google search interface. The CELT project banner
            is girded by eleven self-explanatory section headings (Fig. 1).</p>
          <p>The &#x2018;About&#x2019; section provides a clear and useful summary of CELT,
            explaining &#x201C;Texts are accompanied by introductions, background information,
            graphics, translations where possible, and scholarly bibliographies&#x201D;<note
              xml:id="ftn1" n="1"><ptr
                target="https://web.archive.org/web/*/http://www.ucc.ie/celt/about.html"/></note>.
            The &#x2018;News&#x2019; section usefully highlights recently ingested works, which
            fittingly focus on the city of Cork and the Munster region which UCC, CELT&#x2019;s host
            institution, serves. Many of the printed texts have local relevance or are linked to the
            research interests of those active in the relevant Departments and Schools of UCC. The
            focus is on medieval and early modern works in English and Gaelic (Irish), dealing with
            or pertaining to Celtic literature and culture. A range of Latin texts concerning early
            Christian literature and a smattering of texts in European languages (emanating from the
            notable Germanic interest in, and influence on, Celtic philology from the late
            nineteenth century) sit alongside a range of editions pertaining to the evolution of the
            Irish language(s), its study and lexicographical developments. Various ephemera, such as
            a PDF scanned edition <emph>Music in Ireland: a symposium</emph> (1952) edited by Aloys
            Fleischman, are present. However, for the most part CELT comprises scholarly editions,
            based on TEI, of major works pertaining to the study of the Irish language and Celtic
            civilisation and culture.</p>
          <p>The FAQ section is a model of the genre, clearly and often humorously written. Rapidly
            dealing with general and specific queries likely to be frequently directed towards the
            platform, so clearly presented and useful it may well have been refined out of a
            &#x2018;top tasks&#x2019; analysis of target users. The FAQs are useful to the
            unknowledgeable and the initiated, both professionally and technically, and are a credit
            to CELT&#x2019;s editors and managers.</p>
          <figure>
            <head>Fig. 2</head>
            <graphic url="wp-content/uploads/issue_6/CELT/pictures/picture-2.png"/>
          </figure>
          <p>Selecting two works by non-scientific &#x2018;random&#x2019; clicking, the <emph>Lebor
              na Cert (The book of Rights)</emph> and <emph>Cr&#xED;chad an Chaoilli (The ancient
              territory of Fermoy)</emph>, of which this reviewer has no familiarity or professional
            knowledge, served as a useful introduction to CELT. Selecting the former serves up a
            useful home/starting screen (Fig. 2).</p>
          <figure>
            <head>Fig. 3</head>
            <graphic url="wp-content/uploads/issue_6/CELT/pictures/picture-3.png"/>
          </figure>
          <p>The eleven section headings usefully straddle every page. The left-hand side pane
            details self-evident scholarly, legal / copyright, technical and editorial information
            about the specific work being viewed, in turn presented in the main frame which is
            anchored in the bottom right hand side. Conversely, selecting <emph>Cr&#xED;chad an
              Chaoilli</emph> delivers a leaner page, tailored to indicate the necessary information
            (Fig. 3).</p>
          <p>Both works contain extensive bibliographic information, useful to contextualise the
            edition, its origins, and individuals associated with its editing and publication. Here,
            the rigour of the CELT methodology, drawing on that intrinsic to the study of the
            ancient and medieval world, is on full display. Exhaustive detail is given regarding
            sources, encoding, editorial practices and decisions (hyphenation, translation and
            transliteration, editing and normalisation &#x2013;technically and editorially).
            Usefully any relevant revision history of the specific digital work being viewed is
            clearly presented.</p>
        </div>
        <div type="div2">
          <head>Project history</head>
          <p>Various time-delimited sub-projects and collaborations are mentioned in some of the
            editorial comment. The &#x2018;Writers of Ireland&#x2019; project<note xml:id="ftn2"
              n="2"><ptr target="https://web.archive.org/web/*/http://www.ucc.ie/celt/writers.html"
              /></note> provides a useful synopsis of CELT: &#x201C;an internet-based corpus of the
            primary sources of History and Irish Studies in Irish, English, Latin, and French ... a
            pioneering and highly successful Humanities Computing project. It blends technology with
            humanities scholarship and easy access.&#x201D; Question 13 in the FAQs notes:</p>
          <quote>
            <p>&#x201C;CELT only has one member of staff, and to put all Irish historical literature
              online would take a lifetime or two ... CELT started out as a project within Irish
              Medieval History to promote a better understanding of this period, based on providing
              reliable online sources of works that might be difficult to access, to scholars,
              students, and to the general public. This was before archive.org or G**gle Books (sic)
              were available.&#x201D;</p>
          </quote>
          <p>The manner in which CELT is platform-agnostic is worthy of significant praise.<note
              xml:id="ftn3" n="3">O&#x2019;Sullivan et al, &#x2018;The Emergence of the Digital
              Humanities in Ireland&#x2019; Brea: a digital journal of Irish studies October 07,
              2015 &#x2013; <ptr
                target="https://web.archive.org/web/*/https://breac.nd.edu/articles/61541-the-emergence-of-the-digital-humanities-in-ireland/"
              />.</note> This seems to have been a deliberate decision, and should be lauded; many
            other Irish Digital Humanities projects, lavishly funded and undertaken after CELT was
            established, have fallen by the wayside after failing to adequately consider their
            long-term utility and survival or absorb the obvious lesson CELT presented to them.</p>
        </div>
        <div type="div2">
          <head>Scope and utility</head>
          <p>The relative simplicity, in terms of design and functionality, of the CELT platform
            means that any contemporary OS or web browser can display its contents (this reviewer
            used Safari 10.1 on Mac OS X 10.11.6). This is to the great credit of the
            project&#x2019;s engineers and managers. Texts are presented in frames and are
            conversely available, as SGML/XML, for FTP download, instructions for which are given in
            the FAQ section<note xml:id="ftn4" n="4"><ptr
                target="https://web.archive.org/web/*/http://celt.ucc.ie/faq.html"/></note>. For
            non-technical or specialised users the FAQs kindly explain how to access, view and
            download texts.</p>
          <p>Organisationally, although slightly non-intuitive, the schema developed is robust and
            clear, if a little idiosyncratic. The &#x2018;Published&#x2019; section breaks down
            texts into linguistically and thematically organised sections, above an exhaustive table
            broken down firstly by thematic section and then alphabetically by the title of the
            text, with appropriate links to HTML, XML and SGML for each text. Accessibility is dealt
            with variably at both collection level &#x2013; sometimes discussed in explanatory
            introductions regarding specific sub-collections or works / editions &#x2013; and more
            fully across the FAQs.</p>
          <p>The &#x2018;Captured&#x2019; section lists texts by language: Hiberno-English, French,
            Irish, Latin, Translated, indicative of CELTS&#x2019;s medieval focus. The first
            category, broken down by century, contains an extensive collection of the printed works
            of James Connolly (1868&#x2013;1916), the socialist and revolutionary, and Patrick
            Pearse (1879&#x2013;1916), writer and revolutionary, both central protagonists in the
            Irish 1916 rising. Furthermore, this section has a range of works and editions by
            nationalist historian and activist Dorothy Macardle (1889&#x2013;1958). Out of
            copyright, these will be of use to a wide range of scholars interested in Irish
            nationalism and twentieth-century Ireland.</p>
          <p>A catalogue of the works of Patrick Sheehan (1852&#x2013;1913), the catholic priest and
            novelist, sits alongside various ephemera relating to the gaelic literary revival, and a
            range of poetic and dramatic works by W. B. Yeats (1865&#x2013;1939). A plethora of
            legal and political documents relating to statehood and constitutional developments on
            the island of Ireland, right up to the 1998 Belfast Agreement, are also provided.
            Ontologically idiosyncratic, their presence is welcome and indicative of the practical
            approach taken by CELT in digitising texts relating to Irish history and civilisation.
            Texts from the thirteenth to the late twentieth centuries will be useful to a range of
            humanities and Irish studies teaching. The &#x2018;Translated Texts&#x2019; sub-section
            collects works translated from: Irish; French; middle English; Latin; Italian; Spanish
            and German. Copyright issues are outlined in welcome granularity at the text/item level,
            and accurate bibliographic detail is never lacking.</p>
          <p>The &#x2018;Resources&#x2019; section<note xml:id="ftn5" n="5"><ptr
                target="https://web.archive.org/web/*/http://celt.ucc.ie/links.html"/></note>
            provides a range of links to other scholarly resources, initially broken down by
            &#x2018;journals&#x2019;, &#x2018;bibliographies&#x2019; and &#x2018;libraries and
            archives&#x2019;, it then lists various digital collections, services, resources as well
            as a limited selection of bibliographies regarding major figures treated in or related
            to various CELT texts. Applicable to the generalist and specialist alike, this simple
            page of links is indicative of the open and collaborative nature of the CELT project and
            the context within which it evolved.</p>
        </div>
        <div type="div2">
          <head>Editorial practice</head>
          <p>Using the CELT edition of <emph>Anglo-Irish poems of the Middle Ages</emph><note
              xml:id="ftn6" n="6"><ptr
                target="https://web.archive.org/web/*/http://www.ucc.ie/celt/published/T300000-001/index.html"
              /></note> as an exemplar, detailed bibliographical and editorial information
            (translator, compiler of the electronic edition, encoding, normalization etc.) is given
            alongside crucial information regarding versioning, copyright and restrictions regarding
            reuse. The inclusion of a detailed &#x2018;sources&#x2019; section is welcome, as a
            contextual guide to the uninitiated student or academic coming fresh to the area. Thus
            CELT is more than a raw collection of TEI-encoded texts, it is a scholarly platform
            providing valuable academic material and context for many of the works it houses.</p>
          <p>Crucially, in terms of digital scholarship, detailed information is given regarding any
            revisions undertaken. For <emph>Anglo-Irish poems</emph> the user can see that various
            changes were made to the TEI file 2003&#x2013;2010. A summary of each change comprises:
            the date; the individual who undertook it; a summary of the revision undertaken. Thus
            the texts present in CELT can be used for scholarly purposes with considerable assurance
            that the specific version used will be clearly discernible from future revisions or
            versions.</p>
          <p>Quality assurance is transparently addressed across the CELT platform. Corrections are
            noted at the item and object level, and their consideration and implementation are
            discussed in the FAQs and where necessary in the introduction to a specific item or
            /text. The &#x2018;news&#x2019; section lists works and collections ingested in recent
            years.</p>
          <p>The &#x2018;Online Index to the <emph>Lebor Gab&#xE1;la &#xC9;renn</emph> (Book of
            Invasions) based on R.A.S. Macalister's translations and notes&#x2019;<note
              xml:id="ftn7" n="7"><ptr
                target="https://web.archive.org/web/*/http://www.ucc.ie/celt/indexLG.html"/></note>
            is an example of a small number of indexes, concordances, and scholarly commentaries
            that can be found on CELT. This &#x2018;Online Index to the <emph>Lebor Gab&#xE1;la
              &#xC9;renn</emph>&#x2019; is based on the endeavour of a named individual, drawing on
            a work whose copyright is owned by the Irish Texts Society. Indicative of the
            collaborative nature of CELT, especially its flexible approach to ingestion, it
            exemplifies its crucial consideration of authorship and copyright. Together this concern
            marks the platform as a publishing option likely to be considered by many textual
            scholars active in the Digital Humanities.</p>
        </div>
        <div type="div2">
          <head>Search functionality and technical provision</head>
          <p>Providing a simple Google search interface is both intuitive and logical in terms of
            the limited resources available to the project. This reviewer undertook a non-scientific
            range of test searches regarding people and bibliographic works that he expected to be
            present; results seemed accurate and exhaustive. Some may quibble with the absence of
            complex &#x2018;advanced search&#x2019; functionality to take full advantage of the
            minutiae of metadata and markup emanating from the TEI versions of the texts. However
            cognisance of the time and resources allocation necessary to construct, yet alone
            maintain, such functionality in an online context intones the wisdom of deploying the
            lightweight and robust Google search functionality atop the CELT corpus. Whether this
            reliance on Google will last is open to question, in light of the behemoth&#x2019;s
            decision to discontinue development and maintenance of the &#x2018;Google Site
            Search&#x2019; service from April 2018.<note xml:id="ftn8" n="8">see: <ptr
                target="https://web.archive.org/web/*/https://enterprise.google.com/search/products/gss.html"
              />.</note> It remains unclear if the URL of any given CELT item or text are persistent
            (there is no mention of DOIs), however each has a unique identifier within CELT,
            allowing accurate referencing of each TEI object.</p>
          <p>All texts are marked up in TEI and then converted to HTML, with both formats made
            available to users. CELT, as a collection of scholarly digital editions should be, is
            highly attuned to the tradition and practice of textual scholarship in both analogue and
            digital terms. Thus a bibliographic or editorial <emph>pr&#xE9;cis</emph> of specific
            texts often outlines issues such as font and character presentation in different
            formats, as well as miscellaneous editorial decisions taken in transforming analogue
            texts into digital objects. This attention to detail and scholarly practice is
            welcome.</p>
          <p>Some may quibble that TEI versioning (and attendant technical and editorial decisions
            made explicit) is not dealt with either systematically or explicitly for each encoded
            work. However the dedication to a granular description of technical and editorial facets
            and decisions &#x2013; regarding encoding, metadata, copyright etc. &#x2013; for each
            item allows users to assess each digital rendering on its own merit. Thus there is no
            overarching data model per se beyond bog-standard TEI and SGML/HTML &#x2013; indicative
            of both the pragmatism exhibited by CELT in technical and managerial terms, which has
            certainly imbued its longevity (keeping legacy and ongoing costs down) and how its
            technical conservatism has reified its utility (not darting down technological rabbit
            holes as IT and academic fashion changes). Preservation is dealt with ad hoc &#x2013;
            CELT has been around for two decades, older than most equivalents, and looks likely to
            continue for some time &#x2013; its ability to adapt, survive and evolve through the
            highs and lows of the Celtic Tiger in Ireland suggests it will continue to have a bright
            future.</p>
        </div>
        <div type="div2">
          <head>Conclusion</head>
          <p>Somewhat eclectic, the range of texts found in CELT will be of use to a wide range of
            humanities scholars. Conceptually and methodologically CELT is coherently organised and
            presented, and both undergraduate students and experienced scholars are well served. The
            longevity of the project is indicative of the tenacity of its originators. Ingesting
            texts when occasional piecemeal grants and funding allowed, the long-term coherence of
            CELT in such circumstances must be praised. The elegantly sparse design philosophy,
            visually and technically, is admirable. In terms of robust functionality and ongoing
            digital relevance, as CELT faces into its third decade of existence, this academic
            collection of texts remains of the highest calibre within digital humanities
            scholarship. In many ways CELT resembles the &#x2018;Historical Text
              Archive&#x2019;<note xml:id="ftn9" n="9"><ptr
                target="https://web.archive.org/web/*/http://historicaltextarchive.com/"/></note>,
            in both its longevity and wide-ranging, though somewhat disparate, unifying concept. As
            humanists, linguists and computer scientists, amongst other researchers, increasingly
            view text archives in a multiplicity of ways, the uses to which CELT can be put grows. A
            comparison with the Linguistic Data Consortium, based at the University of
              Pennsylvania<note xml:id="ftn10" n="10"><ptr
                target="https://web.archive.org/web/*/https://www.ldc.upenn.edu/"/></note>
            illustrates the extent to which such coprora can be relied upon by natural language
            processing and attendant artificial intelligence research.</p>
          <p>Conceptually coherent and methodologically robust, there is an admirable blend of
            pragmatic scholarship, in editorial and technical terms, on display across CELT.
            Developing a rigorous typology or a universally applicable ontology is close to
            impossible in scholarly publishing, digital or analogue, and pragmatism is a meritorious
            creed. Some users may quibble at the absence of cross-referencing &#x2013; of concepts,
            entities or works &#x2013; across and between texts. Others might construe CELT as an
            artefact of a decades-old approach, lacking any linked-data facets or applications.
            However the <emph>lo-fi</emph> nature of its scholarly design and technical
            implementation, with an emphasis on textual precision and editorial accuracy, indicate
            how its relevance and utility has only increased over time. Moreover, that CELT
            continues to expand as it enters its third decade of existence &#x2013; there are few
            better metrics of success in academic or scholarly research and publishing &#x2013;
            marks it a rare example of ongoing success and scholarly relevance in a discipline often
            characterised by its critics, not unfairly, as a collection of defunct websites.</p>
        </div>
      </div>
      <div type="references">
        <listBibl>
          <bibl>O&#x2019;Sullivan, James, et al. 2015. &#x201C;The Emergence of the Digital
            Humanities in Ireland.&#x201D; <emph>Breac. A Digital Journal of Irish Studies.</emph>
            Issue on Digital Humanities. <ptr
              target="https://web.archive.org/web/*/https://breac.nd.edu/articles/61541-the-emergence-of-the-digital-humanities-in-ireland/"
            />
          </bibl>
        </listBibl>
      </div>
    </body>
  </text>
</TEI>
