<?xml version="1.0" encoding="utf-8"?>
<TEI xmlns="http://www.tei-c.org/ns/1.0">
  <teiHeader>
    <fileDesc>
      <titleStmt>
        <title>Review for "Carolingian Scholarship and Martianus Capella: The Oldest Commentary Tradition"</title>
        <respStmt>
          <resp>author</resp>
          <name>
            <persName>
              <forename xml:id="reviewer_forename" rend="text" style="required"><note rend="label">First Name</note>Franz</forename>
              <surname xml:id="reviewer_surname" rend="text" style="required"><note rend="label">Surname</note>Fischer</surname>
            </persName>
            <affiliation>
              <orgName xml:id="reviewer_organization" rend="text"><note rend="label">Organization</note>CCeH, University of Cologne</orgName>
              <placeName xml:id="reviewer_place" rend="text"><note rend="label">Place</note>Cologne</placeName>
            </affiliation>
            <email xml:id="reviewer_email" rend="text" style="required"><note rend="label">Email</note>franz.fischer (at) uni-koeln.de</email>
          </name>
        </respStmt>
      </titleStmt>
      <publicationStmt>
        <publisher>Institut für Dokumentologie und Editorik</publisher>
        <date>2014-05-24_13-13-18</date>
        <idno type="issue">1</idno>
      </publicationStmt>
      <notesStmt>
        <relatedItem>
          <biblStruct>
            <monogr>
              <title xml:id="resource_title" rend="text" style="required"><note rend="label">Title</note>Carolingian Scholarship and Martianus Capella: The Oldest Commentary Tradition</title>
              <editor xml:id="resource_editor" rend="text" style="required"><note rend="help">Bibliographical description of responsible personnel</note><note rend="label">Editors</note>Mariken Teeuwen et al.</editor>
              <imprint>
                <date xml:id="resource_date_publication" rend="text" style="required"><note rend="help">Format should be either yyyy, yyyyff. or yyyy-yyyy, e.g. 2007 or 2007-2013.</note><note rend="label">Publication Date</note>2008</date>
              </imprint>
            </monogr>
            <idno xml:id="resource_uri" type="URI" rend="text" style="required">http://martianus.huygens.knaw.nl</idno>
          </biblStruct>
        </relatedItem>
        <note>
          <date xml:id="resource_date_access" type="access" rend="text" style="required"><note rend="label">Date of last access</note>13.04.2014</date>
        </note>
      </notesStmt>
      <sourceDesc>
        <p>Auf der Basis von <ref>http://www.i-d-e.de/aktivitaeten/reviews/criteria-for-reviewing-scholarly-digital-editions-version-1-1</ref></p>
      </sourceDesc>
    </fileDesc>
    <encodingDesc>
      <classDecl>
        <taxonomy>
          <category xml:id="documentation">
            <catDesc rend="label">Documentation</catDesc>
            <category xml:id="biblDesc" rend="radio">
              <catDesc rend="label">Bibliographic description</catDesc>
              <catDesc><ref target="#K1.2">cf. Guidelines 1.2</ref>Is it easily possible to describe the project bibliographically along the schema "responsible editors, publishing/hosting institution, year(s) of publishing"?<num type="boolean" value="1"/></catDesc>
            </category>
            <category xml:id="contributors" rend="radio">
              <catDesc rend="label">Contributors</catDesc>
              <catDesc><ref target="#K1.4">cf. Guidelines 1.4</ref>Are the contributors (editors, institutions, associates) of the project fully documented?<num type="boolean" value="1"/></catDesc>
            </category>
            <category xml:id="contacts" rend="radio">
              <catDesc rend="label">Contacts</catDesc>
              <catDesc><ref target="#K1.5">cf. Guidelines 1.5</ref>Does the project list contact persons?<num type="boolean" value="1"/></catDesc>
            </category>
            <category xml:id="selection">
              <catDesc rend="label">Selection of materials</catDesc>
              <category xml:id="explained" rend="radio">
                <catDesc rend="label">Explanation</catDesc>
                <catDesc><ref target="#K2.1">cf. Guidelines 2.1</ref>Is the selection of materials of the project explicitly documented?<num type="boolean" value="1"/></catDesc>
              </category>
              <category xml:id="reasonable" rend="radio">
                <catDesc rend="label">Reasonability</catDesc>
                <catDesc><ref target="#K2.1">cf. Guidelines 2.1</ref>Is the selection by and large reasonable?<num type="boolean" value="1"/></catDesc>
              </category>
            </category>
            <category xml:id="dataArchive" rend="radio">
              <catDesc rend="label">Archiving of the data</catDesc>
              <catDesc><ref target="#K4.16">cf. Guidelines 4.16</ref>Does the documentation include information about the long term sustainability of the basic data (archiving of the data)?<num type="boolean" value="0"/></catDesc>
              <catDesc rend="help">Choose yes if you have reason to believe that the archiving and long term sustainability of the data is cared for (e.g. because the data is part of a platform that cares for these aspects), even if the documentation makes no explicit statement about it</catDesc>
            </category>
            <category xml:id="aims" rend="radio">
              <catDesc rend="label">Aims</catDesc>
              <catDesc><ref target="#K3.1">cf. Guidelines 3.1</ref>Are the aims and purposes of the project explicitly documented?<num type="boolean" value="1"/></catDesc>
            </category>
            <category xml:id="methods" rend="radio">
              <catDesc rend="label">Methods</catDesc>
              <catDesc><ref target="#K3.1">cf. Guidelines 3.1</ref>Are the methods employed in the project explicitly documented?<num type="boolean" value="1"/></catDesc>
            </category>
            <category xml:id="dataModel" rend="radio">
              <catDesc rend="label">Data model</catDesc>
              <catDesc><ref target="#K3.7">cf. Guidelines 3.7</ref>Does the project document which data model (e.g. TEI) has been used and for what reason?<num type="boolean" value="0"/></catDesc>
            </category>
            <category xml:id="help" rend="radio">
              <catDesc rend="label">Help</catDesc>
              <catDesc><ref target="#K4.15">cf. Guidelines 4.15</ref>Does the project offer help texts concerning the use of the project?<num type="boolean" value="1"/></catDesc>
            </category>
            <category xml:id="citation" rend="radio">
              <catDesc rend="label">Citation</catDesc>
              <catDesc><ref target="#K4.8">cf. Guidelines 4.8</ref>Does the project supply citation guidelines (i.e. how to cite the project or a part of it)?<num type="boolean" value="1"/></catDesc>
            </category>
            <category xml:id="complete" rend="radio">
              <catDesc rend="label">Completion</catDesc>
              <catDesc><ref target="#K4.16">cf. Guidelines 4.16</ref>Does the editon regard itself as a completed project (i.e. not promise further modifications and additions)?<num type="boolean" value="0"/></catDesc>
            </category>
            <category xml:id="institutionalCuration" rend="radio">
              <catDesc rend="label">Institutional Curation</catDesc>
              <catDesc><ref target="#K4.13">cf. Guidelines 4.13</ref>Does the project provide information about institutional support for the curation and sustainability of the project?<num type="boolean" value="1"/></catDesc>
              <catDesc rend="help">Select yes, if there is either an explicit claim that continuous maintenance for the project is provided by some institution or you have strong reason to believe that this is the case, even if it is not explicitly claimed, otherwise select no.</catDesc>
            </category>
          </category>
          <category xml:id="contents">
            <catDesc rend="label">Contents</catDesc>
            <category xml:id="previousEdition" rend="radio">
              <catDesc rend="label">Previous Edition</catDesc>
              <catDesc><ref target="#K2.2">cf. Guidelines 2.2</ref>Has the material been previously edited (in print or digitally)?<num type="boolean" value="1"/></catDesc>
            </category>
            <category xml:id="materialsUsed" rend="radio">
              <catDesc rend="label">Materials Used</catDesc>
              <catDesc><ref target="#K2.2">cf. Guidelines 2.2</ref>Does the edition make use of these previous editions?<num type="booleanX" value="1"/></catDesc>
            </category>
            <category xml:id="introduction" rend="radio">
              <catDesc rend="label">Introduction</catDesc>
              <catDesc><ref target="#K4.15">cf. Guidelines 4.15</ref>Does the project offer an introduction to the subject-matter (the author(s), the work, its history, the theme, etc.) of the project?<num type="boolean" value="1"/></catDesc>
            </category>
            <category xml:id="bibliography" rend="radio">
              <catDesc rend="label">Bibliography</catDesc>
              <catDesc><ref target="#K2.3">cf. Guidelines 2.3</ref>Does the project offer a bibliography?<num type="boolean" value="1"/></catDesc>
            </category>
            <category xml:id="commentary" rend="radio">
              <catDesc rend="label">Commentary</catDesc>
              <catDesc><ref target="#K2.3">cf. Guidelines 2.3</ref>Does the project offer a scholarly commentary (e.g. notes on unclear passages, interpretation, etc.)?<num type="boolean" value="0"/></catDesc>
            </category>
            <category xml:id="contexts" rend="radio">
              <catDesc rend="label">Contexts</catDesc>
              <catDesc><ref target="#K2.3">cf. Guidelines 2.3</ref>Does the project include or link to external resources with contextual material?<num type="boolean" value="0"/></catDesc>
            </category>
            <category xml:id="images" rend="radio">
              <catDesc rend="label">Images</catDesc>
              <catDesc><ref target="#K2.3">cf. Guidelines 2.3</ref>Does the project offer images of digitised sources?<num type="boolean" value="1"/></catDesc>
            </category>
            <category xml:id="imageQuality" rend="radio">
              <catDesc rend="label">Image quality</catDesc>
              <catDesc><ref target="#K4.6">cf. Guidelines 4.6</ref>Does the project offer images of an acceptable quality (e.g. 300dpi resolution)?<num type="booleanX" value="0"/></catDesc>
            </category>
            <category xml:id="transcriptions" rend="radio">
              <catDesc rend="label">Transcriptions</catDesc>
              <catDesc><ref target="#K2.3">cf. Guidelines 2.3</ref>Is the text fully transcribed?<num type="boolean" value="1"/></catDesc>
            </category>
            <category xml:id="textQuality" rend="radio">
              <catDesc rend="label">Text quality</catDesc>
              <catDesc><ref target="#K4.6">cf. Guidelines 4.6</ref>Does the project offer texts of an acceptable quality (typos, errors, etc.)?<num type="boolean" value="1"/></catDesc>
            </category>
            <category xml:id="indices" rend="radio">
              <catDesc rend="label">Indices</catDesc>
              <catDesc><ref target="#K4.5">cf. Guidelines 4.5</ref>Does the project feature compilations indices, registers or visualisations that offer alternative ways to access the material?<num type="boolean" value="0"/></catDesc>
              <catDesc rend="help">Select ‘yes’ if the project offers at least one of the mentioned features.</catDesc>
            </category>
            <category xml:id="documents">
              <catDesc rend="label">Documents</catDesc>
              <category xml:id="docType" rend="multiselect">
                <catDesc rend="label">Types of documents</catDesc>
                <catDesc><ref target="#K1.3 #K2.1">cf. Guidelines 1.3 and 2.1</ref>Which kinds of documents are at the basis of the project?</catDesc>
                <category xml:id="singleManuscript">
                  <catDesc>
                    <num type="boolean" value="1"/>
                  </catDesc>
                  <catDesc rend="label">Single manuscript</catDesc>
                  <catDesc rend="help">a single physical document or a series of documents belonging together, like a multi volume manuscript or a series of notebooks</catDesc>
                </category>
                <category xml:id="singleWork">
                  <catDesc>
                    <num type="boolean" value="0"/>
                  </catDesc>
                  <catDesc rend="label">Single work</catDesc>
                  <catDesc rend="help">a single work, e.g. Plato’s Laches, which might be transmitted in multiple manuscripts</catDesc>
                </category>
                <category xml:id="collectionOfTexts">
                  <catDesc>
                    <num type="boolean" value="0"/>
                  </catDesc>
                  <catDesc rend="label">Collection of texts</catDesc>
                  <catDesc rend="help">several abstract texts across the documents of their transmission, e.g Aristotle’s Physics and Simplicius’ Commentary on Aristotle’s Physics</catDesc>
                </category>
                <category xml:id="collectedWorks">
                  <catDesc>
                    <num type="boolean" value="0"/>
                  </catDesc>
                  <catDesc rend="label">Collected works</catDesc>
                  <catDesc rend="help">a collection of several works of one or several authors, e.g. the works of Plato</catDesc>
                </category>
                <category xml:id="papers">
                  <catDesc>
                    <num type="boolean" value="0"/>
                  </catDesc>
                  <catDesc rend="label">Papers</catDesc>
                  <catDesc rend="help">a collection of personal or family documents or personal papers</catDesc>
                </category>
                <category xml:id="archivalHolding">
                  <catDesc>
                    <num type="boolean" value="0"/>
                  </catDesc>
                  <catDesc rend="label">Archival holding</catDesc>
                  <catDesc rend="help">the collection of a repository</catDesc>
                </category>
                <category xml:id="charters">
                  <catDesc>
                    <num type="boolean" value="0"/>
                  </catDesc>
                  <catDesc rend="label">Charters</catDesc>
                  <catDesc rend="help">texts documenting a legal fact by using a special form supporting its validity, e.g. the Magna Carta</catDesc>
                </category>
                <category xml:id="letters">
                  <catDesc>
                    <num type="boolean" value="0"/>
                  </catDesc>
                  <catDesc rend="label">Letters</catDesc>
                  <catDesc rend="help">letters of one or several authors</catDesc>
                </category>
                <category xml:id="diary">
                  <catDesc>
                    <num type="boolean" value="0"/>
                  </catDesc>
                  <catDesc rend="label">Diary</catDesc>
                  <catDesc rend="help">one or several diaries of one or several authors</catDesc>
                </category>
                <category corresp="#other">
                  <catDesc>
                    <num type="boolean" value="0"/>
                  </catDesc>
                  <catDesc rend="label">other</catDesc>
                  <category corresp="#free">
                    <gloss>choose \'other\' above</gloss>
                  </category>
                </category>
              </category>
              <category xml:id="docTime" rend="multiselect">
                <catDesc rend="label">Document era</catDesc>
                <catDesc><ref target="#K1.3 #K2.1">cf. Guidelines 1.3 and 2.1</ref>What era(s) do the documents belong to?</catDesc>
                <catDesc rend="help">The year dates refer to the Gregorian calendar</catDesc>
                <category xml:id="classics">
                  <catDesc>
                    <num type="boolean" value="0"/>
                  </catDesc>
                  <catDesc rend="label">Classics</catDesc>
                  <catDesc rend="help">before 500 CE</catDesc>
                </category>
                <category xml:id="medieval">
                  <catDesc>
                    <num type="boolean" value="1"/>
                  </catDesc>
                  <catDesc rend="label">Medieval</catDesc>
                  <catDesc rend="help">501 CE until 1500 CE</catDesc>
                </category>
                <category xml:id="earlyModern">
                  <catDesc>
                    <num type="boolean" value="0"/>
                  </catDesc>
                  <catDesc rend="label">Early Modern</catDesc>
                  <catDesc rend="help">1501 CE until 1800 CE</catDesc>
                </category>
                <category xml:id="modern">
                  <catDesc>
                    <num type="boolean" value="0"/>
                  </catDesc>
                  <catDesc rend="label">Modern</catDesc>
                  <catDesc rend="help">1801 CE until today</catDesc>
                </category>
              </category>
            </category>
            <category xml:id="subject" rend="multiselect">
              <catDesc rend="label">Subject</catDesc>
              <catDesc><ref target="#K1.3">cf. Guidelines 1.3</ref>Which perspective(s) do the editors take towards the edited material? How can the edition be classified in general terms?</catDesc>
              <category xml:id="history">
                <catDesc>
                  <num type="boolean" value="0"/>
                </catDesc>
                <catDesc rend="label">History</catDesc>
              </category>
              <category xml:id="philologyLiteraryStudies">
                <catDesc>
                  <num type="boolean" value="1"/>
                </catDesc>
                <catDesc rend="label">Philology / Literary Studies</catDesc>
              </category>
              <category xml:id="philosophyTheology">
                <catDesc>
                  <num type="boolean" value="0"/>
                </catDesc>
                <catDesc rend="label">Philosophy / Theology</catDesc>
              </category>
              <category xml:id="historyOfScience">
                <catDesc>
                  <num type="boolean" value="0"/>
                </catDesc>
                <catDesc rend="label">History of Science</catDesc>
              </category>
              <category xml:id="musicology">
                <catDesc>
                  <num type="boolean" value="0"/>
                </catDesc>
                <catDesc rend="label">Musicology</catDesc>
              </category>
              <category xml:id="artHistory">
                <catDesc>
                  <num type="boolean" value="0"/>
                </catDesc>
                <catDesc rend="label">Art History</catDesc>
              </category>
              <category corresp="#other">
                <catDesc>
                  <num type="boolean" value="0"/>
                </catDesc>
                <catDesc rend="label">other</catDesc>
                <category corresp="#free">
                  <gloss>choose \'other\' above</gloss>
                </category>
              </category>
            </category>
          </category>
          <category xml:id="presentation">
            <catDesc rend="label">Presentation</catDesc>
            <category xml:id="spinOffs" rend="multiselect">
              <catDesc rend="label">Spin-offs</catDesc>
              <catDesc><ref target="#K4.11">cf. Guidelines 4.11</ref>Does the project offer any spin-offs?</catDesc>
              <category xml:id="app">
                <catDesc>
                  <num type="boolean" value="0"/>
                </catDesc>
                <catDesc rend="label">App</catDesc>
                <catDesc rend="help">any application (for personal computer or mobile devices) apart from browsers with which the project can be accessed</catDesc>
              </category>
              <category xml:id="mobile">
                <catDesc>
                  <num type="boolean" value="0"/>
                </catDesc>
                <catDesc rend="label">Mobile</catDesc>
                <catDesc rend="help">a browser-version adapted for mobile devices</catDesc>
              </category>
              <category xml:id="PDF">
                <catDesc>
                  <num type="boolean" value="1"/>
                </catDesc>
                <catDesc rend="label">PDF</catDesc>
                <catDesc rend="help">the project or parts of as PDF files</catDesc>
              </category>
              <category corresp="#other">
                <catDesc>
                  <num type="boolean" value="0"/>
                </catDesc>
                <catDesc rend="label">other</catDesc>
                <catDesc rend="help">other access options apart from HTML-browsers</catDesc>
                <category corresp="#free">
                  <gloss>choose \'other\' above</gloss>
                </category>
              </category>
              <category corresp="#none">
                <catDesc>
                  <num type="boolean" value="0"/>
                </catDesc>
                <catDesc rend="label">none</catDesc>
              </category>
            </category>
            <category xml:id="browseBy" rend="multiselect">
              <catDesc rend="label">Browse by</catDesc>
              <catDesc><ref target="#K4.3">cf. Guidelines 4.3</ref>By which categories does the project offer to browse the contents?</catDesc>
              <category xml:id="authors">
                <catDesc>
                  <num type="boolean" value="0"/>
                </catDesc>
                <catDesc rend="label">Authors</catDesc>
              </category>
              <category xml:id="works">
                <catDesc>
                  <num type="boolean" value="0"/>
                </catDesc>
                <catDesc rend="label">Works</catDesc>
              </category>
              <category xml:id="versions">
                <catDesc>
                  <num type="boolean" value="0"/>
                </catDesc>
                <catDesc rend="label">Versions</catDesc>
              </category>
              <category xml:id="structure">
                <catDesc>
                  <num type="boolean" value="1"/>
                </catDesc>
                <catDesc rend="label">Structure</catDesc>
                <catDesc rend="help">Select this if the project allows browsing by elements used to structure a text, e.g. chapters, sections, paragraphs, etc.</catDesc>
              </category>
              <category xml:id="pages">
                <catDesc>
                  <num type="boolean" value="1"/>
                </catDesc>
                <catDesc rend="label">Pages</catDesc>
              </category>
              <category xml:id="documents2">
                <catDesc>
                  <num type="boolean" value="0"/>
                </catDesc>
                <catDesc rend="label">Documents</catDesc>
                <catDesc rend="help">Select this if the project offers to browse by individual source objects, e.g. by the individual letters in a letter-edition, the individual charters in a charter-edition, etc.</catDesc>
              </category>
              <category xml:id="typeOfMaterial">
                <catDesc>
                  <num type="boolean" value="0"/>
                </catDesc>
                <catDesc rend="label">Type of material</catDesc>
              </category>
              <category xml:id="images2">
                <catDesc>
                  <num type="boolean" value="0"/>
                </catDesc>
                <catDesc rend="label">Images</catDesc>
              </category>
              <category xml:id="dates">
                <catDesc>
                  <num type="boolean" value="0"/>
                </catDesc>
                <catDesc rend="label">Dates</catDesc>
              </category>
              <category xml:id="persons">
                <catDesc>
                  <num type="boolean" value="0"/>
                </catDesc>
                <catDesc rend="label">Persons</catDesc>
              </category>
              <category xml:id="places">
                <catDesc>
                  <num type="boolean" value="0"/>
                </catDesc>
                <catDesc rend="label">Places</catDesc>
              </category>
              <category corresp="#other">
                <catDesc>
                  <num type="boolean" value="0"/>
                </catDesc>
                <catDesc rend="label">other</catDesc>
                <category corresp="#free">
                  <gloss>choose \'other\' above</gloss>
                </category>
              </category>
            </category>
          </category>
          <category xml:id="search">
            <catDesc rend="label">Search</catDesc>
            <category xml:id="simple" rend="radio">
              <catDesc rend="label">Simple</catDesc>
              <catDesc><ref target="#K4.4">cf. Guidelines 4.4</ref>Does the project offer a simple search?<num type="boolean" value="1"/></catDesc>
            </category>
            <category xml:id="advanced" rend="radio">
              <catDesc rend="label">Advanced</catDesc>
              <catDesc><ref target="#K4.4">cf. Guidelines 4.4</ref>Does the project offer an advanced search?<num type="boolean" value="0"/></catDesc>
              <catDesc rend="help">any search that offers more complex search than just a word or a phrase, e.g. boolean operators, wildcards, restricted search, etc.</catDesc>
            </category>
            <category xml:id="wildcard" rend="radio">
              <catDesc rend="label">Wildcards</catDesc>
              <catDesc><ref target="#K4.4">cf. Guidelines 4.4</ref>Does the search support the use of wildcards?<num type="booleanX" value="1"/></catDesc>
              <catDesc rend="help">any search that offers to substitute a defined set of possible characters by special characters, e.g. ‘king*’ searching for ‘king’, ‘kings’, ‘kingdom’, etc.</catDesc>
            </category>
            <category xml:id="index" rend="radio">
              <catDesc rend="label">Index</catDesc>
              <catDesc><ref target="#K4.4">cf. Guidelines 4.4</ref>Does the search offer an index of the searched field?<num type="booleanX" value="1"/></catDesc>
              <catDesc rend="help">Select yes if it is possible to access an index of a search field, e.g. if the search field ‘author’ is present, a list of all authors the project contains is accessible</catDesc>
            </category>
            <category xml:id="suggest" rend="radio">
              <catDesc rend="label">Suggest functionalities</catDesc>
              <catDesc><ref target="#K4.4">cf. Guidelines 4.4</ref>Does the search offer autocompletion or suggest functionalities?<num type="booleanX" value="0"/></catDesc>
              <catDesc rend="help">any search that offers possible search as soon as the first characters are typed into the search field</catDesc>
            </category>
            <category xml:id="helptext" rend="radio">
              <catDesc rend="label">Helptext</catDesc>
              <catDesc><ref target="#K4.4">cf. Guidelines 4.4</ref>Does the project offer help texts for the search?<num type="booleanX" value="0"/></catDesc>
              <catDesc rend="help">texts that explain how to use the search function, e.g. explanation of wildcard characters, operators, etc.</catDesc>
            </category>
          </category>
          <category xml:id="aim">
            <catDesc rend="label">Aim</catDesc>
            <category xml:id="audience" rend="multiselect">
              <catDesc rend="label">Audience</catDesc>
              <catDesc><ref target="#K3.3">cf. Guidelines 3.3</ref>Who is the intended audience of the project?</catDesc>
              <category xml:id="scholars">
                <catDesc>
                  <num type="boolean" value="1"/>
                </catDesc>
                <catDesc rend="label">Scholars</catDesc>
              </category>
              <category xml:id="interestedPublic">
                <catDesc>
                  <num type="boolean" value="0"/>
                </catDesc>
                <catDesc rend="label">Interested public</catDesc>
              </category>
            </category>
            <category xml:id="typology" rend="select">
              <catDesc rend="label">Typology</catDesc>
              <catDesc><ref target="#K3.3 #K5.1">cf. Guidelines 3.3 and 5.1</ref>Which type fits best for the reviewed project?</catDesc>
              <category xml:id="facsimileEdition">
                <catDesc>
                  <num type="boolean" value="0"/>
                </catDesc>
                <catDesc rend="label">Facsimile Edition</catDesc>
                <catDesc rend="help">focuses on the visual layer of texts with additional information for access and understanding; no transcription</catDesc>
              </category>
              <category xml:id="archiveEdition">
                <catDesc>
                  <num type="boolean" value="0"/>
                </catDesc>
                <catDesc rend="label">Archive Edition</catDesc>
                <catDesc rend="help">focuses on the width of a work, the documents of its transmission, its context; aims at completeness</catDesc>
              </category>
              <category xml:id="documentaryEdition">
                <catDesc>
                  <num type="boolean" value="0"/>
                </catDesc>
                <catDesc rend="label">Documentary Edition</catDesc>
                <catDesc rend="help">related to the school of "documentary editing", focusses on the documents rather than on abstract texts; tries to give truthful representations of the documents with (often: diplomatic) transcription and additional information</catDesc>
              </category>
              <category xml:id="diplomaticEdition">
                <catDesc>
                  <num type="boolean" value="1"/>
                </catDesc>
                <catDesc rend="label">Diplomatic Edition</catDesc>
                <catDesc rend="help">focuses on the text (not the visual layer) of documents, tries to give a transcription as accurate as possible</catDesc>
              </category>
              <category xml:id="geneticEdition">
                <catDesc>
                  <num type="boolean" value="0"/>
                </catDesc>
                <catDesc rend="label">Genetic Edition</catDesc>
                <catDesc rend="help">focuses on the genesis of texts, usually on the level of microgenesis (within a document) sometimes on the level of macrogenesis (across documents)</catDesc>
              </category>
              <category xml:id="workCriticalEdition">
                <catDesc>
                  <num type="boolean" value="0"/>
                </catDesc>
                <catDesc rend="label">Work Critical Edition</catDesc>
                <catDesc rend="help">focuses on the (potentially: complete) work of an author, aims at completeness on the level of the abstract work (and what needs to be presented to accomplish this)</catDesc>
              </category>
              <category xml:id="textCriticalEdition">
                <catDesc>
                  <num type="boolean" value="0"/>
                </catDesc>
                <catDesc rend="label">Text Critical Edition</catDesc>
                <catDesc rend="help">focuses on the construction of a "best text" or definitive reading by means of textual criticism</catDesc>
              </category>
              <category xml:id="enrichedEdition">
                <catDesc>
                  <num type="boolean" value="0"/>
                </catDesc>
                <catDesc rend="label">Enriched Edition</catDesc>
                <catDesc rend="help">’Enriched Edition’ describes digital representations of texts that put a particular emphasis on extracting information from the text, e.g. by elaborate indices, extensive comments and annotations on the content, linking of related information, or formal representation of content</catDesc>
              </category>
              <category xml:id="databaseEdition">
                <catDesc>
                  <num type="boolean" value="0"/>
                </catDesc>
                <catDesc rend="label">Database Edition</catDesc>
                <catDesc rend="help">transforms text and documents into structured data to capture the semantic information</catDesc>
              </category>
              <category xml:id="digitalLibrary">
                <catDesc>
                  <num type="boolean" value="0"/>
                </catDesc>
                <catDesc rend="label">Digital Library</catDesc>
                <catDesc rend="help">provides a collection of scholarly material without the approach of critical engagement with single documents, texts, or works; or simple digital facsimiles; not a scholarly digital edition in the sense of the review criteria</catDesc>
              </category>
              <category xml:id="collectionOfTexts2">
                <catDesc>
                  <num type="boolean" value="0"/>
                </catDesc>
                <catDesc rend="label">Collection of Texts</catDesc>
                <catDesc rend="help">textual representations without critical commentary, the application of textual criticism or paratexts that describe, explain or contextualize the texts; not a scholarly digital edition in the sense of the review criteria</catDesc>
              </category>
              <category corresp="#other">
                <catDesc>
                  <num type="boolean" value="0"/>
                </catDesc>
                <catDesc rend="label">other</catDesc>
                <category corresp="#free">
                  <gloss>choose \'other\' above</gloss>
                </category>
              </category>
              <category corresp="#none">
                <catDesc>
                  <num type="boolean" value="0"/>
                </catDesc>
                <catDesc rend="label">none</catDesc>
              </category>
            </category>
          </category>
          <category xml:id="method">
            <catDesc rend="label">Method</catDesc>
            <category xml:id="criticalEditing" rend="multiselect">
              <catDesc rend="label">Critical editing</catDesc>
              <catDesc><ref target="#K3.6">cf. Guidelines 3.6</ref>In how far is the text critically edited?</catDesc>
              <category xml:id="transmissionExamined">
                <catDesc>
                  <num type="boolean" value="0"/>
                </catDesc>
                <catDesc rend="label">Transmission examined</catDesc>
                <catDesc rend="help">attempt to establish the transmission of the text, the results of which are traditionally reflected in a Stemma Codicum</catDesc>
              </category>
              <category xml:id="palaeographicAnnotations">
                <catDesc>
                  <num type="boolean" value="0"/>
                </catDesc>
                <catDesc rend="label">Palaeographic annotations</catDesc>
                <catDesc rend="help">accounts of the palaeographic dimension of a text</catDesc>
              </category>
              <category xml:id="normalization">
                <catDesc>
                  <num type="boolean" value="0"/>
                </catDesc>
                <catDesc rend="label">Normalization</catDesc>
                <catDesc rend="help">has the orthography been normalised according to a chosen standard (e.g. ’seyn’ to ’sein’)</catDesc>
              </category>
              <category xml:id="variants">
                <catDesc>
                  <num type="boolean" value="0"/>
                </catDesc>
                <catDesc rend="label">Variants</catDesc>
                <catDesc rend="help">accounts of textual variants, i.e. textual differences between documents transmitting the same text</catDesc>
              </category>
              <category xml:id="emendation">
                <catDesc>
                  <num type="boolean" value="0"/>
                </catDesc>
                <catDesc rend="label">Emendation</catDesc>
                <catDesc rend="help">corrections or revisions have been applied to the text</catDesc>
              </category>
              <category xml:id="commentaryNotes">
                <catDesc>
                  <num type="boolean" value="0"/>
                </catDesc>
                <catDesc rend="label">Commentary notes</catDesc>
                <catDesc rend="help">comments regarding any of the phenomena mentioned before or other textual phenomena (not regarding the content)</catDesc>
              </category>
              <category corresp="#other">
                <catDesc>
                  <num type="boolean" value="0"/>
                </catDesc>
                <catDesc rend="label">other</catDesc>
                <category corresp="#free">
                  <gloss>choose \'other\' above</gloss>
                </category>
              </category>
              <category corresp="#none">
                <catDesc>
                  <num type="boolean" value="1"/>
                </catDesc>
                <catDesc rend="label">none</catDesc>
              </category>
            </category>
            <category xml:id="standards" rend="radio">
              <catDesc rend="label">Standards</catDesc>
              <catDesc><ref target="#K3.7">cf. Guidelines 3.7</ref>Is the project employing a standardized data model (e.g. TEI)?<num type="boolean" value="0"/></catDesc>
            </category>
            <category xml:id="textType" rend="multiselect">
              <catDesc rend="label">Types of text</catDesc>
              <catDesc><ref target="#K3.5">cf. Guidelines 3.5.</ref>Which kinds or forms of text are presented?</catDesc>
              <category xml:id="facsimiles">
                <catDesc>
                  <num type="boolean" value="1"/>
                </catDesc>
                <catDesc rend="label">Facsimiles</catDesc>
                <catDesc rend="help">any copy of historical documents</catDesc>
              </category>
              <category xml:id="diplomaticTranscriptions">
                <catDesc>
                  <num type="boolean" value="1"/>
                </catDesc>
                <catDesc rend="label">Diplomatic transcription</catDesc>
                <catDesc rend="help">transcription of the document taking account of features like spelling, punctuation, abbreviations, deletions, insertions, alterations, etc.</catDesc>
              </category>
              <category xml:id="editedText">
                <catDesc>
                  <num type="boolean" value="0"/>
                </catDesc>
                <catDesc rend="label">Edited text</catDesc>
                <catDesc rend="help">a reading text as constituted by the editor(s), based on procedures like recensio, examinatio, emendatio, correction, modernization etc.</catDesc>
              </category>
              <category xml:id="translations">
                <catDesc>
                  <num type="boolean" value="0"/>
                </catDesc>
                <catDesc rend="label">Translations</catDesc>
                <catDesc rend="help">any translations into languages different from that of the original text</catDesc>
              </category>
              <category xml:id="commentaries">
                <catDesc>
                  <num type="boolean" value="0"/>
                </catDesc>
                <catDesc rend="label">Commentaries</catDesc>
                <catDesc rend="help">scholarly commentary on the content of the documents</catDesc>
              </category>
              <category xml:id="semanticData">
                <catDesc>
                  <num type="boolean" value="0"/>
                </catDesc>
                <catDesc rend="label">Semantic data</catDesc>
                <catDesc rend="help">transformation of the text (e.g. an account book) into a database or representation of its content as RDF or the like</catDesc>
              </category>
            </category>
          </category>
          <category xml:id="technicalAccessability">
            <catDesc rend="label">Technical accessability</catDesc>
            <category xml:id="persistentIdentification" rend="select">
              <catDesc rend="label">Persistent Identification and Addressing</catDesc>
              <catDesc><ref target="#K4.8">cf. Guidelines 4.8</ref>Are there persistent identifiers and an addressing system for the edition and/or parts/objects of it and which mechanism is used to that end?</catDesc>
              <category xml:id="DOI">
                <catDesc>
                  <num type="boolean" value="0"/>
                </catDesc>
                <catDesc rend="label">DOI</catDesc>
                <catDesc rend="help">Digital Object Identifier according to the definition of the The International DOI Foundation. The DOIs should be resolvable through<ref>http://doi.org/</ref></catDesc>
              </category>
              <category xml:id="ARK">
                <catDesc>
                  <ref>https://wiki.ucop.edu/display/Curation/ARK</ref>
                  <num type="boolean" value="0"/>
                </catDesc>
                <catDesc rend="label">ARK</catDesc>
                <catDesc rend="help">Archival Resource Key according to the definition of the California Digital Library. An ARK URL contains the label: ‘ark’ after the URL’s hostname.</catDesc>
              </category>
              <category xml:id="URN">
                <catDesc>
                  <num type="boolean" value="0"/>
                </catDesc>
                <catDesc rend="label">URN</catDesc>
                <catDesc rend="help">Uniform Resource Name using the urn: scheme. URNs always start with the label ’urn:’</catDesc>
              </category>
              <category xml:id="PURL.ORG">
                <catDesc>
                  <num type="boolean" value="0"/>
                </catDesc>
                <catDesc rend="label">PURL.ORG</catDesc>
                <catDesc rend="help">Persistent Uniform Resource Locator using the PURL concept and administered by the Online Computer Library Center</catDesc>
              </category>
              <category corresp="#other">
                <catDesc>
                  <num type="boolean" value="0"/>
                </catDesc>
                <catDesc rend="label">other service</catDesc>
                <catDesc rend="help">choose this if an external service other than the above options is used</catDesc>
                <category corresp="#free">
                  <gloss>choose \'other\' above</gloss>
                </category>
              </category>
              <category xml:id="persistentURLs">
                <catDesc>
                  <num type="boolean" value="0"/>
                </catDesc>
                <catDesc rend="label">Persistent URLs</catDesc>
                <catDesc rend="help">choose this if the project promises permanent URLs or uses a local resolving system between URLs and underlying technical addresses but does not use any of the external services mentioned in the options</catDesc>
              </category>
              <category corresp="#none">
                <catDesc>
                  <num type="boolean" value="1"/>
                </catDesc>
                <catDesc rend="label">none</catDesc>
                <catDesc rend="help">choose this if no persistent identifiers and adressing system are used at all</catDesc>
              </category>
            </category>
            <category xml:id="interfaces" rend="multiselect">
              <catDesc rend="label">Interfaces</catDesc>
              <catDesc><ref target="#K4.9">cf. Guidelines 4.9</ref>Are there technical interfaces like OAI-PMH, REST etc., which allow the reuse of the data of the project in other contexts?</catDesc>
              <category xml:id="OAI-PMH">
                <catDesc>
                  <num type="boolean" value="0"/>
                </catDesc>
                <catDesc rend="label">OAI-PMH</catDesc>
              </category>
              <category xml:id="REST">
                <catDesc>
                  <num type="boolean" value="0"/>
                </catDesc>
                <catDesc rend="label">REST</catDesc>
              </category>
              <category xml:id="generalAPI">
                <catDesc>
                  <num type="boolean" value="0"/>
                </catDesc>
                <catDesc rend="label">General API</catDesc>
              </category>
              <category corresp="#other">
                <catDesc>
                  <num type="boolean" value="0"/>
                </catDesc>
                <catDesc rend="label">other</catDesc>
                <category corresp="#free">
                  <gloss>choose \'other\' above</gloss>
                </category>
              </category>
              <category corresp="#none">
                <catDesc>
                  <num type="boolean" value="1"/>
                </catDesc>
                <catDesc rend="label">none</catDesc>
              </category>
              <category corresp="#unknown">
                <catDesc>
                  <num type="boolean" value="0"/>
                </catDesc>
                <catDesc rend="label">unknown</catDesc>
              </category>
            </category>
            <category xml:id="basicDataAccessible" rend="radio">
              <catDesc rend="label">Accessability of the basic data</catDesc>
              <catDesc><ref target="#K4.12">cf. Guidelines 4.12</ref>Is the basic data (e.g. the XML) of the project accessible for each part of the edition (e.g. for a page)?<num type="boolean" value="0"/></catDesc>
              <catDesc rend="help">basic data: the data from which the HTML or other spin-offs have been produced, e.g. the XML of a specific part of the project. If the basic data is only accessible as a download package containing the entire data, select ’no’ here.</catDesc>
            </category>
            <category xml:id="download" rend="radio">
              <catDesc rend="label">Download</catDesc>
              <catDesc><ref target="#K4.9">cf. Guidelines 4.9</ref>Can the entire raw data of the project be downloaded (as a whole)?<num type="boolean" value="0"/></catDesc>
              <catDesc rend="help">can the basic data be downloaded as a whole via HTTP- or FTP-Link, i.e. not only individual parts like the XML of a specific part of the project</catDesc>
            </category>
            <category xml:id="reuse" rend="radio">
              <catDesc rend="label">Reuse</catDesc>
              <catDesc><ref target="#K4.9">cf. Guidelines 4.9</ref>Can you use the data with other tools useful for this kind of content?<num type="boolean" value="0"/></catDesc>
            </category>
            <category xml:id="rights">
              <catDesc rend="label">Rights</catDesc>
              <category xml:id="declared" rend="radio">
                <catDesc rend="label">Declared</catDesc>
                <catDesc><ref target="#K4.13">cf. Guidelines 4.13</ref>Are the rights to (re)use the content declared?<num type="boolean" value="0"/></catDesc>
              </category>
              <category xml:id="license" rend="select">
                <catDesc rend="label">License</catDesc>
                <catDesc><ref target="#K4.8">cf. Guidelines 4.8</ref>Under what license are the contents released?</catDesc>
                <category xml:id="CC0">
                  <catDesc>
                    <num type="boolean" value="0"/>
                  </catDesc>
                  <catDesc rend="label">CC0</catDesc>
                  <catDesc rend="help">Creative Commons license CC0 applied</catDesc>
                </category>
                <category xml:id="CC-BY">
                  <catDesc>
                    <num type="boolean" value="0"/>
                  </catDesc>
                  <catDesc rend="label">CC-BY</catDesc>
                  <catDesc rend="help">Creative Commons license CC-BY applied</catDesc>
                </category>
                <category xml:id="CC-BY-ND">
                  <catDesc>
                    <num type="boolean" value="0"/>
                  </catDesc>
                  <catDesc rend="label">CC-BY-ND</catDesc>
                  <catDesc rend="help">Creative Commons license CC-BY-ND applied</catDesc>
                </category>
                <category xml:id="CC-BY-NC">
                  <catDesc>
                    <num type="boolean" value="0"/>
                  </catDesc>
                  <catDesc rend="label">CC-BY-NC</catDesc>
                  <catDesc rend="help">Creative Commons license CC-BY-NC applied</catDesc>
                </category>
                <category xml:id="CC-BY-SA">
                  <catDesc>
                    <num type="boolean" value="0"/>
                  </catDesc>
                  <catDesc rend="label">CC-BY-SA</catDesc>
                  <catDesc rend="help">Creative Commons license CC-BY-SA applied</catDesc>
                </category>
                <category xml:id="CC-BY-NC-ND">
                  <catDesc>
                    <num type="boolean" value="0"/>
                  </catDesc>
                  <catDesc rend="label">CC-BY-NC-ND</catDesc>
                  <catDesc rend="help">Creative Commons license CC-BY-NC-ND applied</catDesc>
                </category>
                <category xml:id="CC-BY-NC-SA">
                  <catDesc>
                    <num type="boolean" value="0"/>
                  </catDesc>
                  <catDesc rend="label">CC-BY-NC-SA</catDesc>
                  <catDesc rend="help">Creative Commons license CC-BY-NC-SA applied</catDesc>
                </category>
                <category xml:id="PDM">
                  <catDesc>
                    <num type="boolean" value="0"/>
                  </catDesc>
                  <catDesc rend="label">PDM</catDesc>
                  <catDesc rend="help">Work is in the Public Domain</catDesc>
                </category>
                <category corresp="#other">
                  <catDesc>
                    <num type="boolean" value="0"/>
                  </catDesc>
                  <catDesc rend="label">other</catDesc>
                  <category corresp="#free">
                    <gloss>choose \'other\' above</gloss>
                  </category>
                </category>
                <category xml:id="no-licence">
                  <catDesc>
                    <num type="boolean" value="1"/>
                  </catDesc>
                  <catDesc rend="label">No explicit licence / all rights reserved.</catDesc>
                </category>
                <category corresp="#unknown">
                  <catDesc>
                    <num type="boolean" value="0"/>
                  </catDesc>
                  <catDesc rend="label">unknown</catDesc>
                </category>
              </category>
            </category>
          </category>
          <category xml:id="other">
            <catDesc>other values than specified by the given list<num type="boolean" value="0"/></catDesc>
          </category>
          <category xml:id="none">
            <catDesc>none of the values specified by the given list<num type="boolean" value="0"/></catDesc>
          </category>
          <category xml:id="unknown">
            <catDesc>unknown<num type="boolean" value="0"/></catDesc>
          </category>
          <category xml:id="free">
            <catDesc>free text<term type="text"/></catDesc>
          </category>
        </taxonomy>
      </classDecl>
    </encodingDesc>
    <profileDesc>
      <calendarDesc>
        <calendar xml:id="cal_Gregorian">
          <p>Gregorian calendar</p>
        </calendar>
      </calendarDesc>
      <textClass>
        <catRef/>
      </textClass>
    </profileDesc>
  </teiHeader>
  <text>
    <body>
      <div type="abstract">
        <p>This paper reviews a semi-diplomatic edition of the oldest gloss commentary on Martianus Capella's <emph>De nuptiis Philologiae et Mercurii</emph>, a popular fifth-century encyclopaedic allegory of the seven liberal arts. Based on and including facsimiles of a ninth-century manuscript from Leiden University Library (Vossianus Latinus Folio 48), the edition was produced collaboratively by various specialists. While it succeeds in providing full access to an important textual witness to a rich commentary tradition – the complex nature of which defies any attempts at capture in a print edition – the integration of a deeper critical analysis of the textual transmission and an augmentation of the material presented is still desirable.</p>
      </div>
      <div type="text">
        <div type="div2">
          <head>Einleitung</head>
          <p>Die Webseite <emph>Carolingian Scholarship and Martianus Capella</emph> bietet eine digitale semi-diplomatische Edition der aus dem 9. Jahrhundert stammenden Handschrift Leiden, Universitätsbibliothek, Vossianus Latinus Folio 48. Die Handschrift gilt als einer der vier wichtigsten Textzeugen für die im Zuge der karolingischen Bildungsreformen einsetzenden umfangreichen Kommentierungen der ‘Hochzeit der Philologie mit Merkur’ – <emph>De nuptiis Philologiae et Mercurii</emph>. Das Werk selbst war im 5. Jahrhundert von dem heidnischen Autor Martianus Capella verfasst worden und erfreute sich als allegorisch-enzyklopädisches Lehrstück das gesamte Mittelalter hindurch großer Beliebtheit, von der auch die späteren Kommentierungen durch namhafte Autoren wie Johannes Scotus Eriugena und Remigius von Auxerre zeugen. In der mythologischen Rahmenhandlung gibt Philologia (als personifizierte Gelehrsamkeit) ihrem Bräutigam Merkur (für die Beredsamkeit stehend) die sieben freien Künste als Brautgaben dar (Buch I-II), die dann im Einzelnen vorgestellt und ausführlich beschrieben werden (Buch III-IX).</p>
          <figure>
            <head>Startseite der Glossenedition</head>
            <graphic url="picture-1.png"/>
          </figure>
          <p>Der Kommentar ist in insgesamt sechzehn Handschriften überliefert, von denen zwölf aus dem 9. Jh. stammen; eine Teiledition (basierend auf der unvollständigen Handschrift Paris, BnF lat. 12960) wurde 1944 von Cora Lutz vorgelegt.<note xml:id="ftn1" n="1">Lutz weist den Kommentar der Autorschaft des irischen Bischofs Dunchad zu, der Anfang des 9. Jh.s in der Abtei von Sankt Remigius in Rheims gelehrt haben soll. Vgl. Manitius II/1 1911, 525f. </note> Unter der wissenschaftlichen Leitung von Mariken Teeuwen sind hier nun die Glossen- und Interlinearkommentare erstmals vollständig von einem internationalen Verbund von Fachleuten herausgegeben worden:</p>
          <list type="unordered">
            <item>Buch I-II (Hochzeitserzählung): S. O'Sullivan (Queen's University Belfast).</item>
            <item>Buch III (Grammatik): M.J. Teeuwen (Huygens ING, Den Haag), unter Mitarbeit von Iris Savelkouls und A.P. Orbán (beide Universiteit Utrecht).</item>
            <item>Buch IV (Dialektik): M. Garrison (University of York) und M.J. Teeuwen, Transkript; Thomas Brouwer (Universiteit Leiden), Korrektur und Emendation.</item>
            <item>Buch V (Rhetorik): M. Garrison und M.J. Teeuwen, Transkript; Aleksander Sroczynski (Universiteit Utrecht), Korrektur und Emendation. </item>
            <item>Buch VI (Geometrie): N. Lozovsky (University of California, Berkeley). </item>
            <item>Buch VII (Astronomie): B.S. Eastwood (University of Kentucky).</item>
            <item>Buch VIII (Arithmetik): M.J. Teeuwen, Transkript; J.-Y. Guillaumin (Université de Franche-Comté), Korrektur, Emendation und Kommentar.</item>
            <item>Buch IX (Musik): M.J. Teeuwen.</item>
          </list>
          <p>Die hier zu besprechende digitale Textausgabe erscheint auf der vom Huygens Institut in Den Haag entwickelten und für verschiedene Editonsprojekte angewendeten Publikationsplattform <emph>eLaborate</emph>. Neben der eigentlichen Edition hat das Forschungsprojekt noch diverse wissenschaftliche Publikationen zum weiteren Themenkomplex des karolingischen Bildungswesens hervorgebracht.<note xml:id="ftn2" n="2">Siehe vor allem Teeuwen 2011. Informationen zu weiteren Druckpublikationen finden sich auf der Webseite.</note>                </p>
          <p>Ein wichtiges Ergebnis der im Rahmen des Projektes betriebenen Forschungen besteht nach Auffassung der Herausgeberinnen darin, dass sich die hier edierten frühesten Glossenkommentare nicht, wie es die frühe Forschung mehrfach unternahm, auf einen einzelnen Autor zurückführen lassen, sondern in der Zeit zwischen 820 und 840 in regem Austausch der an den karolingischen Klöstern und Höfen diskutierenden und kommentierenden Gelehrten entstanden sind. Auch das ist ein Grund dafür, dass sich die Edition an der Fassung einer bestimmten Handschrift und nicht an einem zu rekonstruierenden Autorentext ausrichtet.</p>
          <p>Das Editionsprojekt wurde von Mai 2003 bis Mai 2007 durch die <emph>Nederlandse Organisatie voor Wetenschappelijk Onderzoek</emph> (NWO) finanziell getragen, am Huygens-Institut der <emph>Koninklijke Nederlandse Akademie van Wetenschappen</emph> (KNAW) gehosted und enstand in Kooperation mit einer Forschergruppe der Geisteswissenschaftliche Fakultät der Universität von Utrecht. Seit November 2008 ist es online und ohne Zugriffsbeschränkungen zugänglich; die Urheberrechte behält sich das Huygens-Institut vor. Nach einigen Revisionen versteht sich die Webpräsentation bis heute als <emph>work in progress</emph>: ‘The content is unfixed, and regular updates and revisions are constantly published.‘ Allerdings ist für den Leser bzw. User nicht nachvollziehbar, welche Änderungen zu welchem Zeitpunkt seit der Erstveröffentlichung bis heute vorgenommen worden sind. Als Datum einer letzten Aktualisierung ist August 2011 angegeben.</p>
        </div>
        <div type="div2">
          <head>Inhalte und Methoden</head>
          <p>Die Edition bietet schwarz-weiß Faksimiles der zugrunde liegenden Handschrift von leider nur mäßiger Qualität. Hochauflösende Farbphotographien derselben Handschrift, die auf einem Online-Portal der Leidener Universitätsbibliothek frei zugänglich sind (Socrates 2009), konnten oder durften bedauerlicherweise nicht in die Edition eingebunden werden. Ein Hinweis auf deren Existenz (mit derzeitig nicht funktionsfähigem Link) findet sich bei dem jeweils ersten Schwarz-Weiß-Faksimile eines jeden Buchs. Desweiteren liefert Mariken Teeuwen eine sehr detaillierte Beschreibung der Handschrift auf dem neuesten Stand der Forschung ab und spricht ihr wohl zu Recht eine ‘große Persönlichkeit’ zu, da sie eine Vielzahl von Anmerkungen u.a. von der Hand des Bischofs Ratherius von Verona aus dem 10. Jh. enthält. Eine kürzere und eine ausführlichere allgemeine Einleitung zu Projekt und Edition, eine Bibliographie sowie eine Bedienungsanweisung und ein ‘Kolophon’ mit grundlegenden Informationen und einer Zitationsempfehlung erlauben dem Leser eine sachgerechte Nutzung der Webseite und führen so fachmännisch wie allgemeinverständlich in die Projektziele und Editionsinhalte ein.</p>
          <figure>
            <head> Navigations-Panel: Index der Webseite</head>
            <graphic url="picture-2.png"/>
          </figure>
          <p>Da es sich um ein ausgesprochen komplexes und fluides Textmaterial handelt und keine zwei Textzeugen dasselbe Korpus an Glossen aufweisen, haben die Editoren den pragmatischen Beschluss gefasst, die Glossen und den zugrunde liegenden Text so wiederzugeben, wie er in der für die Textgeschichte zentralen Leidener Handschrift Vossianus Latinus Folio 48, fol. 2r-91v überliefert ist. Das als semi-diplomatisch ausgewiesene Transkript dieser Handschrift (s.u.) wurde gegen drei weitere handschriftliche Textzeugen sowie gegen die Editionstexte der Kommentare von ‚Dunchad‘ (d.i. die Edition von Lutz), Johannes Scotus und Remigius von Auxerre korrigierend gegengelesen. Allerdings wurde auf eine durchgängige textkritische Annotation verzichtet, in der konsequent Varianzen anderer Handschriften angezeigt würden. Je nach Abschnitt bzw. Bearbeiter finden sich im Text aber mehr oder weniger zahlreiche Anmerkungen (kursiv und durch geschweiften Klammern vom Editionstext abgesetzt) mit Hinweisen auf besondere textliche Probleme, auf ggf. vorliegende Zeichnungen und Diagramme in der Handschrift oder auf Parallelstellen bei anderen Kommentaren etc. Auf eine klarere Trennung von Editionstext und editorischen Anmerkungen, z.B. durch eine Verteilung auf verschiedene Panels, wurde verzichtet.</p>
          <p>Der Text ist gemäß seiner Werkstruktur in die einzelnen Bücher unterteilt und innerhalb der einzelnen Bücher auf der Ebene der einzelnen Handschriftenseiten. Zusätzlich ist der Haupttext mit der für die Martianus-Editionen maßgebliche Paragraphenzählung (§§ 1-1000) versehen. Die Transkription des Haupttextes ist zeilengetreu, so dass der Vergleich mit der Handschrift relativ leicht fällt. Die Transkription selber wird als semi-diplomatisch bezeichnet, d.h. Abkürzungen sind stillschweigend aufgelöst, Interpunktion sowie Groß- und Kleinschreibung folgt modernen Konventionen. Die Behandlung von <emph>u</emph> und <emph>v</emph> ist uneinheitlich. Mal wird positionsbedingt nach <emph>v </emph>normalisiert (<emph>uinclis </emph>wird <emph>vinclis</emph>; <emph>foues</emph> wird <emph>foves</emph>; <emph>vel</emph>), mal nicht (<emph>uicissim</emph>; <emph>Iouis</emph>; <emph>uel</emph>). <emph>e</emph> und <emph>e-caudata</emph> werden i.d.R. als <emph>ae</emph> wiedergegeben, wo sie auf Diphtonge zurückgehen. Doch sind auch hier Ausnahmen zu finden (bspw. <emph>grece</emph> oder <emph>celum</emph>). Tilgungen durch Expunktion oder Rasur werden i.d.R. als Streichungen wiedergegeben, Superskripte (innerhalb des Haupttextes oder innerhalb des Kommentartextes) werden auch als Superskripte ausgegeben. Die jeweils zugrundeliegenden Rohdaten werden nicht mitgeliefert. Auch werden keine Aussagen darüber gemacht, in welchem Format die digitalen Texte vorliegen.</p>
          <figure>
            <head>Navigations-Panel: Index des Editionstextes </head>
            <graphic url="picture-3.png"/>
          </figure>
          <p>Der Editionstext ist in Haupttext und Glossentext aufgeteilt. Beide lassen sich auf unterschiedlichen Texttafeln (‘Panels’) wahlweise synoptisch oder einzeln aufrufen. Die kommentierte Textpassage und der Kommentar verweisen einerseits über diakritische Nummerierungen im Haupttext auf einander, die bei On-mouse-over den Kommentartext zusätzlich als Pop-up erscheinen lassen; andererseits verweist im Editionstext des Glossenkommentars die entsprechende Nummerierung sowie das Lemma auf die kommentierte Passage im Haupttext. Das optional auf einem weiteren Panel eingeblendete Faksimile der betreffenden Handschriftenseite ist mit einer Zoom-Funktion versehen und wandert beim Scrollen mit. Haupttext und Kommentartext sind dagegen fixiert, sodass sich die auf einander bezogenen Partien beim Hinabscrollen immer weiter voneinander entfernen.</p>
          <p>Davon abgesehen bietet das hier eingesetzte Textpräsentationstool <emph>eLaborate</emph> eine intuitive und funktionale Navigation, eine flexible Ansichtseinstellungen sowie Print- und Suchfunktionen. Die Navigation erfolgt innerhalb einer Ordnerstruktur, die auch in der URL abgebildet ist und eine einfache Orientierung und bis auf die Ebene der Handschriftenseiten genaue Adressierung ermöglicht. Auch eine Adressierung der auf jedem Folio durchnummerierten Kommentaranmerkungen ist grundsätzlich möglich, z.B.: &lt;<ptr target="http://martianus.huygensinstituut.knaw.nl/path/facsimile/leiden_vossianus_48/book_2_de_nuptiis/folio_11r#a-84"/>&gt;.</p>
          <p>Doch erscheint der Editionstext der angesteuerten Glosse bei höheren Nummern (wie hier Glossen-Nr. 84 auf Folio 11 in Buch II) nicht genau im Anzeigefenster und wird auch nicht hervorgehoben. Eine alternative Zitationsweise über die Werkstruktur wird technisch nicht unterstützt, d.h. die Paragraphen sind nicht direkt ansteuerbar; der Verweis auf die Glosse zu einem bestimmten Lemma innerhalb eines bestimmten Paragraphen ist aber nachvollziehbar. Im oben genannten Fall also beispielsweise: De nuptiis II,102, ad ‘numeri’.</p>
          <p>Eine standardgemäße Suchfunktion umspannt wahlweise die gesamte Edition oder nur die aktuelle Seite. Suchergebnisse werden nach Treffern in ‘Texten’ (i.e. begleitende Texte), ‘Transkriptionen’ (i.e. Haupttext) und ‘Annotationen’ (i.e. Glossen) gruppiert. Zusätzlich gibt es eine <emph>Fuzzy Search</emph>, die insbesondere für das Durchsuchen der quellennahen Transkription von größtem Nutzen ist, da sie orthographische oder grammatikalische Abweichungen bis zu einem gewissen Grad toleriert. Alternative Zugänge z.B. über Wortregister werden nicht geboten.</p>
          <figure>
            <head>Synopse von Faksimile, Transkription des Haupttexts und der Glossen</head>
            <graphic url="picture-4.png"/>
          </figure>
        </div>
        <div type="div2">
          <head>Fazit</head>
          <p>Die Edition stellt sich selbst an die Seite anderer digitaler Editionen mittelalterlicher Glossenkommentare wie die der Glossen Ekkeharts IV. im Kodex Sangallensis 621, herausgegeben von Heidi Eisenhut und Max Bänziger, und die der alt-irischen und lateinischen Glossen im Priscian Kodex Sangallensis 904, transkribiert von Rijcklof Hofman und herausgegeben von Pádraic Moran.<note xml:id="ftn3" n="3">Die Veröffentlichung der Ergebnisse eines weiteren Editionsprojekts – zu den Glossenkommentaren zu Boethuis‘ <emph>Consolatio Philosophiae</emph> – steht noch aus: <emph>Boethius in Early Medieval Europe – Commentary on The Consolation of Philosophy from the 9th to the 11th centuries</emph>.</note> Daneben ist auch ein weiteres digitales Editionsunternehmen zu nennen, dass kurioserweise denselben Text, allerdings in einer späteren Handschrift zum Gegenstand hat und nach bereits länger zurückliegenden Ankündigungen seitens der Herausgeber zwischenzeitig versandet zu sein schien, schließlich aber doch zu einer digitalen Publikation gefunden hat: Die Glossen zu Martianus Capella im Codex 193 der Kölner Dombibliothek (Isépy und Posselt 2010).<note xml:id="ftn4" n="4">Den Aussagen der Herausgeber gemäß, befindet sich die derzeitige Online-Fassung weiterhin in der Entwicklung. Unter derselben Herausgeberschaft ist 2010 auch eine Druckfassung erschienen.</note> Eine inhaltliche oder technische Kooperation (nicht einmal in Form eines gegenseitigen Verlinkens) zwischen den beiden Martianus Capella-Editionen hat nicht stattgefunden. Gleichwohl bilden sie gemeinsam mit den vorgenannten Glosseneditionen allesamt wichtige Meilensteine auf dem Wege hin zu einer Etablierung und Optimierung wissenschaftlicher digitaler Editionen einer Textsorte, die einer für die mittelalterliche Bildungswelt so charakteristischen Rezeptions- und Kommentierungspraxis entspringen und die aufgrund ihrer komplexen und vielschichtigen Textlichkeit in Buchform immer nur auf unbefriedigende Weise wiederzugeben sind. Das Digitale bietet hier zweifellos vielversprechende Mittel und Wege, die es erlauben, dem Gegenstand gerechter zu werden und die Nutzbarkeit für den Leser und die Forschung zu erhöhen.</p>
          <p>Vor diesem Hintergrund wirkt es nahezu ironisch und wie ein methodologischer Rückschritt, dass sich die an das hier besprochene Editionsprojekt anschließende und auf deren Ergebnissen aufbauende kritische Erschließung der gesamten Überlieferung der frühesten Glossenkommentare zu <emph>De nuptiis</emph> ausgerechnet in zwei Druckpublikationen der Reihe des Corpus Christianorum erfolgt. Ein erster Band, der die beiden ersten Bücher umfasst, ist bereits erschienen (O’Sullivan 2010). Die Veröffentlichung des zweiten Bandes mit einer semi-diplomatischen Edition der Bücher 3-9 ist in Planung.<note xml:id="ftn5" n="5">Gemäß der Auskunft unter ‘Aim of the project‘: &lt;<ptr target="http://web.archive.org/web/20140413134558/http://martianus.huygensinstituut.knaw.nl/path/aim_of_the_project "/>&gt;.</note> Die Übereinstimmung der 20 handschriftlichen Textfassungen scheint also – zumindest bei den ersten beiden Büchern – doch größer zu sein als deren Abweichungen untereinander, so dass eine integrative kritische Textfassung, die auf den Lesarten aller relevanten Textzeugen beruht oder diese doch mit einzubeziehen im Stande ist, als möglich und sinnvoll erachtet werden kann. Als Vorteile der Buchpublikation darf der professionelle Publikationsweg, das hohe Prestige der Reihe und die gesicherte Aussicht darauf, von der Fachforschung wahrgenommen und rezipiert zu werden, nicht gering geschätzt werden. Dass sich die Möglichkeiten und der zu gewärtigende Mehrwert einer fortschreitenden kritischen Aufbereitung der hier besprochenen digitalen Editionstexte durch die Bindung an den Verlag deutlich reduzieren, muss man insbesondere nach Auslaufen der Projektförderung billigend in Kauf nehmen. Die Wertschätzung der digitalen semi-diplomatischen Edition der Glossenkommentare zu <emph>De nuptiis</emph> fällt dadurch allerdings – zumindest in der Wahrnehmung der fachwissenschaftlichen Forschung – unweigerlich auf einen Stand, den man für gewöhnlich reinen Vorstudien beimisst.</p>
          <p>Dabei bietet die digitale Edition auf ihrem derzeitigen Stand alle technischen und institutionellen Voraussetzungen für eine kritische Anreicherung: weitere Textschichten (weitere Transkripte, Übersetzungen etc.), textkritische Annotationen, Quellenverweise und Kommentare ließen sich an die bestehenden Inhalte anbinden. Eine ausgreifende Vernetzung mit externen Ressourcen etwa durch eine Einbindung der online verfügbaren Digitalisate weiterer Handschriften (z.B. Besançon, Bibliothèque Municipale, Ms. 594<note xml:id="ftn6" n="6">&lt;<ptr target="http://memoirevive.besancon.fr/"/>&gt; (Fol. 1: &lt;<ptr target="http://web.archive.org/web/20140413133751/http://memoirevive.besancon.fr/ark:/48565/a011324049259rplCx5"/>&gt;)</note>, Leiden, Universiteitsbibliotheek, BPL 88<note xml:id="ftn7" n="7">&lt;<ptr target="https://socrates.leidenuniv.nl"/>&gt;; weitere Textzeugen BPL87 &amp; 38.</note>, oder Köln, Dombibliothek, Codex 193<note xml:id="ftn8" n="8">&lt;<ptr target="http://www.ceec.uni-koeln.de/"/>&gt;</note>) würde den Nutzen der Edition auch und gerade im Vergleich zur Buchpublikation stark vermehren. Doch auch wenn sie bleibt, wie sie ist, stellt sie einen unverzichtbaren Beitrag zur textgeschichtlichen und kulturgeschichtlichen Erforschung karolingischer Glossenkommentare dar und eine wichtige Referenz bei Entwicklung digitaler wissenschaftlicher Editionsformen.</p>
        </div>
      </div>
      <div type="references">
        <listBibl>
          <bibl><emph>Boethius in Early Medieval Europe – Commentary on The Consolation of Philosophy from the 9th to the 11th centuries</emph>. Faculty of English, University of Oxford. &lt;<ptr target="http://web.archive.org/web/20140413131114/http://www.english.ox.ac.uk/boethius/"/>&gt;.</bibl>
          <bibl><emph>eLaborate – Virtual Workspace for Social Sciences and humanities</emph>. Huygens Instituut &lt;<ptr target="http://web.archive.org/web/20140413131212/http://www.e-laborate.nl/nl/"/>&gt;. </bibl>
          <bibl>Eisenhut, Heidi und Max Bänziger (Eds.), <emph>Die Glossen Ekkeharts IV. im Codex Sangallensis 621</emph>. Zürich und St. Gallen: 2005-2010. &lt;<ptr target="http://orosius.monumenta.ch/"/>&gt;. Accessed: 13.04.2014.</bibl>
          <bibl>Isépy, Monika und Posselt, Bernd (Eds.), <emph>Die Glossen zu Martianus Capella im Codex 193 der Kölner Dombibliothek. Digitale Edition 2010</emph>. München: Ludwig-Maximilians-Universität 2010. &lt;<ptr target="http://web.archive.org/web/20140413131438/http://www.martianus.mueze.lmu.de/"/>&gt;. </bibl>
          <bibl><emph>- Die Glossen zu Martianus Capella im Codex 193 der Kölner Dombibliothek</emph>. Libelli Rhenani XV. Köln: Erzbischöfliche Diözesan- und <emph>Dombibliothek</emph> 2010.</bibl>
          <bibl>Lutz, Cora E. (Ed.), <emph>Dunchad Glossae in Martianum</emph>. Philological Monographs 12. Lancaster: American <emph>Philological</emph> Association 1944.</bibl>
          <bibl>O‘Sullivan, Sinéad (Ed.), <emph>Glossae aevi carolini in libros I-II Martiani Capellae De Nuptiis Philologiae et Mercurii</emph>. Corpus Christianorum Continuatio Medievalis (CCCM), 237.  Turnhout:  Brepols Publishers, 2010. </bibl>
          <bibl>Manitius, Max, <emph>Geschichte der lateinischen Literatur des Mittelalters.</emph> 3 vols. Handbuch der Altertumswissenschaften 9,2,1-3. München: C.H. Beck 1911–1931.</bibl>
          <bibl>Moran, Pádraic (Hg.), <emph>St Gall Priscian glosses</emph>. &lt;<ptr target="http://web.archive.org/web/20140413131736/http://www.stgallpriscian.ie/"/>&gt;.</bibl>
          <bibl><emph>Socrates. Digital Sources.</emph> Leiden: Ex Libris – Leiden University Libraries 2009. &lt;<ptr target="https://socrates.leidenuniv.nl/"/>&gt;. Accessed: 13.04.2014.</bibl>
          <bibl>Teeuwen, Mariken, u. Sinéad O'Sullivan (Eds.).<emph> Carolingian Scholarship and Martianus Capella. Ninth-Century Commentary Traditions on 'De nuptiis' in Context</emph>. Cultural Encounters in Late Antiquity and the Middle Ages (CELAMA 12). Turnhout: Brepols Publishers 2011.</bibl>
        </listBibl>
      </div>
    </body>
  </text>
</TEI>
