<?xml version="1.0"?>
<TEI xmlns="http://www.tei-c.org/ns/1.0" xmlns:xsi="http://www.w3.org/2001/XMLSchema-instance" xsi:schemaLocation="http://www.tei-c.org/ns/1.0 http://ride.i-d-e.de/wp-content/uploads/downloads/schema/ride.xsd">
  <teiHeader>
    <fileDesc>
      <titleStmt>
        <title/>
        <respStmt>
          <resp>author</resp>
          <name>
            <persName>
              <forename>Paula Loreto</forename>
              <surname>Granados Garc&#xED;a</surname>
            </persName>
            <affiliation>
              <orgName>The Open University</orgName>
              <placeName>Milton Keynes</placeName>
            </affiliation>
            <email>paula.granados-garcia (at) open.ac.uk</email>
          </name>
        </respStmt>
      </titleStmt>
      <publicationStmt>
        <publisher>Institut f&#xFC;r Dokumentologie und Editorik</publisher>
        <date/>
        <idno type="issue">7</idno>
        <idno type="URI">http://ride.i-d-e.de/issues/issue-7/hesperia</idno>
        <idno type="DOI">10.18716/ride.a.7.2</idno>
        <availability>
          <licence>
            <ref target="http://creativecommons.org/licenses/by/4.0/"/>
          </licence>
        </availability>
      </publicationStmt>
      <notesStmt>
        <relatedItem>
          <biblStruct>
            <monogr>
              <title xml:id="resource_title">Hesperia</title>
              <editor xml:id="resource_editors">Javier de Hoz, Joaqu&#xED;n Gorrochategui, E. Luj&#xE1;n and F. Belntr&#xE1;n</editor>
              <respStmt>
                <resp>Contributor</resp>
                <persName>
                  <name>Joaquin Gorrochategui</name>
                </persName>
              </respStmt>
              <respStmt>
                <resp>Contributor</resp>
                <persName>
                  <name>Javier de Hoz</name>
                </persName>
              </respStmt>
              <respStmt>
                <resp>Contributor</resp>
                <persName>
                  <name>E. Luj&#xE1;n</name>
                </persName>
              </respStmt>
              <respStmt>
                <resp>Contributor</resp>
                <persName>
                  <name>F. Beltr&#xE1;n</name>
                </persName>
              </respStmt>
              <respStmt>
                <resp>Designer</resp>
                <persName>
                  <name>Eduardo Ordu&#xF1;a Azar</name>
                </persName>
              </respStmt>
              <imprint>
                <date xml:id="resource_date_publication">2005</date>
              </imprint>
            </monogr>
            <idno xml:id="resource_uri">http://hesperia.ucm.es/</idno>
          </biblStruct>
        </relatedItem>
        <note>
          <date xml:id="resource_date_access">2017-11-08</date>
        </note>
      </notesStmt>
      <sourceDesc>
        <p>Auf der Basis von <ref>http://www.i-d-e.de/publikationen/weitereschriften/criteria-version-1-1</ref>
                </p>
      </sourceDesc>
    </fileDesc>
    <encodingDesc>
      <classDecl>
        <taxonomy xml:base="http://www.i-d-e.de/publikationen/weitereschriften/criteria-version-1-1">
          <category xml:id="documentation">
            <category xml:id="bibl_desc">
              <catDesc>
                <ref target="#K1.2">cf. Catalogue 1.2</ref>
              </catDesc>
              <catDesc>Is it easily possible to describe the project bibliographically along the schema "responsible editors, publishing/hosting institution, year(s) of publishing"?</catDesc>
              <catDesc>
                <num type="boolean" value="1"/>
              </catDesc>
            </category>
            <category xml:id="contributors">
              <catDesc>
                <ref target="#K1.4">cf. Catalogue 1.4</ref>
              </catDesc>
              <catDesc>Are the contributors (editors, institutions, associates) of the project fully documented?</catDesc>
              <catDesc>
                <num type="boolean" value="1"/>
              </catDesc>
            </category>
            <category xml:id="contacts">
              <catDesc>
                <ref target="#K1.5">cf. Catalogue 1.5</ref>
              </catDesc>
              <catDesc>Does the project list contact persons?</catDesc>
              <catDesc>
                <num type="boolean" value="0"/>
              </catDesc>
            </category>
            <category xml:id="selection">
              <category xml:id="explained">
                <catDesc>
                  <ref target="#K2.1">cf. Catalogue 2.1</ref>
                </catDesc>
                <catDesc>Is the selection of materials of the project explicitly documented?</catDesc>
                <catDesc>
                  <num type="boolean" value="1"/>
                </catDesc>
              </category>
              <category xml:id="reasonable">
                <catDesc>
                  <ref target="#K2.1">cf. Catalogue 2.1</ref>
                </catDesc>
                <catDesc>Is the selection by and large reasonable?</catDesc>
                <catDesc>
                  <num type="boolean" value="1"/>
                </catDesc>
              </category>
            </category>
            <category xml:id="data_archive">
              <catDesc>
                <ref target="#K4.16">cf. Catalogue 4.16</ref>
              </catDesc>
              <catDesc>Does the documentation include information about the long term sustainability of the basic data (archiving of the data)?</catDesc>
              <catDesc>
                <num type="boolean" value="0"/>
              </catDesc>
            </category>
            <category xml:id="aims">
              <catDesc>
                <ref target="#K3.1">cf. Catalogue 3.1</ref>
              </catDesc>
              <catDesc>Are the aims and purposes of the project explicitly documented?</catDesc>
              <catDesc>
                <num type="boolean" value="1"/>
              </catDesc>
            </category>
            <category xml:id="methods">
              <catDesc>
                <ref target="#K3.1">cf. Catalogue 3.1</ref>
              </catDesc>
              <catDesc>Are the methods employed in the project explicitly documented?</catDesc>
              <catDesc>
                <num type="boolean" value="1"/>
              </catDesc>
            </category>
            <category xml:id="data_model">
              <catDesc>
                <ref target="#K3.7">cf. Catalogue 3.7</ref>
              </catDesc>
              <catDesc>Does the project document which data model (e.g. TEI) has been used and for what reason?</catDesc>
              <catDesc>
                <num type="boolean" value="0"/>
              </catDesc>
            </category>
            <category xml:id="help">
              <catDesc>
                <ref target="#K4.15">cf. Catalogue 4.15</ref>
              </catDesc>
              <catDesc>Does the project offer help texts concerning the use of the project?</catDesc>
              <catDesc>
                <num type="boolean" value="0"/>
              </catDesc>
            </category>
            <category xml:id="citation">
              <catDesc>
                <ref target="#K4.8">cf. Catalogue 4.8</ref>
              </catDesc>
              <catDesc>Does the project supply citation guidelines (i.e. how to cite the project or a part of it)?</catDesc>
              <catDesc>
                <num type="boolean" value="0"/>
              </catDesc>
            </category>
            <category xml:id="complete">
              <catDesc>
                <ref target="#K4.16">cf. Catalogue 4.16</ref>
              </catDesc>
              <catDesc>Does the editon regard itself as a completed project (i.e. not promise further modifications and additions)?</catDesc>
              <catDesc>
                <num type="boolean" value="0"/>
              </catDesc>
            </category>
            <category xml:id="institutional_curation">
              <catDesc>
                <ref target="#K4.13">cf. Catalogue 4.13</ref>
              </catDesc>
              <catDesc>Does the project provide information about institutional support for the curation and sustainability of the project?</catDesc>
              <catDesc>
                <num type="boolean" value="1"/>
              </catDesc>
            </category>
          </category>
          <category xml:id="contents">
            <category xml:id="previous_edition">
              <catDesc>
                <ref target="#K2.2">cf. Catalogue 2.2</ref>
              </catDesc>
              <catDesc>Has the material been previously edited (in print or digitally)?</catDesc>
              <catDesc>
                <num type="boolean" value="1"/>
              </catDesc>
            </category>
            <category xml:id="materials_used">
              <catDesc>
                <ref target="#K2.2">cf. Catalogue 2.2</ref>
              </catDesc>
              <catDesc>Does the edition make use of these previous editions?</catDesc>
              <catDesc>
                <num type="booleanX" value="1"/>
              </catDesc>
            </category>
            <category xml:id="introduction">
              <catDesc>
                <ref target="#K4.15">cf. Catalogue 4.15</ref>
              </catDesc>
              <catDesc>Does the project offer an introduction to the subject-matter (the author(s), the work, its history, the theme, etc.) of the project?</catDesc>
              <catDesc>
                <num type="boolean" value="1"/>
              </catDesc>
            </category>
            <category xml:id="bibliography">
              <catDesc>
                <ref target="#K2.3">cf. Catalogue 2.3</ref>
              </catDesc>
              <catDesc>Does the project offer a bibliography?</catDesc>
              <catDesc>
                <num type="boolean" value="1"/>
              </catDesc>
            </category>
            <category xml:id="commentary">
              <catDesc>
                <ref target="#K2.3">cf. Catalogue 2.3</ref>
              </catDesc>
              <catDesc>Does the project offer a scholarly commentary (e.g. notes on unclear passages, interpretation, etc.)?</catDesc>
              <catDesc>
                <num type="boolean" value="0"/>
              </catDesc>
            </category>
            <category xml:id="contexts">
              <catDesc>
                <ref target="#K2.3">cf. Catalogue 2.3</ref>
              </catDesc>
              <catDesc>Does the project include or link to external resources with contextual material?</catDesc>
              <catDesc>
                <num type="boolean" value="0"/>
              </catDesc>
            </category>
            <category xml:id="images">
              <catDesc>
                <ref target="#K2.3">cf. Catalogue 2.3</ref>
              </catDesc>
              <catDesc>Does the project offer images of digitised sources?</catDesc>
              <catDesc>
                <num type="boolean" value="0"/>
              </catDesc>
            </category>
            <category xml:id="image_quality">
              <catDesc>
                <ref target="#K4.6">cf. Catalogue 4.6</ref>
              </catDesc>
              <catDesc>Does the project offer images of an acceptable quality?</catDesc>
              <catDesc>
                <num type="booleanX" value="0"/>
              </catDesc>
            </category>
            <category xml:id="transcriptions">
              <catDesc>
                <ref target="#K2.3">cf. Catalogue 2.3</ref>
              </catDesc>
              <catDesc> Is the text fully transcribed?</catDesc>
              <catDesc>
                <num type="boolean" value="1"/>
              </catDesc>
            </category>
            <category xml:id="text_quality">
              <catDesc>
                <ref target="#K4.6">cf. Catalogue 4.6</ref>
              </catDesc>
              <catDesc>Does the project offer texts of an acceptable quality (typos, errors, etc.)?</catDesc>
              <catDesc>
                <num type="boolean" value="1"/>
              </catDesc>
            </category>
            <category xml:id="indices">
              <catDesc>
                <ref target="#K4.5">cf. Catalogue 4.5</ref>
              </catDesc>
              <catDesc>Does the project feature compilations indices, registers or visualisations that offer alternative ways to access the material?</catDesc>
              <catDesc>
                <num type="boolean" value="1"/>
              </catDesc>
            </category>
            <category xml:id="documents">
              <category xml:id="doc_type">
                <catDesc>
                  <ref target="#K1.3 #K2.1">cf. Catalogue 1.3 and 2.1</ref>
                </catDesc>
                <catDesc>Which kinds of documents are at the basis of the project?</catDesc>
                <category xml:id="single_manuscript">
                  <catDesc>
                    <num type="boolean" value="0"/>
                  </catDesc>
                </category>
                <category xml:id="single_work">
                  <catDesc>
                    <num type="boolean" value="0"/>
                  </catDesc>
                </category>
                <category xml:id="collection_of_texts">
                  <catDesc>
                    <num type="boolean" value="1"/>
                  </catDesc>
                </category>
                <category xml:id="collected_works">
                  <catDesc>
                    <num type="boolean" value="0"/>
                  </catDesc>
                </category>
                <category xml:id="papers">
                  <catDesc>
                    <num type="boolean" value="0"/>
                  </catDesc>
                </category>
                <category xml:id="archival_holding">
                  <catDesc>
                    <num type="boolean" value="0"/>
                  </catDesc>
                </category>
                <category xml:id="charters">
                  <catDesc>
                    <num type="boolean" value="0"/>
                  </catDesc>
                </category>
                <category xml:id="letters">
                  <catDesc>
                    <num type="boolean" value="0"/>
                  </catDesc>
                </category>
                <category xml:id="diary">
                  <catDesc>
                    <num type="boolean" value="0"/>
                  </catDesc>
                </category>
                <category corresp="#other">
                  <catDesc>
                    <num type="boolean" value="0"/>
                  </catDesc>
                  <category corresp="#free">
                    <gloss/>
                  </category>
                </category>
              </category>
              <category xml:id="doc_time">
                <catDesc>
                  <ref target="#K1.3 #K2.1">cf. Catalogue 1.3 and 2.1</ref>
                </catDesc>
                <catDesc>What era(s) do the documents belong to?</catDesc>
                <category xml:id="classics">
                  <catDesc>
                    <num type="boolean" value="1"/>
                  </catDesc>
                </category>
                <category xml:id="medieval">
                  <catDesc>
                    <num type="boolean" value="0"/>
                  </catDesc>
                </category>
                <category xml:id="early_modern">
                  <catDesc>
                    <num type="boolean" value="0"/>
                  </catDesc>
                </category>
                <category xml:id="modern">
                  <catDesc>
                    <num type="boolean" value="0"/>
                  </catDesc>
                </category>
              </category>
            </category>
            <category xml:id="subject">
              <catDesc>
                <ref target="#K1.3">cf. Catalogue 1.3</ref>
              </catDesc>
              <catDesc>Which perspective(s) do the editors take towards the edited material? How can the edition be classified in general terms?</catDesc>
              <category xml:id="history">
                <catDesc>
                  <num type="boolean" value="0"/>
                </catDesc>
              </category>
              <category xml:id="philology_literary_studies">
                <catDesc>
                  <num type="boolean" value="0"/>
                </catDesc>
              </category>
              <category xml:id="philosophy_theology">
                <catDesc>
                  <num type="boolean" value="0"/>
                </catDesc>
              </category>
              <category xml:id="history_of_science">
                <catDesc>
                  <num type="boolean" value="0"/>
                </catDesc>
              </category>
              <category xml:id="musicology">
                <catDesc>
                  <num type="boolean" value="0"/>
                </catDesc>
              </category>
              <category xml:id="art_history">
                <catDesc>
                  <num type="boolean" value="0"/>
                </catDesc>
              </category>
              <category corresp="#other">
                <catDesc>
                  <num type="boolean" value="1"/>
                </catDesc>
                <category corresp="#free">
                  <gloss>Classic Philology/ linguistic studies </gloss>
                </category>
              </category>
            </category>
          </category>
          <category xml:id="presentation">
            <category xml:id="spin_offs">
              <catDesc>
                <ref target="#K4.11">cf. Catalogue 4.11</ref>
              </catDesc>
              <catDesc>Does the project offer any spin-offs?</catDesc>
              <category xml:id="app">
                <catDesc>
                  <num type="boolean" value="0"/>
                </catDesc>
              </category>
              <category xml:id="mobile">
                <catDesc>
                  <num type="boolean" value="0"/>
                </catDesc>
              </category>
              <category xml:id="PDF">
                <catDesc>
                  <num type="boolean" value="1"/>
                </catDesc>
              </category>
              <category corresp="#other">
                <catDesc>
                  <num type="boolean" value="0"/>
                </catDesc>
                <category corresp="#free">
                  <gloss/>
                </category>
              </category>
              <category corresp="#none">
                <catDesc>
                  <num type="boolean" value="0"/>
                </catDesc>
              </category>
            </category>
            <category xml:id="browse_by">
              <catDesc>
                <ref target="#K4.3">cf. Catalogue 4.3</ref>
              </catDesc>
              <catDesc>By which categories does the project offer to browse the contents?</catDesc>
              <category xml:id="authors">
                <catDesc>
                  <num type="boolean" value="0"/>
                </catDesc>
              </category>
              <category xml:id="works">
                <catDesc>
                  <num type="boolean" value="0"/>
                </catDesc>
              </category>
              <category xml:id="versions">
                <catDesc>
                  <num type="boolean" value="0"/>
                </catDesc>
              </category>
              <category xml:id="structure">
                <catDesc>
                  <num type="boolean" value="0"/>
                </catDesc>
              </category>
              <category xml:id="pages">
                <catDesc>
                  <num type="boolean" value="0"/>
                </catDesc>
              </category>
              <category xml:id="browse_by_documents">
                <catDesc>
                  <num type="boolean" value="0"/>
                </catDesc>
              </category>
              <category xml:id="type_of_material">
                <catDesc>
                  <num type="boolean" value="1"/>
                </catDesc>
              </category>
              <category xml:id="browse_by_images">
                <catDesc>
                  <num type="boolean" value="0"/>
                </catDesc>
              </category>
              <category xml:id="dates">
                <catDesc>
                  <num type="boolean" value="0"/>
                </catDesc>
              </category>
              <category xml:id="persons">
                <catDesc>
                  <num type="boolean" value="0"/>
                </catDesc>
              </category>
              <category xml:id="places">
                <catDesc>
                  <num type="boolean" value="1"/>
                </catDesc>
              </category>
              <category corresp="#other">
                <catDesc>
                  <num type="boolean" value="0"/>
                </catDesc>
                <category corresp="#free">
                  <gloss/>
                </category>
              </category>
            </category>
          </category>
          <category xml:id="search">
            <category xml:id="simple">
              <catDesc>
                <ref target="#K4.4">cf. Catalogue 4.4</ref>
              </catDesc>
              <catDesc>Does the project offer a simple search?</catDesc>
              <catDesc>
                <num type="boolean" value="1"/>
              </catDesc>
            </category>
            <category xml:id="advanced">
              <catDesc>
                <ref target="#K4.4">cf. Catalogue 4.4</ref>
              </catDesc>
              <catDesc>Does the project offer an advanced search?</catDesc>
              <catDesc>
                <num type="boolean" value="0"/>
              </catDesc>
            </category>
            <category xml:id="wildcard">
              <catDesc>
                <ref target="#K4.4">cf. Catalogue 4.4</ref>
              </catDesc>
              <catDesc>Does the search support the use of wildcards?</catDesc>
              <catDesc>
                <num type="booleanX" value="0"/>
              </catDesc>
            </category>
            <category xml:id="index">
              <catDesc>
                <ref target="#K4.4">cf. Catalogue 4.4</ref>
              </catDesc>
              <catDesc>Does the search offer an index of the searched field?</catDesc>
              <catDesc>
                <num type="booleanX" value="1"/>
              </catDesc>
            </category>
            <category xml:id="suggest">
              <catDesc>
                <ref target="#K4.4">cf. Catalogue 4.4</ref>
              </catDesc>
              <catDesc>Does the search offer autocompletion or suggest functionalities?</catDesc>
              <catDesc>
                <num type="booleanX" value="0"/>
              </catDesc>
            </category>
            <category xml:id="helptext">
              <catDesc>
                <ref target="#K4.4">cf. Catalogue 4.4</ref>
              </catDesc>
              <catDesc>Does the project offer help texts for the search?</catDesc>
              <catDesc>
                <num type="booleanX" value="0"/>
              </catDesc>
            </category>
          </category>
          <category xml:id="aim">
            <category xml:id="audience">
              <catDesc>
                <ref target="#K3.3">cf. Catalogue 3.3</ref>
              </catDesc>
              <catDesc>Who is the intended audience of the project?</catDesc>
              <category xml:id="scholars">
                <catDesc>
                  <num type="boolean" value="1"/>
                </catDesc>
              </category>
              <category xml:id="interested_public">
                <catDesc>
                  <num type="boolean" value="1"/>
                </catDesc>
              </category>
            </category>
            <category xml:id="typology">
              <catDesc>
                <ref target="#K3.3 #K5.1">cf. Catalogue 3.3 and 5.1</ref>
              </catDesc>
              <catDesc>Which type fits best for the reviewed project?</catDesc>
              <category xml:id="facsimile_edition">
                <catDesc>
                  <num type="boolean" value="0"/>
                </catDesc>
              </category>
              <category xml:id="archive_edition">
                <catDesc>
                  <num type="boolean" value="0"/>
                </catDesc>
              </category>
              <category xml:id="documentary_edition">
                <catDesc>
                  <num type="boolean" value="0"/>
                </catDesc>
              </category>
              <category xml:id="diplomatic_edition">
                <catDesc>
                  <num type="boolean" value="0"/>
                </catDesc>
              </category>
              <category xml:id="genetic_edition">
                <catDesc>
                  <num type="boolean" value="0"/>
                </catDesc>
              </category>
              <category xml:id="work_critical_edition">
                <catDesc>
                  <num type="boolean" value="0"/>
                </catDesc>
              </category>
              <category xml:id="text_critical_edition">
                <catDesc>
                  <num type="boolean" value="0"/>
                </catDesc>
              </category>
              <category xml:id="enriched_edition">
                <catDesc>
                  <num type="boolean" value="0"/>
                </catDesc>
              </category>
              <category xml:id="database_edition">
                <catDesc>
                  <num type="boolean" value="1"/>
                </catDesc>
              </category>
              <category xml:id="digital_library">
                <catDesc>
                  <num type="boolean" value="0"/>
                </catDesc>
              </category>
              <category xml:id="typology_collection_of_texts">
                <catDesc>
                  <num type="boolean" value="0"/>
                </catDesc>
              </category>
              <category corresp="#other">
                <catDesc>
                  <num type="boolean" value="0"/>
                </catDesc>
                <category corresp="#free">
                  <gloss/>
                </category>
              </category>
              <category corresp="#none">
                <catDesc>
                  <num type="boolean" value="0"/>
                </catDesc>
              </category>
            </category>
          </category>
          <category xml:id="method">
            <catDesc rend="label">Method</catDesc>
            <category xml:id="critical_editing">
              <catDesc>
                <ref target="#K3.6">cf. Catalogue 3.6</ref>
              </catDesc>
              <catDesc>In how far is the text critically edited?</catDesc>
              <category xml:id="transmission_examined">
                <catDesc>
                  <num type="boolean" value="0"/>
                </catDesc>
              </category>
              <category xml:id="palaeographic_annotations">
                <catDesc>
                  <num type="boolean" value="0"/>
                </catDesc>
              </category>
              <category xml:id="normalization">
                <catDesc>
                  <num type="boolean" value="0"/>
                </catDesc>
              </category>
              <category xml:id="variants">
                <catDesc>
                  <num type="boolean" value="0"/>
                </catDesc>
              </category>
              <category xml:id="emendation">
                <catDesc>
                  <num type="boolean" value="0"/>
                </catDesc>
              </category>
              <category xml:id="commentary_notes">
                <catDesc>
                  <num type="boolean" value="0"/>
                </catDesc>
              </category>
              <category corresp="#other">
                <catDesc>
                  <num type="boolean" value="0"/>
                </catDesc>
                <category corresp="#free">
                  <gloss/>
                </category>
              </category>
              <category corresp="#none">
                <catDesc>
                  <num type="boolean" value="1"/>
                </catDesc>
              </category>
            </category>
            <category xml:id="standards">
              <catDesc>
                <ref target="#K3.7">cf. Catalogue 3.7</ref>
              </catDesc>
              <category xml:id="XML">
                <catDesc>Is the data encoded in XML?</catDesc>
                <catDesc>
                  <num type="boolean" value="1"/>
                </catDesc>
              </category>
              <category xml:id="standardized_data_model">
                <catDesc>
                  <num type="boolean" value="0"/>
                </catDesc>
                <catDesc>Is the project employing a standardized data model (e.g. TEI)?</catDesc>
              </category>
            </category>
            <category xml:id="text_type">
              <catDesc>
                <ref target="#K3.5">cf. Catalogue 3.5.</ref>
              </catDesc>
              <catDesc>Which kinds or forms of text are presented?</catDesc>
              <category xml:id="facsimiles">
                <catDesc>
                  <num type="boolean" value="0"/>
                </catDesc>
              </category>
              <category xml:id="diplomatic_transcription">
                <catDesc>
                  <num type="boolean" value="0"/>
                </catDesc>
              </category>
              <category xml:id="edited_text">
                <catDesc>
                  <num type="boolean" value="1"/>
                </catDesc>
              </category>
              <category xml:id="translations">
                <catDesc>
                  <num type="boolean" value="0"/>
                </catDesc>
              </category>
              <category xml:id="commentaries">
                <catDesc>
                  <num type="boolean" value="0"/>
                </catDesc>
              </category>
              <category xml:id="semantic_data">
                <catDesc>
                  <num type="boolean" value="0"/>
                </catDesc>
              </category>
            </category>
          </category>
          <category xml:id="technical_accessability">
            <category xml:id="persistent_identification">
              <catDesc>
                <ref target="#K4.8">cf. Catalogue 4.8</ref>
              </catDesc>
              <catDesc>Are there persistent identifiers and an addressing system for the
                                                edition and/or parts/objects of it and which mechanism is used to
                                                that end?</catDesc>
              <category xml:id="DOI">
                <catDesc>
                  <num type="boolean" value="0"/>
                </catDesc>
              </category>
              <category xml:id="ARK">
                <catDesc>
                  <num type="boolean" value="0"/>
                </catDesc>
              </category>
              <category xml:id="URN">
                <catDesc>
                  <num type="boolean" value="0"/>
                </catDesc>
              </category>
              <category xml:id="PURL.ORG">
                <catDesc>
                  <num type="boolean" value="0"/>
                </catDesc>
              </category>
              <category corresp="#other">
                <catDesc>
                  <num type="boolean" value="0"/>
                </catDesc>
                <category corresp="#free">
                  <gloss/>
                </category>
              </category>
              <category xml:id="persistent_URLs">
                <catDesc>
                  <num type="boolean" value="0"/>
                </catDesc>
              </category>
              <category corresp="#none">
                <catDesc>
                  <num type="boolean" value="1"/>
                </catDesc>
              </category>
            </category>
            <category xml:id="interfaces">
              <catDesc>
                <ref target="#K4.9">cf. Catalogue 4.9</ref>
              </catDesc>
              <catDesc>Are there technical interfaces like OAI-PMH, REST etc., which allow the reuse of the data of the project in other contexts?</catDesc>
              <category xml:id="OAI-PMH">
                <catDesc>
                  <num type="boolean" value="0"/>
                </catDesc>
              </category>
              <category xml:id="REST">
                <catDesc>
                  <num type="boolean" value="0"/>
                </catDesc>
              </category>
              <category xml:id="general_API">
                <catDesc>
                  <num type="boolean" value="0"/>
                </catDesc>
              </category>
              <category corresp="#other">
                <catDesc>
                  <num type="boolean" value="0"/>
                </catDesc>
                <category corresp="#free">
                  <gloss/>
                </category>
              </category>
              <category corresp="#none">
                <catDesc>
                  <num type="boolean" value="1"/>
                </catDesc>
              </category>
            </category>
            <category xml:id="open_access">
              <catDesc>Is the edition Open Access?</catDesc>
              <catDesc>
                <num type="boolean" value="1"/>
              </catDesc>
            </category>
            <category xml:id="basic_data_accessible">
              <catDesc>
                <ref target="#K4.12">cf. Catalogue 4.12</ref>
              </catDesc>
              <catDesc>Is the basic data (e.g. the XML) of the project accessible for each part of the edition (e.g. for a page)?</catDesc>
              <catDesc>
                <num type="boolean" value="1"/>
              </catDesc>
            </category>
            <category xml:id="download">
              <catDesc>
                <ref target="#K4.9">cf. Catalogue 4.9</ref>
              </catDesc>
              <catDesc>Can the entire raw data of the project be downloaded (as a whole)?</catDesc>
              <catDesc>
                <num type="boolean" value="0"/>
              </catDesc>
            </category>
            <category xml:id="reuse">
              <catDesc>
                <ref target="#K4.9">cf. Catalogue 4.9</ref>
              </catDesc>
              <catDesc>Can you use the data with other tools useful for this kind of content?</catDesc>
              <catDesc>
                <num type="boolean" value="0"/>
              </catDesc>
            </category>
            <category xml:id="rights">
              <category xml:id="declared">
                <catDesc>
                  <ref target="#K4.13">cf. Catalogue 4.13</ref>
                </catDesc>
                <catDesc>Are the rights to (re)use the content declared?</catDesc>
                <catDesc>
                  <num type="boolean" value="0"/>
                </catDesc>
              </category>
              <category xml:id="license">
                <catDesc>
                  <ref target="#K4.13">cf. Catalogue 4.13</ref>
                </catDesc>
                <catDesc>Under what license are the contents released?</catDesc>
                <category xml:id="CC0">
                  <catDesc>
                    <num type="boolean" value="0"/>
                  </catDesc>
                </category>
                <category xml:id="CC-BY">
                  <catDesc>
                    <num type="boolean" value="0"/>
                  </catDesc>
                </category>
                <category xml:id="CC-BY-ND">
                  <catDesc>
                    <num type="boolean" value="0"/>
                  </catDesc>
                </category>
                <category xml:id="CC-BY-NC">
                  <catDesc>
                    <num type="boolean" value="0"/>
                  </catDesc>
                </category>
                <category xml:id="CC-BY-SA">
                  <catDesc>
                    <num type="boolean" value="0"/>
                  </catDesc>
                </category>
                <category xml:id="CC-BY-NC-ND">
                  <catDesc>
                    <num type="boolean" value="0"/>
                  </catDesc>
                </category>
                <category xml:id="CC-BY-NC-SA">
                  <catDesc>
                    <num type="boolean" value="0"/>
                  </catDesc>
                </category>
                <category xml:id="PDM">
                  <catDesc>
                    <num type="boolean" value="0"/>
                  </catDesc>
                </category>
                <category corresp="#other">
                  <catDesc>
                    <num type="boolean" value="0"/>
                  </catDesc>
                  <category corresp="#free">
                    <gloss/>
                  </category>
                </category>
                <category xml:id="no_license">
                  <catDesc>
                    <num type="boolean" value="0"/>
                  </catDesc>
                </category>
                <category xml:id="multiple_licenses">
                  <catDesc>
                    <num type="boolean" value="1"/>
                  </catDesc>
                </category>
              </category>
            </category>
          </category>
        </taxonomy>
      </classDecl>
    </encodingDesc>
  </teiHeader>
  <text>
    <body>
      <div type="abstract">The Hesperia project makes available worldwide a corpus of Paleohispanic inscriptions coming from the Iberian Peninsula that were never accessible to this extent in an online format before. As a collaborative effort of several Spanish universities, the resource constitutes a useful tool for Classic linguistic researchers, also suitable for archaeologists and historians due to the character of the material that it compiles. Epigraphic inscriptions and coin legends are provided as well as metadata and documentation about the resource. Despite Hesperia describes itself as a databank, this review opens a discussion about its typology for considering this an interesting question to reflect on, regarding the current debate on the digital paradigm. Since Hesperia was conceived in the late 1990s, there is scope enough for improvement both regarding the database interface and the software that lies behind it. Other possible implementations regarding data management, interoperability and contextualisation are also considered through the possibilities offered by Linked Open Data technologies.</div>
      <div type="text">
        <div type="div2">
          <head>Introduction</head>
          <p>Despite being the cradle of an extensive amount of numismatic and epigraphic evidence for Paleohispanic languages, the Iberian Peninsula has been somewhat neglected by international scholarship. Only local scholars have shown an interest in the study of Paleohispanic languages in Spain, and Classics specialists outside the peninsula seem to be less informed on this subject. This situation could be due to the lack of research produced in the English language by Spanish scholars as well as the lack of promotion of the exceptionally rich record that the peninsula preserves. The landscape is now starting to change as the result of the effort made by initiatives such as the Hesperia Project. This resource makes available worldwide a huge corpus of inscriptions and coins never accessible to this extent before.<note xml:id="ftn1" n="1">Paula Granados is a PhD candidate at the Open University, Department of Classics. Her research focuses on the study of cultural contact and identity development in Early Roman Spain by means of the collection and creation of Linked Open Data. This study looks at the data available online collected by various repositories, data bases and digital editions.</note></p>
          <figure>
            <head>Fig. 1: Main menu</head>
            <graphic url="wp-content/uploads/issue_7/hesperia/pictures/picture-1.png"/>
          </figure>
          <p>The Hesperia Project, funded by the Ministry of Economy and Competitiveness of the Spanish Government, was originated at the Universidad Complutense de Madrid in 1997, and today, although still with a long way to go, constitutes the main digital collection of Paleohispanic languages. Despite having originated in Madrid, Hesperia is the product of a collaborative effort in which scholars from various institutions have taken part, especially from the Universidad del Pa&#xED;s Vasco-Euskal Herriko Unibertsitatea, Universidad de Zaragoza, Universidad de Salamanca and Universitat de Barcelona.</p>
          <p>The leading objectives of Hesperia are the collection, regulation and processing of all the linguistic materials from the Iberian Peninsula and some specific areas in the south of France (because of their relation to Spain) produced by the indigenous communities before and after the Roman arrival. This includes not only the epigraphic material but also glosses, indigenous onomastics and numismatic inscriptions. At the time of its conclusion, the resource aims to include and make accessible<note xml:id="ftn2" n="2"><ptr target="http://hesperia.ucm.es/presentacion.php"/></note>: <list><item>All the available texts written in Paleohispanic languages (Iberian, Celtiberian, Lusitan and the south-west variants).</item><item>Paleohispanic coin legends.</item><item>Indigenous onomastics (place names, people names, group names, and divine names in the languages mentioned above as well as the Turdetanian and Vasconic) which have been transmitted in epigraphic or literary Greco-Latin sources.</item><item>Hispanic glosses diffused by ancient authors.</item></list> </p>
        </div>
        <div type="div2">
          <head>History of the project</head>
          <p>It was in 1997 in the Department of Greek Philology and Indo-European Linguistics at the Universidad Complutense de Madrid, when the Professor Javier de Hoz started the Hesperia Project in collaboration with other universities mentioned above (Luj&#xE1;n 2005). The main objective was the creation of a comprehensive electronic corpus capable of making available all the linguistic records of Paleohispanic languages in the peninsula except for the Latin, Greek and Phoenician epigraphy.</p>
          <p>It is unlikely that the creators of Hesperia could have pictured the possibilities that their work could offer in a near future when Hesperia was envisaged. At that time, the discipline of Digital Humanities was just starting to lay its foundations in Spain, and the first publications were coming out. In 1994 Francisco Marcos Marin had just published the first work on <emph>Computing and the Humanities</emph> in Spain. This volume was followed by other isolated projects mainly focused on philological research but also looking at bibliographic and multimedia studies. Some of these, such as the Biblioteca Virtual Miguel de Cervantes<note xml:id="ftn3" n="3"><ptr target="http://www.cervantesvirtual.com/"/></note> and the Spanish Royal Academy&#xB4;s CORDE and CREA<note xml:id="ftn4" n="4"><ptr target="http://corpus.rae.es/cordenet.html"/></note> projects were mainly motivated by the innovations in relational database technology and electronic mark-up (Spence 2014). As a product of this momentum in digital research, combined with the new approaches towards Roman archaeology, the interest in Roman epigraphy and the applications of digital technologies in text mining, the two main Spanish databases in the discipline of Classical Studies were set up: the Hesperia Project and Hispania Epigraphica<note xml:id="ftn5" n="5"><ptr target="http://eda-bea.es"/></note>. Although Hispania Epigraphica is not part of the Hesperia Project it should be taken into consideration when understanding the reasons behind the foundation of Hesperia.</p>
          <p>Hispania Epigraphica<note xml:id="ftn6" n="6"><ptr target="https://revistas.ucm.es/index.php/HIEP"/></note> started as a journal focused on the revision of ancient inscriptions included in the Corpus Inscriptorum Latinarum (CIL II)<note xml:id="ftn7" n="7"><ptr target="http://cil.bbaw.de/cil_en/index_en.html"/></note> as well as the publication of new findings, corrections or interpretations of inscriptions from Spain and Portugal written in the Latin and Greek alphabets. This endeavour later motivated the creation of a homonymous online database to collect all the Latin inscriptions found on the peninsula. Whereas Hispania Epigraphica is focused on Latin inscriptions, the Hesperia Project on the other side, aims to gather all the &#x2018;indigenous production&#x2019;: the inscriptions produced by the native inhabitants of the Iberian and Greek territories both before and after the Roman arrival. The two databases together comprise an essential collection of digital text that over time have become a fundamental tool for any researcher interested in the fields of classics, Roman history and Roman archaeology.</p>
        </div>
        <div type="div2">
          <head>Aims</head>
          <p>The main objective of Hesperia is stated as the collection, organisation and processing of all the ancient linguistic material related to the Iberian Peninsula and other zones of influence such as the south of France not including the Latin, Greek and Phoenician inscriptions. The overall purpose is the study of Paleohispanic languages in the Iberian framework. Over time, Hesperia has been developed as the product of successive projects for the investigation of Paleohispanic languages.</p>
          <p>The original Hesperia project was funded by the Ministry of Science and Investigation within the 2012 project framework called &#x201C;Linguistic and Epigraphic Studies on Paleohispanic languages" (FFI2009-13292-CO1-3). This research project brought together scholars from different disciplines such as ancient history, linguistics and epigraphy, and all Celtiberian inscriptions and those coming from the South of France were included. These are represented by the letters B and K in the map that appears as part of the search interface (Fig. 1).<note xml:id="ftn8" n="8">The map is accessible at <ptr target="http://hesperia.ucm.es"/>.</note> During this project, the database was also improved and enriched with new material such as Paleohispanic coin legends and indigenous personal names. The search tool was also implemented and a map server was developed.<note xml:id="ftn9" n="9"><ptr target="http://hesperia.ucm.es/proyecto_hesperia.php"/>.</note></p>
          <p>The main purpose was to extend the general understanding of various linguistics and epigraphic aspects of the inscriptions. While the linguistic endeavour focused on the nominal formation both of Celtiberian and of Iberian languages as well as the creation of an Iberian lexicon &#x2013; still to be introduced &#x2013; the epigraphic aspect focused on Paleohispanic Iberian coin legends and other Paleohispanic inscriptions. Today, the Hesperia Paleohispanic languages database is part of a successively updated endeavour in the framework of the <emph>Paleohispanic Linguistic and Epigraphic Studies: Cultural and Linguistic Contexts (ELELP II)</emph> project, under the direction of Joaqu&#xED;n Gorrochategui which &#x2013; as the site tells us &#x2013; ran from 01/01/2013 to 31/12/2015. Within this endeavour, the website also states three subprojects: <list type="ordered"><item><emph>Aquitanian and Iberian onomastics: linguistic data and Evaluation.</emph> Chief researcher: Joaqu&#xED;n Gorrochategui. FFI2012-36069-Co3-01. </item><item><emph>Nominal morphology studies: Paleohispanic and ancient Indo-European languages.</emph> Chief researcher: Eugenio R. Luj&#xE1;n Mart&#xED;nez FFI2012-36069-Co3-02. </item><item>The birth of epigraphic cultures in the Western Mediterranean (II-I c. BCE). Chief researcher: Francisco Beltr&#xE1;n Lloris. FFI2012-36069-Co3-02. </item></list></p>
          <p>This macro project looks mainly at the development, implementation and maintenance of the database as well as the introduction of new material from Catalu&#xF1;a, the Levant and the meridional area with the aim of constructing the most exhaustive and scientifically assessed collection of the total of the Paleohispanic material on the peninsula. In addition, the aim is to correct former mistakes, complete archaeological data especially related to the context of the finds and enrich the geographical information and the illustrations. Other aims of this project are the contextualisation of the Iberian data by typological comparison with other languages that show similar structural features, the investigation of non-Indo-European onomastics and the recording of &#x2018;external&#x2019; data regarding the onomastics.<note xml:id="ftn10" n="10"><ptr target="http://hesperia.ucm.es/actual.php"/>.</note> </p>
          <p>Finally, this project also aims to look at the Paleohispanic epigraphy from the point of view of the epigraphic culture in the Western Mediterranean from the 2nd to the 1st century BC. This will promote the study of the Mediterranean pre-Roman epigraphy in three specific areas: south of Gaul, north of Africa and Italy with all the Osco-Sabelic inscriptions and some Etruscan examples. Hesperia comprises a wide variety of languages; however, the difficulty is increased by the writing system in which these languages are recorded. The scripts used in the recording of the paleohispanic languages comprise semi-syllabic writings originating in the peninsula as well as colonial alphabets such as Greek and Latin. This variety of resources is detailed on the Hesperia website within the &#x2018;scripts&#x2019; section, where the user can find four sensitive tables that display the different writings and the varieties of each sign (Fig. 4).</p>
          <figure>
            <head>Fig. 2: Screen capture of the sensitive table for the North-Eastern or Levantine Iberian Script with the varieties of the first sign (ka) when clicking on it.</head>
            <graphic url="wp-content/uploads/issue_7/hesperia/pictures/picture-2.png"/>
          </figure>
          <p>The number of inscriptions recorded in these scripts coming from the peninsula totals more than 2000 samples, to which one should add other languages spoken before the Roman arrival such as the Basque and Basque-like languages that still do not figure in the collection. The inscriptions compiled in Hesperia have been classified according to the following types: <list><item>Glosses in classical texts that include Hispanic words.</item><item>Names: anthroponyms, theonyms, toponyms and ethnic denominations. </item><item>Paleohispanic coin inscriptions. </item></list></p>
          <p>The database is configured according to a series of interrelated collections: Epigraphy, Numismatics, Onomastics, Lexicon and Bibliography. These sections are already accessible except for the lexicon which is still under construction as well as some sections of the bibliographic and onomastic tables. The aim is to update the record continuously allowing the introduction of new material, metadata or other commentaries.<note xml:id="ftn11" n="11"><ptr target="http://hesperia.ucm.es/bancodatos.php"/>.</note> Nevertheless, only a small part of the overall content appears to be currently publicly accessible. As can be seen in Fig. 4., only four areas are available (represented by the letters A, B, K and L) from a total of eleven zones.</p>
        </div>
        <div type="div2">
          <head>Methods</head>
          <p>Hesperia has been designed following the rationale established by the four main sub-collections. These are available via four browsers at the top of the main menu under the titles &#x2018;Epigraphy&#x2019; (data bank in the English version), &#x2018;Numismatics&#x2019;, &#x2018;Onomastics&#x2019; and &#x2018;Bibliography&#x2019; together with a direct link to the maps section that allow the user to directly access a specific section of the database. The collection contains both inscriptions and coin legends coming from the whole of the peninsular territory. Although the database is not yet complete, the main objective is to make available the whole corpus of Paleohispanic inscriptions (including onomastics, toponyms and glosses) and coin legends. The different types of inscriptions that this collection comprises are classified and explained within the &#x2018;Presentation&#x2019; link in the main menu.</p>
          <p>Each of the collection sections includes an introductory menu that explains its contents. There is also a clarification of the criteria followed in the classification of the inscriptions together with the different approaches towards the distribution of the collection and the main sources consulted, the <emph>Monumenta Linguarum Hispanicarum</emph> by J. Utermann being one of the most cited. Although Hesperia provides enough documentation about the objectives, the types of inscriptions, the languages and the scripts in which these were recorded, there is no metadata regarding the total number of inscriptions included nor the number of items that are still to be added. This makes it difficult for the user to get a complete picture of the collection and the current state of the project.</p>
          <p>Due to the character of the assemblage, it is easy to imagine a number of difficulties that the Hesperia team might have encountered in the development of such a complex enterprise. Most of these are collected in the publications section within the consecutive papers that the Hesperia team has published regarding the developing of the database. However, these are not stated in any of the explanatory menus that the website displays. For future developments, it would be interesting to include a section on the progress of the project from the first steps to the current state and the impediments that the team has faced in the collection and digitisation of the inscriptions. </p>
          <p>The main sub-collections present a similar number of entries and are interrelated by theme and coverage. As an example, the epigraphic collection of Celtiberian inscriptions is related to the Celtiberian items in the numismatic section (especially regarding the language and script). Nevertheless, these have been settled in different sub-collections due to the inscription&#xB4;s format and nature. The dataset has been built up by the transcription of the textual data coming from different sources. The material has been contrasted and assessed before its publication and every entry has a bibliography. In addition, Hesperia provides a description of the archaeological context in which the specimen was found, a feature especially interesting for archaeological research.</p>
          <p>Hesperia aims to collect all texts written in Paleohispanic languages except for Latin, Greek and Phoenician. Extending this sample and including more Paleohispanic texts could support quantitative research and this type of analysis could also be implemented with GIS to visualise the results of the queries developed on the data. The quantity of data collected by Hesperia as well as the nature of this data &#x2013; epigraphic inscriptions written in Paleohispanic languages &#x2013; make it a collection with a huge potential for future research. Nevertheless, although being in a digital format, the information is still hardly accessible. The data is provided on screen in HTML and only downloadable in PDF format. This allows the researcher to get access to specific files, but makes it difficult to access the whole of the dataset, diminishing the possibility of computational analysis by others. In addition, Hesperia is not connected to any other related resources. This makes it difficult to assess the quality of the information since it cannot be contrasted with other information outside the database but, even more, it diminishes the research potential of the collection.</p>
          <p>Recent decades have seen a discussion on the difficulties that data management can lead to in big datasets such as Hesperia. Traditional ways of collecting digitised data and making it available online have limitations both in the processing of the information and the querying of the data. If appropriate measures are not taken to prevent it, in many of the cases, digital collections can become isolated &#x2018;silos&#x2019; of decontextualised content not interoperable with other related resources. This, at the same time, impedes the discovery of new material, the disambiguation of information and the assessment of content. Linked Open Data (LOD) has proven to be a very successful technology to address this problem.</p>
          <p>LOD is a low-cost technology that provides connections between data through statements following the subject-predicate-object formula and expressed using controlled Linked Open Vocabularies. The implementation of Hesperia with Linked Open Data standards could allow connections between Hesperia data and a broad range of resources that are already online as part of the Linked Ancient World Data community. The LAWD community is one of the leaders in the creation of Linked Open Data contents related to the study of the Ancient world. The inclusion of Hesperia&#xB4;s contents in this community could provide a highly valuable resource for the study of the ancient world and enhance the presence and the importance of the Iberian Peninsula in this field.</p>
          <p>The integration of Hesperia&#xB4;s contents into LOD standards would allow the linkage of the information with several resources all over the world. This, at the same time, would provide more informative and contextualised data, thus exponentially increasing the value of the dataset. The fact that Hesperia only provides downloads in PDF diminishes significantly the possibilities to re-use the data. The conversion of the data into RDF and its publication online would allow the bulk download of the information and thus would exponentially increase the reutilisation of the data in successive projects.</p>
        </div>
        <div type="div2">
          <head>Typology </head>
          <p>There is quite a mature field concerned with digital editions where the boundaries and limitations of these resources have been discussed in contrast to other kind of tools like digital libraries, archives, text collections or corpuses (see Cohen et al. 2012, Sch&#xF6;ch 2017, Henny and Sch&#xF6;ch 2016 and Schreibman et al. 2011). Nevertheless, there is no homogenous or defined field regarding &#x201C;text collections". Instead, scholarship considers it as a broad concept including a heterogeneous selection of resources and collections of texts (e.g. the mentioned linguistic corpora, digital archives etc.) (e.g. Unsworth 2011).</p>
          <p>In order to discuss the quality of a specific resource it is also important to specify it typologically in order to assess it in comparison to other resources of the same type. This question is also interesting at the time of describing the resource, defining it, and specifying the features that make it differ from the rest. Having this in mind, it makes sense to discuss where Hesperia situates itself as well as building on other typologies that could be considered when defining the resource. In fact, it would be very beneficial and especially interesting for this work to consider the ambiguous nature of the resource and situate Hesperia in the broader ongoing discussion about the digital paradigm.</p>
          <p>As a preliminary study, the initial aim was to compile some of the main features of either a text collection and a digital edition offered by the references quoted above among others, see what of these characteristics Hesperia satisfies better, and then conclude what type of resource it can best be described as. Nevertheless, it might be well the case that the classification is more complex than this. It has become necessary to deepen on the specific features of both text collections and digital editions, considering both possible typologies of Hesperia and then weight the outcome of these considerations against each other, also looking at the possibility that Hesperia could be both or neither of these options.</p>
          <p>Scholarly digital editions offer critical representations of historical texts. Far from being just purely publications in a digital format, they follow specific methodologies to assess historical texts critically. This could easily be considered the main objective of Hesperia. The project contains a critical apparatus &#x2013; which is a characteristic feature of digital editions &#x2013; and it aims to display a complete representation of Paleohispanic full text records. Furthermore, Hesperia not only collects the language records of the peninsula but offers a critical paradigm towards the analysis of the text, regarding an academic research project. The resource offers documentation and meta information of the aims, the academic projects and the team. Although there is a lack of documentation regarding the methodology followed in the collection of the texts, several articles are made available regarding the scope of the collection, the main sources consulted, the development of the database and some of the technical impediments that the team has encountered.</p>
          <p>Nevertheless, on the other hand, looking at the self-description provided as well as the purpose and future objectives of the collection, the Hesperia project could also be considered a digital text collection. Text collections comprise several different texts, as Hesperia does, and they encompass a broader scope than digital editions. DTC can be considered as inventories of specific types of textual sources that have been collected following a specific criterion, as for example is in Hesperia the study of Paleohispanic languages in the Iberian Peninsula. Hesperia embraces a complex database that includes and analyses various language varieties (e.g. Celtiberian, Iberian, Lusitanian) thus comprising several language corpuses. Language corpuses are a very specific type of text collection. They may be constructed according to internal features of the texts as well as external features (e.g. genre, authorship, date, variety). However, these assemblages do not necessarily describe a specific research scope like the one that Hesperia pursues.</p>
          <p>Hesperia can be considered a digital edition because of its application of editorial methods like the critical apparatus and the palaeographic description. However, the resource is also enriched with further material that does not necessarily fit in the consideration of a digital edition. The aim of Hesperia is the study of the linguistic and epigraphic features of a collection of texts. Therefore, the content of the text collected is not as important as its linguistic component, a feature less common in digital editions.</p>
          <p>In my opinion, because of all these reasons, the Hesperia project cannot be strictly considered a digital edition nor a linguistic corpus (as a specific kind of text collection). Instead, this resource should be considered a hybrid product that compiles characteristics from both categories. Therefore, it might well be the time to rethink our perception of the classification of these resources and consider the many different types of tools that should be included in this taxonomy. In the same way that Digital Humanities keeps updating and growing every day, our perception of this discipline should be equally updated and modernised considering the new varieties and resources.</p>
        </div>
        <div type="div2">
          <head>User Interface</head>
          <p>Hesperia was primarily developed using FileMaker software. Later, this was implemented into the LAMP platform in which the dataset lies today. This platform is constituted by a Linux operating system, Apache web server, MySQL system for relational databases and PHP programming language.</p>
          <p>Some of the documentation related to Hesperia is easily reachable from the website. Here, in the index interface,<note xml:id="ftn12" n="12"><ptr target="http://hesperia.ucm.es/en/index.php"/></note> there is a side bar with the navigation that provides the main links to the different sections. As it can be seen in Fig. 1., whereas the Spanish version of the site displays six different sections (Presentaci&#xF3;n, Documentaci&#xF3;n, Banco de datos, Enlaces, Noticias and Contacto), the English version only displays five of these indices as it is lacking the &#x2018;News&#x2019; section, presumably because the information published here is written in Spanish. In the &#x2018;Publications&#xB4; section there is a set of six articles written in English and Spanish by members of the Hesperia team. These papers collect the main information about the history of the database, the initial project and the subsequent developments. There is also a poster written in Spanish about the project that can be downloaded and used under a Creative Commons Licence.<note xml:id="ftn13" n="13">The poster is accessible at <ptr target="http://eprints.ucm.es/8672/"/>.</note> Nevertheless, the main &#x2018;Documentation&#x2019; menu is still under development in both the English and Spanish versions.</p>
          <figure>
            <head>Fig. 3: Screen capture left side - Main menu in English</head>
            <graphic url="wp-content/uploads/issue_7/hesperia/pictures/picture-3.png"/>
          </figure>
          <p>Within the &#x2018;Documentation&#x2019; index there is also a section focused on maps. Here, Hesperia provides six maps with different collections of inscriptions divided into several periods from the 4th century BC to the Roman Republic. These maps show the inscriptions recorded by Hesperia as dots in different colours. Each of the maps presents a legend, which is also included in the general index. The maps can be zoomed in to distinguish the specific number of each inscription allowing its identification as can be seen in Fig. 2. Within the index, each of the maps is accompanied by a short explanation and analysis of the content. This is very useful since it helps in the reading of the data and the rationale behind the incorporation of new scripts and collections in the visualisations. These maps provide a quick way to spot certain inscriptions; however, they are not interactive. The user will later need to search for the inscription again in the general catalogue. This impediment certainly diminishes the utility of the resource and it could be improved by converting the maps into search interfaces that allow the user to navigate the data in a specific period and geographic area.</p>
          <figure>
            <head>Fig. 4: Map of inscriptions from after the 3rd century and Latin inscriptions from the Roman Republic.</head>
            <graphic url="wp-content/uploads/issue_7/hesperia/pictures/picture-4.png"/>
          </figure>
          <p>In the &#x2018;data bank&#x2019; navigation menu, there is also a map server tool that allows the user to generate a map based on search parameters. This tool may prove to be very significant in the evolution of the database and user engagement since, given the characteristics of the database and the contents that it provides, GIS becomes a fundamental resource in the display of the search results. Nevertheless, although the tool has a lot of potential, it seems to be using an obsolete plug-in and not all of its features are currently functional. Both the zoom mechanism to zoom and the mechanism to move around the map require several clicks.</p>
          <figure>
            <head>Fig. 5: Screen capture of the map server. In the right-hand side, the mechanism to zoom in and out and the navigation menu. </head>
            <graphic url="wp-content/uploads/issue_7/hesperia/pictures/picture-5.png"/>
          </figure>
          <p>The Hesperia interface has been organised following the main tables established in the dataset (epigraphy, onomastics, numismatics, lexicon and bibliography). This makes it easier for the user to identify the purpose, content and main access links. The information displayed in these tables can be accessed through the links in the navigation menu (on the left-hand side of the main interface) or the browsers at the top, as mentioned above. Either of these keys link to a menu in which the main contents of the table are explained together with an access key that links to an interactive map and a table of contents. Both search interfaces are simple and easy to use, and they allow the navigation within all the content of the specific section.</p>
          <p>When selecting one of the entries in the epigraphic dataset another interface comes up. This section contains a description of the entry on the top and a table organised into 6 columns: &#x2018;Generalidades&#x2019;, &#x2018;texto&#x2019;, &#x2018;epigraf&#xED;a y paleograf&#xED;a&#x2019;. &#x2018;ilustraciones&#x2019;, &#x2018;contexto arqueol&#xF3;gico&#x2019; and &#x2018;bibliograf&#xED;a&#x2019;. These terms are not translated in the English version. In this section, the user is made aware of what content is being displayed by both the main description box and the &#x2018;generalidades&#x2019; section as well as their position in the overall architecture of the dataset and how other contents can be accessed through the navigation bar on the top-left corner. Each of the tables provides a PDF generator that allows the download of specific files.</p>
          <p>The &#x2018;ilustraciones&#x2019; section in the table allows the user to click and zoom in the pictures displayed. These pictures are under a Creative Commons &#x2013; NC licence. Nevertheless, there is no information provided about the licence on the content of the rest of the collection. The &#x2018;texto&#x2019; section provides the critical apparatus of the text and it is complemented by the epigraphic and palaeographic section that provides useful observations on the inscription. In the archaeological context section, another table appears organised in several units giving the date of the text, the dating criteria, the context of the find and some observations. In this section, the archaeological context information is absent from most of the entries and in those in which it is displayed, it is not entirely useful since it is often reduced to comments like &#x2018;rock two&#x2019; or &#x2018;zone two&#x2019;.</p>
          <figure>
            <head>Fig. 6: Screen capture of the epigraphy table</head>
            <graphic url="wp-content/uploads/issue_7/hesperia/pictures/picture-6.png"/>
          </figure>
          <p>The other tables generated in the onomastic, lexicon and bibliography sections are similar to these, however they are arranged according to the characteristics of the data. The onomastic table, for example, allows the user to generate a map with the distribution of a name. However, the onomastic, lexicon and bibliography datasets are still under development.</p>
          <p>Although the numismatic section is treated as another sub-section of Hesperia, it could be considered as an individual collection by itself. Its purpose is the classification of all the Paleohispanic coin legends by mint. The objective is to provide the researcher with a tool capable of disambiguating and contextualising any individual word or legend. I find this collection to have the highest potential of development, especially with the introduction of LOD technologies. The application of LOD technologies to the study of Roman coins is already proving its efficacy in projects such Nomisma.org.<note xml:id="ftn14" n="14"><ptr target="http://nomisma.org"/></note></p>
        </div>
        <div type="div2">
          <head>Conclusions</head>
          <p>In conclusion, Hesperia makes available an assessed and comprehensive corpus of Paleohispanic inscriptions from the Iberian Peninsula together with their archaeological context, their epigraphic and palaeographic analysis, and some bibliography. Although the final objectives have not been achieved yet, it succeeds in its innovative endeavour of putting together for the first time a collection of these features to give answer to a broad research question. Because of these reasons, the Hesperia project should not be considered a digital edition, nor a linguistic corpus, but a much complete resource of hybrid nature that allows the incorporation of intermingled features such as the ones mentioned above.</p>
          <p>Having acknowledged the strengths of this resource, the implementation of Hesperia with Linked Open Data technologies should be strongly considered. LOD could exponentially enhance the visualisation of Hesperia as well as the reutilisation of the data and the positioning of Paleohispanic languages in current scholarship. Although the documentation section is still under development and the metadata could be extended, the resource is sufficiently documented and its aims and overall statement are well stated. While some of the tools should be implemented, the overall website is functional and accomplishes the general objectives regarding the data provided. Hesperia not only makes a fundamental contribution to the knowledge of Paleohispanic languages and the dissemination of the scholarship in this field; it also provides a fundamental tool to carry on further research.</p>
        </div>
      </div>
      <div type="references">
        <listBibl>
          <bibl>Cohen, Daniel J. and Joan Fragaszy Troyano (eds.). <emph>Closing the Evaluation Gap.</emph>Journal of Digital Humanities Vol. 1, No. 4, 2012. <ptr target="http://journalofdigitalhumanities.org/1-4/"/></bibl>
          <bibl>Henny, Ulrike and Christof Sch&#xF6;ch. How good are our texts, really? Quality assurance for literary texts from various sources [Blog post]. <emph>CLiGS</emph>, February 27th, 2016. <ptr target="http://cligs.hypotheses.org/371"/></bibl>
          <bibl>MLH I: Untermann, J. <emph>Monumenta Linguarum Hsiapnicarum</emph>. Band I, Die M&#xFC;nzlegenden, Wiesbaden 1975. </bibl>
          <bibl>Luj&#xE1;n, E.R. 'Hesperia. The electronic corpus of Paelohispanic inscriptions and linguistic records', Review of the national centre for Digitization (Belgrado), 6, 2005, 78-89.</bibl>
          <bibl>Sch&#xF6;ch, Christof. Aufbau von Datensammlungen. <emph>Einf&#xFC;hrung in die Digital Humanities,</emph> edited by Fotis Jannidis, Malte Rehbein and Hubertus Kohle, Stuttgart, Metzler, 2017, pp. 223-233.</bibl>
          <bibl>Schreibman, Susan, Laura Mandell and Stephen Olsen (eds.): Evaluating Digital Scholarship" [Special section]. <emph>Profession</emph>, 2011, pp. 123-201. <ptr target="http://www.mlajournals.org/toc/prof/2011/1"/></bibl>
          <bibl>Spence P. <emph>A historical perspective on the digital humanities in Spain</emph>, in: H-Soz-Kult, 2005. Available at: <ptr target="http://www.hsozkult.de/debate/id/diskussionen-2449"/>. Accessed: 21/7/2017. </bibl>
          <bibl>Unsworth, John. Computational Work with Very Large Text Collections. Interoperability, Sustainability, and the TEI. <emph>Journal of the Text Encoding Initiative, </emph>issue 1, 2011. <ptr target="http://jtei.revues.org/215"/></bibl>
        </listBibl>
      </div>
    </body>
  </text>
</TEI>
