<?xml version="1.0" encoding="utf-8"?>
<TEI xmlns="http://www.tei-c.org/ns/1.0" xmlns:xsi="http://www.w3.org/2001/XMLSchema-instance" xsi:schemaLocation="http://www.tei-c.org/ns/1.0 http://ride.i-d-e.de/wp-content/uploads/downloads/schema/ride.xsd">
  <teiHeader>
    <fileDesc>
      <titleStmt>
        <title/>
        <respStmt>
          <resp>author</resp>
          <name>
            <persName>
              <forename xml:id="reviewer_forename">Merisa A.</forename>
              <surname xml:id="reviewer_surname">Martinez</surname>
            </persName>
            <affiliation>
              <orgName xml:id="reviewer_organization">University of Borås</orgName>
              <placeName xml:id="reviewer_place">Borås, Sweden</placeName>
            </affiliation>
            <email xml:id="reviewer_email">Merisa.Martinez (at) gmail.com</email>
          </name>
        </respStmt>
      </titleStmt>
      <publicationStmt>
        <publisher>Institut für Dokumentologie und Editorik</publisher>
        <date/>
        <idno type="issue">2</idno>
        <idno type="URI">http://ride.i-d-e.de/issue-2/fleischmann-diaries/</idno>
        <idno type="doi">10.18716/ride.a.2.4</idno>
        <availability>
          <licence>
            <ref target="http://creativecommons.org/licenses/by/4.0/"/>
          </licence>
        </availability>
      </publicationStmt>
      <notesStmt>
        <relatedItem>
          <biblStruct>
            <monogr>
              <title xml:id="resource_title">The Fleischmann Diaries</title>
              <editor xml:id="resource_editors">Roísín O'Brien </editor>
              <respStmt>
                <resp>Editor</resp>
                <persName>
                  <name>Roísín O'Brien</name>
                </persName>
              </respStmt>
              <respStmt>
                <resp>Advisor</resp>
                <persName>
                  <name>Ruth Fleischmann</name>
                </persName>
              </respStmt>
              <respStmt>
                <resp>Contributor</resp>
                <persName>
                  <name>Max Fleischmann</name>
                </persName>
              </respStmt>
              <respStmt>
                <resp>Contributor</resp>
                <persName>
                  <name>Liam Mac Cóil</name>
                </persName>
              </respStmt>
              <imprint>
                <date xml:id="resource_date_publication">2012</date>
              </imprint>
            </monogr>
            <idno xml:id="resource_uri">http://fleischmanndiaries.ucc.ie/</idno>
          </biblStruct>
        </relatedItem>
        <note>
          <date xml:id="resource_date_access">2014-11-28</date>
        </note>
      </notesStmt>
      <sourceDesc>
        <p>Auf der Basis von <ref>http://www.i-d-e.de/aktivitaeten/reviews/criteria-for-reviewing-scholarly-digital-editions-version-1-1</ref></p>
      </sourceDesc>
    </fileDesc>
    <encodingDesc>
      <classDecl>
        <taxonomy xml:base="http://www.i-d-e.de/aktivitaeten/reviews/criteria-for-reviewing-scholarly-digital-editions-version-1-1">
          <category xml:id="documentation">
            <category xml:id="bibl_desc">
              <catDesc>
                <ref target="#K1.2">cf. Catalogue 1.2</ref>
              </catDesc>
              <catDesc>Is it easily possible to describe the project bibliographically along the schema "responsible editors, publishing/hosting institution, year(s) of publishing"?</catDesc>
              <catDesc>
                <num type="boolean" value="1"/>
              </catDesc>
            </category>
            <category xml:id="contributors">
              <catDesc>
                <ref target="#K1.4">cf. Catalogue 1.4</ref>
              </catDesc>
              <catDesc>Are the contributors (editors, institutions, associates) of the project fully documented?</catDesc>
              <catDesc>
                <num type="boolean" value="0"/>
              </catDesc>
            </category>
            <category xml:id="contacts">
              <catDesc>
                <ref target="#K1.5">cf. Catalogue 1.5</ref>
              </catDesc>
              <catDesc>Does the project list contact persons?</catDesc>
              <catDesc>
                <num type="boolean" value="1"/>
              </catDesc>
            </category>
            <category xml:id="selection">
              <category xml:id="explained">
                <catDesc>
                  <ref target="#K2.1">cf. Catalogue 2.1</ref>
                </catDesc>
                <catDesc>Is the selection of materials of the project explicitly documented?</catDesc>
                <catDesc>
                  <num type="boolean" value="1"/>
                </catDesc>
              </category>
              <category xml:id="reasonable">
                <catDesc>
                  <ref target="#K2.1">cf. Catalogue 2.1</ref>
                </catDesc>
                <catDesc>Is the selection by and large reasonable?</catDesc>
                <catDesc>
                  <num type="boolean" value="1"/>
                </catDesc>
              </category>
            </category>
            <category xml:id="data_archive">
              <catDesc>
                <ref target="#K4.16">cf. Catalogue 4.16</ref>
              </catDesc>
              <catDesc>Does the documentation include information about the long term sustainability of the basic data (archiving of the data)?</catDesc>
              <catDesc>
                <num type="boolean" value="0"/>
              </catDesc>
            </category>
            <category xml:id="aims">
              <catDesc>
                <ref target="#K3.1">cf. Catalogue 3.1</ref>
              </catDesc>
              <catDesc>Are the aims and purposes of the project explicitly documented?</catDesc>
              <catDesc>
                <num type="boolean" value="1"/>
              </catDesc>
            </category>
            <category xml:id="methods">
              <catDesc>
                <ref target="#K3.1">cf. Catalogue 3.1</ref>
              </catDesc>
              <catDesc>Are the methods employed in the project explicitly documented?</catDesc>
              <catDesc>
                <num type="boolean" value="1"/>
              </catDesc>
            </category>
            <category xml:id="data_model">
              <catDesc>
                <ref target="#K3.7">cf. Catalogue 3.7</ref>
              </catDesc>
              <catDesc>Does the project document which data model (e.g. TEI) has been used and for what reason?</catDesc>
              <catDesc>
                <num type="boolean" value="1"/>
              </catDesc>
            </category>
            <category xml:id="help">
              <catDesc>
                <ref target="#K4.15">cf. Catalogue 4.15</ref>
              </catDesc>
              <catDesc>Does the project offer help texts concerning the use of the project?</catDesc>
              <catDesc>
                <num type="boolean" value="1"/>
              </catDesc>
            </category>
            <category xml:id="citation">
              <catDesc>
                <ref target="#K4.8">cf. Catalogue 4.8</ref>
              </catDesc>
              <catDesc>Does the project supply citation guidelines (i.e. how to cite the project or a part of it)?</catDesc>
              <catDesc>
                <num type="boolean" value="0"/>
              </catDesc>
            </category>
            <category xml:id="complete">
              <catDesc>
                <ref target="#K4.16">cf. Catalogue 4.16</ref>
              </catDesc>
              <catDesc>Does the editon regard itself as a completed project (i.e. not promise further modifications and additions)?</catDesc>
              <catDesc>
                <num type="boolean" value="0"/>
              </catDesc>
            </category>
            <category xml:id="institutional_curation">
              <catDesc>
                <ref target="#K4.13">cf. Catalogue 4.13</ref>
              </catDesc>
              <catDesc>Does the project provide information about institutional support for the curation and sustainability of the project?</catDesc>
              <catDesc>
                <num type="boolean" value="1"/>
              </catDesc>
            </category>
          </category>
          <category xml:id="contents">
            <category xml:id="previous_edition">
              <catDesc>
                <ref target="#K2.2">cf. Catalogue 2.2</ref>
              </catDesc>
              <catDesc>Has the material been previously edited (in print or digitally)?</catDesc>
              <catDesc>
                <num type="boolean" value="0"/>
              </catDesc>
            </category>
            <category xml:id="materials_used">
              <catDesc>
                <ref target="#K2.2">cf. Catalogue 2.2</ref>
              </catDesc>
              <catDesc>Does the edition make use of these previous editions?</catDesc>
              <catDesc>
                <num type="booleanX" value="0"/>
              </catDesc>
            </category>
            <category xml:id="introduction">
              <catDesc>
                <ref target="#K4.15">cf. Catalogue 4.15</ref>
              </catDesc>
              <catDesc>Does the project offer an introduction to the subject-matter (the author(s), the work, its history, the theme, etc.) of the project?</catDesc>
              <catDesc>
                <num type="boolean" value="1"/>
              </catDesc>
            </category>
            <category xml:id="bibliography">
              <catDesc>
                <ref target="#K2.3">cf. Catalogue 2.3</ref>
              </catDesc>
              <catDesc>Does the project offer a bibliography?</catDesc>
              <catDesc>
                <num type="boolean" value="0"/>
              </catDesc>
            </category>
            <category xml:id="commentary">
              <catDesc>
                <ref target="#K2.3">cf. Catalogue 2.3</ref>
              </catDesc>
              <catDesc>Does the project offer a scholarly commentary (e.g. notes on unclear passages, interpretation, etc.)?</catDesc>
              <catDesc>
                <num type="boolean" value="1"/>
              </catDesc>
            </category>
            <category xml:id="contexts">
              <catDesc>
                <ref target="#K2.3">cf. Catalogue 2.3</ref>
              </catDesc>
              <catDesc>Does the project include or link to external resources with contextual material?</catDesc>
              <catDesc>
                <num type="boolean" value="0"/>
              </catDesc>
            </category>
            <category xml:id="images">
              <catDesc>
                <ref target="#K2.3">cf. Catalogue 2.3</ref>
              </catDesc>
              <catDesc>Does the project offer images of digitised sources?</catDesc>
              <catDesc>
                <num type="boolean" value="1"/>
              </catDesc>
            </category>
            <category xml:id="image_quality">
              <catDesc>I<ref target="#K4.6">cf. Catalogue 4.6</ref></catDesc>
              <catDesc>Does the project offer images of an acceptable quality?</catDesc>
              <catDesc>
                <num type="booleanX" value="1"/>
              </catDesc>
            </category>
            <category xml:id="transcriptions">
              <catDesc>
                <ref target="#K2.3">cf. Catalogue 2.3</ref>
              </catDesc>
              <catDesc> Is the text fully transcribed?</catDesc>
              <catDesc>
                <num type="boolean" value="1"/>
              </catDesc>
            </category>
            <category xml:id="text_quality">
              <catDesc>
                <ref target="#K4.6">cf. Catalogue 4.6</ref>
              </catDesc>
              <catDesc>Does the project offer texts of an acceptable quality (typos, errors, etc.)?</catDesc>
              <catDesc>
                <num type="boolean" value="1"/>
              </catDesc>
            </category>
            <category xml:id="indices">
              <catDesc>
                <ref target="#K4.5">cf. Catalogue 4.5</ref>
              </catDesc>
              <catDesc>Does the project feature compilations indices, registers or visualisations that offer alternative ways to access the material?</catDesc>
              <catDesc>
                <num type="boolean" value="1"/>
              </catDesc>
            </category>
            <category xml:id="documents">
              <category xml:id="doc_type">
                <catDesc>
                  <ref target="#K1.3 #K2.1">cf. Catalogue 1.3 and 2.1</ref>
                </catDesc>
                <catDesc>Which kinds of documents are at the basis of the project?</catDesc>
                <category xml:id="single_manuscript">
                  <catDesc>
                    <num type="boolean" value="0"/>
                  </catDesc>
                </category>
                <category xml:id="single_work">
                  <catDesc>
                    <num type="boolean" value="0"/>
                  </catDesc>
                </category>
                <category xml:id="collection_of_texts">
                  <catDesc>
                    <num type="boolean" value="0"/>
                  </catDesc>
                </category>
                <category xml:id="collected_works">
                  <catDesc>
                    <num type="boolean" value="0"/>
                  </catDesc>
                </category>
                <category xml:id="papers">
                  <catDesc>
                    <num type="boolean" value="0"/>
                  </catDesc>
                </category>
                <category xml:id="archival_holding">
                  <catDesc>
                    <num type="boolean" value="0"/>
                  </catDesc>
                </category>
                <category xml:id="charters">
                  <catDesc>
                    <num type="boolean" value="0"/>
                  </catDesc>
                </category>
                <category xml:id="letters">
                  <catDesc>
                    <num type="boolean" value="0"/>
                  </catDesc>
                </category>
                <category xml:id="diary">
                  <catDesc>
                    <num type="boolean" value="1"/>
                  </catDesc>
                </category>
                <category corresp="#other">
                  <catDesc>
                    <num type="boolean" value="0"/>
                  </catDesc>
                  <category corresp="#free">
                    <gloss/>
                  </category>
                </category>
              </category>
              <category xml:id="doc_time">
                <catDesc>
                  <ref target="#K1.3 #K2.1">cf. Catalogue 1.3 and 2.1</ref>
                </catDesc>
                <catDesc>What era(s) do the documents belong to?</catDesc>
                <category xml:id="classics">
                  <catDesc>
                    <num type="boolean" value="0"/>
                  </catDesc>
                </category>
                <category xml:id="medieval">
                  <catDesc>
                    <num type="boolean" value="0"/>
                  </catDesc>
                </category>
                <category xml:id="early_modern">
                  <catDesc>
                    <num type="boolean" value="0"/>
                  </catDesc>
                </category>
                <category xml:id="modern">
                  <catDesc>
                    <num type="boolean" value="1"/>
                  </catDesc>
                </category>
              </category>
            </category>
            <category xml:id="subject">
              <catDesc>
                <ref target="#K1.3">cf. Catalogue 1.3</ref>
              </catDesc>
              <catDesc>Which perspective(s) do the editors take towards the edited material? How can the edition be classified in general terms?</catDesc>
              <category xml:id="history">
                <catDesc>
                  <num type="boolean" value="1"/>
                </catDesc>
              </category>
              <category xml:id="philology_literary_studies">
                <catDesc>
                  <num type="boolean" value="0"/>
                </catDesc>
              </category>
              <category xml:id="philosophy_theology">
                <catDesc>
                  <num type="boolean" value="0"/>
                </catDesc>
              </category>
              <category xml:id="history_of_science">
                <catDesc>
                  <num type="boolean" value="0"/>
                </catDesc>
              </category>
              <category xml:id="musicology">
                <catDesc>
                  <num type="boolean" value="0"/>
                </catDesc>
              </category>
              <category xml:id="art_history">
                <catDesc>
                  <num type="boolean" value="0"/>
                </catDesc>
              </category>
              <category corresp="#other">
                <catDesc>
                  <num type="boolean" value="0"/>
                </catDesc>
                <category corresp="#free">
                  <gloss/>
                </category>
              </category>
            </category>
          </category>
          <category xml:id="presentation">
            <category xml:id="spin_offs">
              <catDesc>
                <ref target="#K4.11">cf. Catalogue 4.11</ref>
              </catDesc>
              <catDesc>Does the project offer any spin-offs?</catDesc>
              <category xml:id="app">
                <catDesc>
                  <num type="boolean" value="0"/>
                </catDesc>
              </category>
              <category xml:id="mobile">
                <catDesc>
                  <num type="boolean" value="1"/>
                </catDesc>
              </category>
              <category xml:id="PDF">
                <catDesc>
                  <num type="boolean" value="0"/>
                </catDesc>
              </category>
              <category corresp="#other">
                <catDesc>
                  <num type="boolean" value="0"/>
                </catDesc>
                <category corresp="#free">
                  <gloss/>
                </category>
              </category>
              <category corresp="#none">
                <catDesc>
                  <num type="boolean" value="0"/>
                </catDesc>
              </category>
            </category>
            <category xml:id="browse_by">
              <catDesc>
                <ref target="#K4.3">cf. Catalogue 4.3</ref>
              </catDesc>
              <catDesc>By which categories does the project offer to browse the contents?</catDesc>
              <category xml:id="authors">
                <catDesc>
                  <num type="boolean" value="0"/>
                </catDesc>
              </category>
              <category xml:id="works">
                <catDesc>
                  <num type="boolean" value="0"/>
                </catDesc>
              </category>
              <category xml:id="versions">
                <catDesc>
                  <num type="boolean" value="0"/>
                </catDesc>
              </category>
              <category xml:id="structure">
                <catDesc>
                  <num type="boolean" value="0"/>
                </catDesc>
              </category>
              <category xml:id="pages">
                <catDesc>
                  <num type="boolean" value="0"/>
                </catDesc>
              </category>
              <category xml:id="browse_by_documents">
                <catDesc>
                  <num type="boolean" value="0"/>
                </catDesc>
              </category>
              <category xml:id="type_of_material">
                <catDesc>
                  <num type="boolean" value="0"/>
                </catDesc>
              </category>
              <category xml:id="browse_by_images">
                <catDesc>
                  <num type="boolean" value="0"/>
                </catDesc>
              </category>
              <category xml:id="dates">
                <catDesc>
                  <num type="boolean" value="1"/>
                </catDesc>
              </category>
              <category xml:id="persons">
                <catDesc>
                  <num type="boolean" value="1"/>
                </catDesc>
              </category>
              <category xml:id="places">
                <catDesc>
                  <num type="boolean" value="1"/>
                </catDesc>
              </category>
              <category corresp="#other">
                <catDesc>
                  <num type="boolean" value="0"/>
                </catDesc>
                <category corresp="#free">
                  <gloss/>
                </category>
              </category>
            </category>
          </category>
          <category xml:id="search">
            <category xml:id="simple">
              <catDesc>
                <ref target="#K4.4">cf. Catalogue 4.4</ref>
              </catDesc>
              <catDesc>Does the project offer a simple search?</catDesc>
              <catDesc>
                <num type="boolean" value="0"/>
              </catDesc>
            </category>
            <category xml:id="advanced">
              <catDesc>
                <ref target="#K4.4">cf. Catalogue 4.4</ref>
              </catDesc>
              <catDesc>Does the project offer an advanced search?</catDesc>
              <catDesc>
                <num type="boolean" value="0"/>
              </catDesc>
            </category>
            <category xml:id="wildcard">
              <catDesc>
                <ref target="#K4.4">cf. Catalogue 4.4</ref>
              </catDesc>
              <catDesc>Does the search support the use of wildcards?</catDesc>
              <catDesc>
                <num type="booleanX" value="2"/>
              </catDesc>
            </category>
            <category xml:id="index">
              <catDesc>
                <ref target="#K4.4">cf. Catalogue 4.4</ref>
              </catDesc>
              <catDesc>Does the search offer an index of the searched field?</catDesc>
              <catDesc>
                <num type="booleanX" value="2"/>
              </catDesc>
            </category>
            <category xml:id="suggest">
              <catDesc>
                <ref target="#K4.4">cf. Catalogue 4.4</ref>
              </catDesc>
              <catDesc>Does the search offer autocompletion or suggest functionalities?</catDesc>
              <catDesc>
                <num type="booleanX" value="2"/>
              </catDesc>
            </category>
            <category xml:id="helptext">
              <catDesc>
                <ref target="#K4.4">cf. Catalogue 4.4</ref>
              </catDesc>
              <catDesc>Does the project offer help texts for the search?</catDesc>
              <catDesc>
                <num type="booleanX" value="2"/>
              </catDesc>
            </category>
          </category>
          <category xml:id="aim">
            <category xml:id="audience">
              <catDesc>
                <ref target="#K3.3">cf. Catalogue 3.3</ref>
              </catDesc>
              <catDesc>Who is the intended audience of the project?</catDesc>
              <category xml:id="scholars">
                <catDesc>
                  <num type="boolean" value="0"/>
                </catDesc>
              </category>
              <category xml:id="interested_public">
                <catDesc>
                  <num type="boolean" value="1"/>
                </catDesc>
              </category>
            </category>
            <category xml:id="typology">
              <catDesc>
                <ref target="#K3.3 #K5.1">cf. Catalogue 3.3 and 5.1</ref>
              </catDesc>
              <catDesc>Which type fits best for the reviewed project?</catDesc>
              <category xml:id="facsimile_edition">
                <catDesc>
                  <num type="boolean" value="1"/>
                </catDesc>
              </category>
              <category xml:id="archive_edition">
                <catDesc>
                  <num type="boolean" value="0"/>
                </catDesc>
              </category>
              <category xml:id="documentary_edition">
                <catDesc>
                  <num type="boolean" value="0"/>
                </catDesc>
              </category>
              <category xml:id="diplomatic_edition">
                <catDesc>
                  <num type="boolean" value="0"/>
                </catDesc>
              </category>
              <category xml:id="genetic_edition">
                <catDesc>
                  <num type="boolean" value="0"/>
                </catDesc>
              </category>
              <category xml:id="work_critical_edition">
                <catDesc>
                  <num type="boolean" value="0"/>
                </catDesc>
              </category>
              <category xml:id="text_critical_edition">
                <catDesc>
                  <num type="boolean" value="0"/>
                </catDesc>
              </category>
              <category xml:id="enriched_edition">
                <catDesc>
                  <num type="boolean" value="0"/>
                </catDesc>
              </category>
              <category xml:id="database_edition">
                <catDesc>
                  <num type="boolean" value="0"/>
                </catDesc>
              </category>
              <category xml:id="digital_library">
                <catDesc>
                  <num type="boolean" value="0"/>
                </catDesc>
              </category>
              <category xml:id="typology_collection_of_texts">
                <catDesc>
                  <num type="boolean" value="0"/>
                </catDesc>
              </category>
              <category corresp="#other">
                <catDesc>
                  <num type="boolean" value="0"/>
                </catDesc>
                <category corresp="#free">
                  <gloss/>
                </category>
              </category>
              <category corresp="#none">
                <catDesc>
                  <num type="boolean" value="0"/>
                </catDesc>
              </category>
            </category>
          </category>
          <category xml:id="method">
            <catDesc rend="label">Method</catDesc>
            <category xml:id="critical_editing">
              <catDesc>
                <ref target="#K3.6">cf. Catalogue 3.6</ref>
              </catDesc>
              <catDesc>In how far is the text critically edited?</catDesc>
              <category xml:id="transmission_examined">
                <catDesc>
                  <num type="boolean" value="0"/>
                </catDesc>
              </category>
              <category xml:id="palaeographic_annotations">
                <catDesc>
                  <num type="boolean" value="0"/>
                </catDesc>
              </category>
              <category xml:id="normalization">
                <catDesc>
                  <num type="boolean" value="0"/>
                </catDesc>
              </category>
              <category xml:id="variants">
                <catDesc>
                  <num type="boolean" value="0"/>
                </catDesc>
              </category>
              <category xml:id="emendation">
                <catDesc>
                  <num type="boolean" value="0"/>
                </catDesc>
              </category>
              <category xml:id="commentary_notes">
                <catDesc>
                  <num type="boolean" value="1"/>
                </catDesc>
              </category>
              <category corresp="#other">
                <catDesc>
                  <num type="boolean" value="0"/>
                </catDesc>
                <category corresp="#free">
                  <gloss/>
                </category>
              </category>
              <category corresp="#none">
                <catDesc>
                  <num type="boolean" value="0"/>
                </catDesc>
              </category>
            </category>
            <category xml:id="standards">
              <catDesc>
                <ref target="#K3.7">cf. Catalogue 3.7</ref>
              </catDesc>
              <category xml:id="XML">
                <catDesc>Is the data encoded in XML?</catDesc>
                <catDesc>
                  <num type="boolean" value="1"/>
                </catDesc>
              </category>
              <category xml:id="standardized_data_model">
                <catDesc>
                  <num type="boolean" value="1"/>
                </catDesc>
                <catDesc>Is the project employing a standardized data model (e.g. TEI)?</catDesc>
              </category>
            </category>
            <category xml:id="text_type">
              <catDesc>
                <ref target="#K3.5">cf. Catalogue 3.5.</ref>
              </catDesc>
              <catDesc>Which kinds or forms of text are presented?</catDesc>
              <category xml:id="facsimiles">
                <catDesc>
                  <num type="boolean" value="1"/>
                </catDesc>
              </category>
              <category xml:id="diplomatic_transcription">
                <catDesc>
                  <num type="boolean" value="0"/>
                </catDesc>
              </category>
              <category xml:id="edited_text">
                <catDesc>
                  <num type="boolean" value="0"/>
                </catDesc>
              </category>
              <category xml:id="translations">
                <catDesc>
                  <num type="boolean" value="0"/>
                </catDesc>
              </category>
              <category xml:id="commentaries">
                <catDesc>
                  <num type="boolean" value="0"/>
                </catDesc>
              </category>
              <category xml:id="semantic_data">
                <catDesc>
                  <num type="boolean" value="0"/>
                </catDesc>
              </category>
            </category>
          </category>
          <category xml:id="technical_accessability">
            <category xml:id="persistent_identification">
              <catDesc>
                <ref target="#K4.8">cf. Catalogue 4.8</ref>
              </catDesc>
              <catDesc>Are there persistent identifiers and an addressing system for the edition and/or parts/objects of it and which mechanism is used to that end?</catDesc>
              <category xml:id="DOI">
                <catDesc>
                  <num type="boolean" value="0"/>
                </catDesc>
              </category>
              <category xml:id="ARK">
                <catDesc>
                  <num type="boolean" value="0"/>
                </catDesc>
              </category>
              <category xml:id="URN">
                <catDesc>
                  <num type="boolean" value="0"/>
                </catDesc>
              </category>
              <category xml:id="PURL.ORG">
                <catDesc>
                  <num type="boolean" value="0"/>
                </catDesc>
              </category>
              <category corresp="#other">
                <catDesc>
                  <num type="boolean" value="0"/>
                </catDesc>
                <category corresp="#free">
                  <gloss/>
                </category>
              </category>
              <category xml:id="persistent_URLs">
                <catDesc>
                  <num type="boolean" value="0"/>
                </catDesc>
              </category>
              <category corresp="#none">
                <catDesc>
                  <num type="boolean" value="1"/>
                </catDesc>
              </category>
            </category>
            <category xml:id="interfaces">
              <catDesc>
                <ref target="#K4.9">cf. Catalogue 4.9</ref>
              </catDesc>
              <catDesc>Are there technical interfaces like OAI-PMH, REST etc., which allow the reuse of the data of the project in other contexts?</catDesc>
              <category xml:id="OAI-PMH">
                <catDesc>
                  <num type="boolean" value="0"/>
                </catDesc>
              </category>
              <category xml:id="REST">
                <catDesc>
                  <num type="boolean" value="0"/>
                </catDesc>
              </category>
              <category xml:id="general_API">
                <catDesc>
                  <num type="boolean" value="0"/>
                </catDesc>
              </category>
              <category corresp="#other">
                <catDesc>
                  <num type="boolean" value="0"/>
                </catDesc>
                <category corresp="#free">
                  <gloss/>
                </category>
              </category>
              <category corresp="#none">
                <catDesc>
                  <num type="boolean" value="1"/>
                </catDesc>
              </category>
            </category>
            <category xml:id="open_access">
              <catDesc>Is the edition Open Access?</catDesc>
              <catDesc>
                <num type="boolean" value="1"/>
              </catDesc>
            </category>
            <category xml:id="basic_data_accessible">
              <catDesc>
                <ref target="#K4.12">cf. Catalogue 4.12</ref>
              </catDesc>
              <catDesc>Is the basic data (e.g. the XML) of the project accessible for each part of the edition (e.g. for a page)?</catDesc>
              <catDesc>
                <num type="boolean" value="0"/>
              </catDesc>
            </category>
            <category xml:id="download">
              <catDesc>
                <ref target="#K4.9">cf. Catalogue 4.9</ref>
              </catDesc>
              <catDesc>Can the entire raw data of the project be downloaded (as a whole)?</catDesc>
              <catDesc>
                <num type="boolean" value="0"/>
              </catDesc>
            </category>
            <category xml:id="reuse">
              <catDesc>
                <ref target="#K4.9">cf. Catalogue 4.9</ref>
              </catDesc>
              <catDesc>Can you use the data with other tools useful for this kind of content?</catDesc>
              <catDesc>
                <num type="boolean" value="0"/>
              </catDesc>
            </category>
            <category xml:id="rights">
              <category xml:id="declared">
                <catDesc>
                  <ref target="#K4.13">cf. Catalogue 4.13</ref>
                </catDesc>
                <catDesc>Are the rights to (re)use the content declared?</catDesc>
                <catDesc>
                  <num type="boolean" value="1"/>
                </catDesc>
              </category>
              <category xml:id="license">
                <catDesc>
                  <ref target="#K4.13">cf. Catalogue 4.13</ref>
                </catDesc>
                <catDesc>Under what license are the contents released?</catDesc>
                <category xml:id="CC0">
                  <catDesc>
                    <num type="boolean" value="0"/>
                  </catDesc>
                </category>
                <category xml:id="CC-BY">
                  <catDesc>
                    <num type="boolean" value="0"/>
                  </catDesc>
                </category>
                <category xml:id="CC-BY-ND">
                  <catDesc>
                    <num type="boolean" value="0"/>
                  </catDesc>
                </category>
                <category xml:id="CC-BY-NC">
                  <catDesc>
                    <num type="boolean" value="0"/>
                  </catDesc>
                </category>
                <category xml:id="CC-BY-SA">
                  <catDesc>
                    <num type="boolean" value="0"/>
                  </catDesc>
                </category>
                <category xml:id="CC-BY-NC-ND">
                  <catDesc>
                    <num type="boolean" value="1"/>
                  </catDesc>
                </category>
                <category xml:id="CC-BY-NC-SA">
                  <catDesc>
                    <num type="boolean" value="0"/>
                  </catDesc>
                </category>
                <category xml:id="PDM">
                  <catDesc>
                    <num type="boolean" value="0"/>
                  </catDesc>
                </category>
                <category corresp="#other">
                  <catDesc>
                    <num type="boolean" value="0"/>
                  </catDesc>
                  <category corresp="#free">
                    <gloss/>
                  </category>
                </category>
                <category xml:id="no_license">
                  <catDesc>
                    <num type="boolean" value="0"/>
                  </catDesc>
                </category>
              </category>
            </category>
          </category>
        </taxonomy>
      </classDecl>
    </encodingDesc>
  </teiHeader>
  <text>
    <body>
      <div type="abstract">
        <p>This is a review of the <emph>Fleischmann Diaries Online Archive</emph>, a digitisation project including a transcription of Aloys Fleischmann Jr’s diaries written in 1926 and 1927, as well as over 200 images from the Fleischmann family albums. These materials represent an important piece of Irish cultural heritage. Given the enormity of the task, which was accomplished in one year, the editor has created a beautiful piece of work. As it stands now, this project represents a digital archive with some elements of a digital edition. However, key improvements can still be made to increase this project’s usefulness as a scholarly resource, such as increased integration of the editor's related master thesis into the website, enhanced metadata of images and facsimiles, the integration of a search engine, and links with Aloys Fleischmann’s compositions, as well as recordings of referenced performances.</p>
      </div>
      <div type="text">
        <div type="div2">
          <head>Introduction</head>
          <p>German-born Irish composer Aloys Fleischmann Jr (1910-1992) was a professor of Music at University College Cork from 1934 to 1980, as well as the founder and conductor of the Cork Symphony Orchestra from 1934 until his death. His contributions to the teaching and proliferation of Irish music were profound: In addition to serving as composer for the Cork Ballet Company and chairing the Cork Sculpture Park, he also founded the University Art Society (1930), the Music Teacher’s Association (1935), the Cork Orchestral Society (1938), and the Cork International Choral Festival (1954). He is justly described as a key figure in the patronage of all artistry in Cork (<emph>Cork’s great music family</emph>).</p>
          <p>As a teenager Fleischmann wrote two diaries, one in 1926 and one in 1927 (340 pages and 50 pages, respectively) about his daily life in Ireland. Throughout the two diaries, Fleischmann describes in detail his attempts at musical composition, his courses at school, his interactions with local musicians, artists, teachers, friends, religious and political figures, as well as the work of his Bavarian-born father and Irish-born mother, Aloys Sr and Tilly Fleischmann (née Swertz), who were also musicians. The diaries further provide a description of the immigrant experience in Ireland in the early years of the Irish Free State, a phenomenon that evidently had a deep impact on Fleischmann as he grew older. Fleischmann reflects on the political situation in Ireland and on the European continent. The diaries leave the reader with the impression of Fleischmann as a conscientious, intelligent young man who is aware of the value his diary presents as a record of private and public life in Ireland.</p>
          <p>The digitisation and creation of the Fleischmann Diaries Online Archive was carried out in 2012-2013 as part of Roísín O’Brien’s master’s degree in Digital Arts and Humanities at University College Cork. Conceived as a ‘how-to’ guide for digitisers, the online archive accompanies O’Brien’s dissertation, <emph>Digitising the Diaries of Aloys Fleischmann: a prototype for novices </emph>(O’Brien 2013a). Both are published under a CC BY-NC-ND 4.0 license. The website for the digital archive was designed and supported using the Wordpress blogging platform and a purchased Wordpress theme, with additional Wordpress plug-ins installed by O’Brien. This is the first published edition of facsimiles and notes of these two diaries in digital form. As such, they add a significant new resource to scholars of Aloys Fleischmann Jr and to those studying the revival of Irish cultural heritage and music during the 20<hi rend="sup">th</hi> century.</p>
        </div>
        <div type="div2">
          <head>Selection</head>
          <figure>
            <head>Example entry of Fleischmann’s diary, in which he writes about the current political situations in several countries. </head>
            <graphic url="picture-1.png"/>
          </figure>
          <p>With only one year to complete the project, O’Brien needed a corpus for her dissertation that was both limited in scope and still relevant to her institution. O’Brien points out that the two Fleischmann diaries were primarily selected because of their specific significance to University College Cork, which, under the direction of university archivist Catriona Mulcahy, houses the Fleischmann Collection, a physical repository of the Fleischmann family’s materials (O’Brien 2013a 9). Though it is not made clear on the website, a close reading of the dissertation shows that these were the only two diaries written by Fleischmann, and are therefore a new and unique choice for digitisation (O’Brien 2013a 31).</p>
          <p>The ‘Introduction’ page, beautifully written by Dr Ruth Fleischmann, the eldest daughter of Aloys Fleischmann Jr and author of multiple texts on the Fleischmann family, states that the two diaries selected for digitisation represent ‘the sources of [Aloys Fleischmann Jr’s] dedicated commitment to the cause of the arts in Ireland’, and serve as the impetus for his substantial, life-long promotion of Irish music in particular: ‘The 1926 diary reveals that Aloys’ decision to make music his profession was taken in the summer of that year [...]. The diaries provide material that explains his choice. Many entries document his pleasure at the music he grew up with: his father at the harmonium preparing for cathedral services, his mother practicing works of the classical and modern repertoire for her piano recitals’ (Fleischmann 2013).</p>
        </div>
        <div type="div2">
          <head>Content</head>
          <p>The online archive consists of high-resolution color JPEG images of each page (originally shot in raw format with a Nikon D5200 and an 18-55 mm lens; f/3.5-5.6) and transcriptions presented side by side in a fixed, ‘page-by-page’ view. However, options to zoom, rotate, or otherwise manipulate the images are not available, and there is no complete zip file of raw or TIFF images available for download (though the JPEGs can be individually downloaded with the normal browser functions). O’Brien notes that this approach was intentional: ‘The replication of the artefact’s non-digital physicality was envisioned as the first layer of creating an aura’ (O’Brien 2013a 14)<emph>. </emph>Fleischmann Jr’s handwriting is quite clear, which makes the artefact (mostly) easy to read without the accompanying transcription. O’Brien did note that lighting presented an issue in the digitisation process, but the pages of the diary are still somewhat dark, forcing the user to brighten the entire screen in order to read from the images directly (O’Brien 2013a 52). </p>
          <p>O’Brien also made use of the Wordpress ‘Footnotes’ plug-in, which comes with a hover-over and a ‘back arrow’ function allowing users to jump back to the line previously stopped at to read the footnote. Some diary entries include footnotes that explain places or persons mentioned in the diary. However, in many cases these footnotes contain references to other websites. These references are not hyperlinks and hence cannot be used to navigate to the referred website; it is unclear whether this was an editorial choice or a restriction of the Wordpress plug-in. </p>
          <figure>
            <head>Example of footnote containing direction to another website without a link. </head>
            <graphic url="picture-2.png"/>
          </figure>
          <p>The archive also includes a curated gallery of about 200 images taken from Tilly Fleischmann’s family album held by the Fleischmann Collection at University College Cork. These images provide pictures of places and people mentioned in the diaries. There are three distinct image galleries: ‘Glimpses of Aloys Fleischmann’s life through family albums’, ‘1926 Gallery’, and ‘1927 Gallery’ (O’Brien 2013b ‘Gallery 2’). The photographs in the 1926 Gallery lack basic metadata, and there are no links to diary entries where specific characters are mentioned, making it difficult to transition back and forth between persons mentioned in the diaries and the photos themselves. Links to and from the images as well as simple metadata would resolve this issue.</p>
          <figure>
            <head>Example photograph of Aloys Fleischmann Jr from the 1926 Gallery. </head>
            <graphic url="picture-3.png"/>
          </figure>
          <p>Instead of a separate ‘Credits’ page, the individual work of the site’s contributors is noted on ‘The Digitisation Process’ page, available from the drop-down menu ‘Project Information.’ Dr Ruth Fleischmann created transcriptions, annotations and indices of the diaries (Fleischmann 2010). TEI P5 guidelines were used to, in O’Brien’s words, ‘lightly encode’ the 1927 diary only, and no reason is stated on the website as to why these standards were not applied to the 1926 diary (O’Brien 2013b ‘The Digitisation Process’). Dr Fleischmann also provided substantial background information in the ‘Introduction’ page of the site about the role the Fleischmann family has played in invigorating Irish musical heritage in Cork. Max Fleischmann, grandson of Fleischmann Jr, digitised the 1927 materials, and Roísín O’Brien carried out the digitisation of all of the 1926 materials. The website is hosted by University College Cork and is maintained by the Webmaster of the Electronic Publishing Unit, Peter Flynn. In the ‘Digitisation Process’ page, O’Brien notes her plans to update the site continually. Server support at UCC for the master files of the project was ‘only available for the duration of the Masters Degree project […] as there is no recognized facility for the long-term preservation of data’, so O’Brien is now making use of the Cork Open Research Archive, or CORA, for an archive of her master files as well as the published dissertation (O’Brien 2013a 62).</p>
          <p>The XML transcriptions are available as separate downloads at the bottom of the ‘Digitisation Process’ page. Making these files more visible would enhance the value of the resource and make it easier for researchers to analyze the editing choices used for the encoding, especially as this justification was not provided in the dissertation or on the website. Another issue is that the XML transcriptions can only be downloaded from the Dropbox service as single files for each diary. This increases the potential for problems with the availability of these important files. As a general rule, it is always advisable to keep the number of different services as low as possible, and since the project’s master files are stored on the CORA server anyway, it is hard to see why the XML transcriptions are not stored on this server, too. Also, a simple internet search proved that the transcriptions of the diaries by Dr Ruth Fleischmann are available in PDF format from the Cork City Central Library website (Fleischmann 2010<anchor xml:id="id__GoBack"/>), but are not available from the Fleischmann Diaries Online Archive.</p>
          <p>As well as lacking a bibliography for information mentioned in the introduction and the annotations, the site also lacks links to Fleischmann Jr’s music, previously published materials or other digital collections related to his work or the legacy of his music in Ireland. If O’Brien intends to continue expanding and improving the website, this could provide an area for future consideration, as these collections do exist, most notably in the form of the <ref target="http://www.corkcitylibraries.ie/fleischmann100/">Cork City</ref> <ref target="http://www.corkcitylibraries.ie/fleischmann100/">Central</ref> <ref target="http://www.corkcitylibraries.ie/fleischmann100/">Library's</ref> <ref target="http://www.corkcitylibraries.ie/fleischmann100/">Aloys Fleischmann website</ref>. The only link to the Cork City Libraries website is in the ‘Contact’ page (where it is used as the way to contact the Fleischmann family), though it seems fitting to provide this link on the ‘Digitisation Process’ page as well. This site in particular would be a useful resource to link to from the Fleischmann Diaries Online Archive because it is the largest digitisation effort of Fleischmann materials to date and is co-authored by Dr Ruth Fleischmann. Several recordings of Fleischmann’s music are also freely available from the Irish Composer’s Project, a digital archive designed and housed by the <ref target="http://cmc.ie/composers/digi_works.cfm?composerID=44">Contemporary Music Center of Ireland’s website</ref>. </p>
        </div>
        <div type="div2">
          <head>Aims and objectives</head>
          <p>The ‘About’ page of the website (available under the drop-down menu labeled ‘Project Information’) describes the objective of the archive as ‘a freely available digitisation prototype for scholars and non-practitioners, providing them with a reproducible model.’ This page goes on to state that ‘future expansion will consist of metadata development, which will transform the site into an enhanced scholarly resource.’ Further clarification is provided by O’Brien’s dissertation, to which a link is provided on the website from the same drop-down menu under the title ‘Dissertation,’ and which outlines the specific aim as the development of ‘a toolbox of methods for electronic reproduction by an individual’ (O’Brien 2013a 7). As such, the page entitled ‘The Digitisation Process’ explains the procedures for researchers interested in creating a similar project.</p>
          <p>Given that the mission of the site was to provide a ‘reproducible model’, it is surprising that more of the content and objectives outlined in the dissertation did not find their way into the online archive. Indeed, O’Brien’s discussion of the role of an online archive in ‘closing the gap between private and public space and placing the content in a social context’ is a thoughtful one, and would be a welcome addition to the ‘Introduction’ or ‘About’ page (O’Brien 2013a 59-60). Also lacking on the website is a justification of the digitisation methodology, which is described to some extent in the dissertation itself. </p>
          <p>In her dissertation, O’Brien notes that the roles and responsibilities with regard to workflow developed organically over time (O’Brien 2013a 18-20). However, neither a description of these practices nor an analysis of their success or failure is mentioned in the online archive at all. The development of a community of practice, in which each member completes specific tasks, is an integral part of any scholarly digital edition. It provides context not only for the selection of materials, but also for the selection of contributors. This gives the user a specific sense of the value and expertise each contributor brings to the project – something this edition lacks. </p>
          <figure>
            <head>Example photograph of Aloys Fleischmann Sr from the 1927 Gallery, with enhanced metadata and link to a specific diary entry. </head>
            <graphic url="picture-4.png"/>
          </figure>
          <p>What is enlightening to see is the collaborative efforts of Dr Ruth Fleischmann and Roísín O’Brien to engage in a critical digitisation process of the photographs included in the online archive. In contrast to including every picture from Tilly Fleischmann’s family albums, pictures were curated to provide specific meaning and context to the diaries. A discussion of this selection would be a welcome addition to the ‘Digitisation Process’ page. By carefully selecting images based on their relevance to the project, Fleischmann and O’Brien were able to save time and financial resources while still achieving an engaging and helpful collection. These photographs, as stated above, could benefit from more enhanced metadata, but as of now they do still provide visual texture to the diaries.</p>
        </div>
        <div type="div2">
          <head>Presentation</head>
          <p>The purchased Wordpress theme is clean and beautiful: a simple color scheme of red, white, grey and black prevents the pages from looking too busy. As O’Brien states in her dissertation, the design and visual organization of the Fleischmann archive is based on the <ref target="http://dh.tcd.ie/martindiary/">Diary of Mary Martin project at Trinity College Dublin</ref> and the <ref target="http://graves.uvic.ca/graves/site/index.xml">Robert Graves Diaries at the University of Victoria</ref> (O’Brien 2013a 25). What is missing is a discussion about how the XML was transformed for the web view. This information is invaluable for researchers attempting to replicate the steps of the project, so it is crucial for O’Brien to consider adding this information to the ‘Digitisation Process’ page.</p>
          <figure>
            <head>The 1927 Diary Index.</head>
            <graphic url="picture-5.png"/>
          </figure>
          <p>The diaries are broken down by year and then by month, making browsing easy. However, the visual layout of the index is somewhat overwhelming, as it is presented horizontally rather than vertically, in small grey script, and without the benefit of parsing by attributes such as places, people, and events. These additions would make the indices much easier to navigate.</p>
          <p>The licensing and copyright information is noted at the bottom of every page, and the drop-down menus are, for the most part, well organized and easy to navigate. A separate page for ‘Alternate Formats’, including the XML transcriptions and a sitemap would be appreciated, as would a simple search engine for the site. The presence of an ‘Acknowledgments’ page makes the reader look for credits, so some clarification, perhaps in the presence of a separate ‘Credits’ page would be useful for scholars, and a standard addition for those looking to use this source as a reproducible model.</p>
          <p>As mentioned above, one feature that could enhance the value of this project for scholarly use would be a focus on linking this site with others of a similar nature (some of which have been previously mentioned). The ability to listen to the music of Fleischmann, as well as the music that inspired him, by clicking on a pop-up link would enhance the interactivity of the site. As stated above, many such audio files are freely and publicly available. A ‘Further Reading’ page might also facilitate further engagement with the material, and would promote the linking of the Fleischmann Diaries Online Archive with other, similar resources.  </p>
          <p>It is clear from the intentions outlined in the ‘About’ page, the ‘Digitisation Process’ page, and O’Brien’s dissertation that further developments, particularly concerning metadata, are being considered for this project. With the focus on digital preservation outlined in the dissertation, it is evident that O’Brien at the very least intends to keep the site viable as a scholarly resource for those who wish to use the materials in their facsimile form (even without enhanced transcriptions or footnotes). However, the choice of the Wordpress platform may present future issues with the long-term preservation of the materials. O’Brien notes that ‘[e]ach Fleischmann digital image and transcription was uploaded individually to the portfolio section of the Wordpress dashboard and published’ (O’Brien 2013a 63). This presents a problem: if there is a breakdown within the Wordpress image repository itself, the integration of the images into the website might break down, in which case each file would have to be manually uploaded and inserted into the right place again. O’Brien might, therefore, consider other more stable platforms for digital dissemination of the archive.</p>
        </div>
        <div type="div2">
          <head>Conclusion</head>
          <p>While the Fleischmann Diaries Online Archive provides a new resource for scholars in the form of Aloys Fleischmann Jr’s 1926 and 1927 diary facsimiles and transcriptions, it is somewhat difficult to identify the website as either an online archive or a scholarly digital edition. I would venture to determine that, at the moment, it is an online archive with some elements of a digital edition. Although it provides critical engagement with the corpus, the project lacks easily accessible documentation of the textual tradition chosen, as well as transparency of the editorial decisions made (such as the decision to encode the 1927 diary, but not the 1926 diary). Further, the website does not include a bibliography for the footnotes provided, and does not adequately situate itself or its corpus in the historiography of other, similar resources. The website is promoted as a digital <emph>archive</emph>, specifically setting out to provide a digital preservation prototype for digitisers, and not for scholarly editors – at least not yet. The encoding of the 1927 diary, as well as its facsimiles and explanatory footnotes, make it possible, though, to see this project as a digital scholarly edition. However, several improvements must be made in order for this archive to be equally useful to scholarly editors and digitisers. </p>
          <p>As a prototype for digitisers, the online archive is largely successful. Overall, it is easy to use, and the digital imaging is of very high quality. The clean functionality of the Wordpress theme places the artefacts as the highlights of the archive. It is clear that considerable care went into the planning stages of the digitisation, as is evidenced by the extensive discussion in the accompanying dissertation. Increased integration of the dissertation text into the site is necessary for practitioners; at present one must endure jumping back and forth between the downloaded dissertation and the website in order to elucidate points not mentioned in the online archive.</p>
          <p>In short, my main suggestions for improvement are as follows:
          <list type="unordered">
            <item>More integration of the dissertation text into the website.</item>
            <item>Increased focus on the decisions made in the image selection process.</item>
            <item>Theoretical basis for the encoding of the 1927 diary, and encoding of the 1926 diary. </item>
            <item>Editing the layout of the indices to make them more user-friendly.</item>
            <item>Increased links between footnotes and gallery images.</item>
            <item>A search engine.</item>
            <item>An image-viewer with zoom functionality.</item>
            <item>Metadata improvements for images as well as the diaries themselves.</item>
            <item>A separate ‘Alternate Formats’ page with XML files, a sitemap, and more information about the technical architecture of the website, including how and by whom the XML was transformed for the web view.</item>
            <item>Links or embedding of audio clips of Aloys Fleischmann Jr’s music to increase context.</item>
            <item>A visualization of relationships between key players in the diaries.</item>
          </list>
            With these improvements, the Fleischmann Diaries Online Archive has the potential to become a distinct, key resource for scholars of 20<hi rend="sup">th</hi> century Irish cultural heritage, with material independent from previously available digital collections.<note xml:id="ftn1" n="1">The research leading to these results has received funding from the People Programme (Marie Skłodowska-Curie Actions) of the European Union’s Seventh Framework Programme FP7/2007-2013/ under REA grant agreement n° 317436 (DiXiT).</note></p>
        </div>
      </div>
      <div type="references">
        <listBibl>
          <bibl>“Cork’s Great Music Family.” <emph>The Irish Examiner </emph>(13 March 2010). &lt;<ptr target="http://web.archive.org/web/20140801163314/http://www.irishexaminer.com/lifestyle/artsfilmtv/books/corks-great-music-family-114332.html"/>&gt;.</bibl>
          <bibl>Cunningham, Joseph P., and Ruth Fleischmann, eds. <emph>Aloys Fleischmann (1880-1964): Immigrant musician in Ireland.</emph> Cork: Cork University Press, 2010. &lt;<ptr target="http://web.archive.org/web/20140801163749/http://muse.jhu.edu/books/9781908634023"/>&gt;.</bibl>
          <bibl>Fleischman, Ruth. <emph>Aloys Fleischmann – the Works. Transcriptions of 1926 and 1927 diaries,</emph> 2010. &lt;<ptr target="http://web.archive.org/web/20140801164825/http://www.corkcitylibraries.ie/music/aloysfleischmann/aloysfleischmann-theworks/publishedwritingsbyaloysfleischmann/fleischmanndiaries19261927/Fleischmann%20Diaries%201926%20and%201927.pdf"/>&gt;.</bibl>
          <bibl>Fleischman, Ruth. ‘Introduction to The Fleischmann Diaries Online Archive’, 2013. &lt;<ptr target="http://web.archive.org/web/20141116175428/http://fleischmanndiaries.ucc.ie/introduction/"/>&gt;</bibl>
          <bibl>The Contemporary Music Center, Ireland. <emph>Irish Composer’s Project: A digital archive for Irish contemporary music</emph>, 2011. &lt;<ptr target="http://web.archive.org/web/20140801165106/http://cmc.ie/composers/digi_works.cfm?composerID=44"/>&gt;.</bibl>
          <bibl>O’Brien, Roísín. <emph>Digitising the Diaries of Aloys Fleischmann: a prototype for novices</emph>. Master’s Dissertation. University College Cork, 2013. [2013a] &lt;<ptr target="https://www.dropbox.com/s/cftl8kerkk89f5o/The%20Fleischmann%20Diaries%20Online%20Archive.%20Dissertation%20by%20Roisin%20OBrien.%20Licensed%20under%20the%20Creative%20Commons%20Attribution-NonCommercialNoDerivatives%204.0%20International%20License."/>&gt;. Last accessed: 31.07.2014.</bibl>
          <bibl>O’Brien, Roísín. The Fleischmann Diaries Online Archive. University College Cork, 2013. &lt;<ptr target="http://fleischmanndiaries.ucc.ie"/>&gt;. Last accessed 31.7.2014. [2013b]</bibl>
        </listBibl>
      </div>
    </body>
  </text>
</TEI>
