<?xml version="1.0"?>
<TEI xmlns="http://www.tei-c.org/ns/1.0" xmlns:xsi="http://www.w3.org/2001/XMLSchema-instance" xsi:schemaLocation="http://www.tei-c.org/ns/1.0 http://ride.i-d-e.de/wp-content/uploads/downloads/schema/ride.xsd">
  <teiHeader>
    <fileDesc>
      <titleStmt>
        <title/>
        <respStmt>
          <resp>author</resp>
          <name>
            <persName>
              <forename xml:id="reviewer_forename">Joshua</forename>
              <surname xml:id="reviewer_surname">Kruchten</surname>
            </persName>
            <affiliation>
              <orgName xml:id="reviewer_organization">New York University</orgName>
              <placeName xml:id="reviewer_place">New York, NY</placeName>
            </affiliation>
            <email xml:id="reviewer_email">jak655 (at) nyu.edu</email>
          </name>
        </respStmt>
      </titleStmt>
      <publicationStmt>
        <publisher>Institut f&#xFC;r Dokumentologie und Editorik</publisher>
        <date/>
        <idno type="issue">7</idno>
        <idno type="URI">http://ride.i-d-e.de/issues/issue-7/casebooks</idno>
        <idno type="DOI">10.18716/ride.a.7.4</idno>
        <availability>
          <licence>
            <ref target="http://creativecommons.org/licenses/by/4.0/"/>
          </licence>
        </availability>
      </publicationStmt>
      <notesStmt>
        <relatedItem>
          <biblStruct>
            <monogr>
              <title xml:id="resource_title">The Casebooks Project</title>
              <editor xml:id="resource_editors">Lauren Kassell, Michael Hawkins, Robert Ralley, John Young, Joanne Edge, Janet Yvonne Mratin-Portugues</editor>
              <respStmt>
                <resp>Advisor</resp>
                <persName>
                  <name>Lauren Kassell</name>
                </persName>
              </respStmt>
              <respStmt>
                <resp>Advisor</resp>
                <persName>
                  <name>Michael Hawkins</name>
                </persName>
              </respStmt>
              <respStmt>
                <resp>Editor</resp>
                <persName>
                  <name>Robert Ralley</name>
                </persName>
              </respStmt>
              <respStmt>
                <resp>Editor</resp>
                <persName>
                  <name>John Young</name>
                </persName>
              </respStmt>
              <respStmt>
                <resp>Editor</resp>
                <persName>
                  <name>Joanne Edge</name>
                </persName>
              </respStmt>
              <respStmt>
                <resp>Editor</resp>
                <persName>
                  <name>Janet Yonne Martin-Portugues</name>
                </persName>
              </respStmt>
              <respStmt>
                <resp>Contributor</resp>
                <persName>
                  <name>Boyd Brogan</name>
                </persName>
              </respStmt>
              <respStmt>
                <resp>Contributor</resp>
                <persName>
                  <name>Natalie Kaoukji</name>
                </persName>
              </respStmt>
              <respStmt>
                <resp>Advisor</resp>
                <persName>
                  <name>Alexandra Franklin</name>
                </persName>
              </respStmt>
              <respStmt>
                <resp>Advisor</resp>
                <persName>
                  <name>Vanessa Harding</name>
                </persName>
              </respStmt>
              <respStmt>
                <resp>Advisor</resp>
                <persName>
                  <name>Tim Hitchcock</name>
                </persName>
              </respStmt>
              <respStmt>
                <resp>Advisor</resp>
                <persName>
                  <name>Rob Iliffe</name>
                </persName>
              </respStmt>
              <imprint>
                <date xml:id="resource_date_publication">2016</date>
              </imprint>
            </monogr>
            <idno xml:id="resource_uri">http://www.magicandmedicine.hps.cam.ac.uk/</idno>
          </biblStruct>
        </relatedItem>
        <note>
          <date xml:id="resource_date_access">2017-03-26</date>
        </note>
      </notesStmt>
      <sourceDesc>
        <p>Auf der Basis von <ref>http://www.i-d-e.de/publikationen/weitereschriften/criteria-version-1-1</ref>
                </p>
      </sourceDesc>
    </fileDesc>
    <encodingDesc>
      <classDecl>
        <taxonomy xml:base="http://www.i-d-e.de/publikationen/weitereschriften/criteria-version-1-1">
          <category xml:id="documentation">
            <category xml:id="bibl_desc">
              <catDesc>
                <ref target="#K1.2">cf. Catalogue 1.2</ref>
              </catDesc>
              <catDesc>Is it easily possible to describe the project bibliographically along the schema "responsible editors, publishing/hosting institution, year(s) of publishing"?</catDesc>
              <catDesc>
                <num type="boolean" value="1"/>
              </catDesc>
            </category>
            <category xml:id="contributors">
              <catDesc>
                <ref target="#K1.4">cf. Catalogue 1.4</ref>
              </catDesc>
              <catDesc>Are the contributors (editors, institutions, associates) of the project fully documented?</catDesc>
              <catDesc>
                <num type="boolean" value="1"/>
              </catDesc>
            </category>
            <category xml:id="contacts">
              <catDesc>
                <ref target="#K1.5">cf. Catalogue 1.5</ref>
              </catDesc>
              <catDesc>Does the project list contact persons?</catDesc>
              <catDesc>
                <num type="boolean" value="1"/>
              </catDesc>
            </category>
            <category xml:id="selection">
              <category xml:id="explained">
                <catDesc>
                  <ref target="#K2.1">cf. Catalogue 2.1</ref>
                </catDesc>
                <catDesc>Is the selection of materials of the project explicitly documented?</catDesc>
                <catDesc>
                  <num type="boolean" value="1"/>
                </catDesc>
              </category>
              <category xml:id="reasonable">
                <catDesc>
                  <ref target="#K2.1">cf. Catalogue 2.1</ref>
                </catDesc>
                <catDesc>Is the selection by and large reasonable?</catDesc>
                <catDesc>
                  <num type="boolean" value="1"/>
                </catDesc>
              </category>
            </category>
            <category xml:id="data_archive">
              <catDesc>
                <ref target="#K4.16">cf. Catalogue 4.16</ref>
              </catDesc>
              <catDesc>Does the documentation include information about the long term sustainability of the basic data (archiving of the data)?</catDesc>
              <catDesc>
                <num type="boolean" value="1"/>
              </catDesc>
            </category>
            <category xml:id="aims">
              <catDesc>
                <ref target="#K3.1">cf. Catalogue 3.1</ref>
              </catDesc>
              <catDesc>Are the aims and purposes of the project explicitly documented?</catDesc>
              <catDesc>
                <num type="boolean" value="1"/>
              </catDesc>
            </category>
            <category xml:id="methods">
              <catDesc>
                <ref target="#K3.1">cf. Catalogue 3.1</ref>
              </catDesc>
              <catDesc>Are the methods employed in the project explicitly documented?</catDesc>
              <catDesc>
                <num type="boolean" value="1"/>
              </catDesc>
            </category>
            <category xml:id="data_model">
              <catDesc>
                <ref target="#K3.7">cf. Catalogue 3.7</ref>
              </catDesc>
              <catDesc>Does the project document which data model (e.g. TEI) has been used and for what reason?</catDesc>
              <catDesc>
                <num type="boolean" value="1"/>
              </catDesc>
            </category>
            <category xml:id="help">
              <catDesc>
                <ref target="#K4.15">cf. Catalogue 4.15</ref>
              </catDesc>
              <catDesc>Does the project offer help texts concerning the use of the project?</catDesc>
              <catDesc>
                <num type="boolean" value="1"/>
              </catDesc>
            </category>
            <category xml:id="citation">
              <catDesc>
                <ref target="#K4.8">cf. Catalogue 4.8</ref>
              </catDesc>
              <catDesc>Does the project supply citation guidelines (i.e. how to cite the project or a part of it)?</catDesc>
              <catDesc>
                <num type="boolean" value="1"/>
              </catDesc>
            </category>
            <category xml:id="complete">
              <catDesc>
                <ref target="#K4.16">cf. Catalogue 4.16</ref>
              </catDesc>
              <catDesc>Does the editon regard itself as a completed project (i.e. not promise further modifications and additions)?</catDesc>
              <catDesc>
                <num type="boolean" value="0"/>
              </catDesc>
            </category>
            <category xml:id="institutional_curation">
              <catDesc>
                <ref target="#K4.13">cf. Catalogue 4.13</ref>
              </catDesc>
              <catDesc>Does the project provide information about institutional support for the curation and sustainability of the project?</catDesc>
              <catDesc>
                <num type="boolean" value="1"/>
              </catDesc>
            </category>
          </category>
          <category xml:id="contents">
            <category xml:id="previous_edition">
              <catDesc>
                <ref target="#K2.2">cf. Catalogue 2.2</ref>
              </catDesc>
              <catDesc>Has the material been previously edited (in print or digitally)?</catDesc>
              <catDesc>
                <num type="boolean" value="0"/>
              </catDesc>
            </category>
            <category xml:id="materials_used">
              <catDesc>
                <ref target="#K2.2">cf. Catalogue 2.2</ref>
              </catDesc>
              <catDesc>Does the edition make use of these previous editions?</catDesc>
              <catDesc>
                <num type="booleanX" value="2"/>
              </catDesc>
            </category>
            <category xml:id="introduction">
              <catDesc>
                <ref target="#K4.15">cf. Catalogue 4.15</ref>
              </catDesc>
              <catDesc>Does the project offer an introduction to the subject-matter (the author(s), the work, its history, the theme, etc.) of the project?</catDesc>
              <catDesc>
                <num type="boolean" value="1"/>
              </catDesc>
            </category>
            <category xml:id="bibliography">
              <catDesc>
                <ref target="#K2.3">cf. Catalogue 2.3</ref>
              </catDesc>
              <catDesc>Does the project offer a bibliography?</catDesc>
              <catDesc>
                <num type="boolean" value="1"/>
              </catDesc>
            </category>
            <category xml:id="commentary">
              <catDesc>
                <ref target="#K2.3">cf. Catalogue 2.3</ref>
              </catDesc>
              <catDesc>Does the project offer a scholarly commentary (e.g. notes on unclear passages, interpretation, etc.)?</catDesc>
              <catDesc>
                <num type="boolean" value="1"/>
              </catDesc>
            </category>
            <category xml:id="contexts">
              <catDesc>
                <ref target="#K2.3">cf. Catalogue 2.3</ref>
              </catDesc>
              <catDesc>Does the project include or link to external resources with contextual material?</catDesc>
              <catDesc>
                <num type="boolean" value="1"/>
              </catDesc>
            </category>
            <category xml:id="images">
              <catDesc>
                <ref target="#K2.3">cf. Catalogue 2.3</ref>
              </catDesc>
              <catDesc>Does the project offer images of digitised sources?</catDesc>
              <catDesc>
                <num type="boolean" value="1"/>
              </catDesc>
            </category>
            <category xml:id="image_quality">
              <catDesc>I<ref target="#K4.6">cf. Catalogue 4.6</ref>
                            </catDesc>
              <catDesc>Does the project offer images of an acceptable quality?</catDesc>
              <catDesc>
                <num type="booleanX" value="1"/>
              </catDesc>
            </category>
            <category xml:id="transcriptions">
              <catDesc>
                <ref target="#K2.3">cf. Catalogue 2.3</ref>
              </catDesc>
              <catDesc> Is the text fully transcribed?</catDesc>
              <catDesc>
                <num type="boolean" value="0"/>
              </catDesc>
            </category>
            <category xml:id="text_quality">
              <catDesc>
                <ref target="#K4.6">cf. Catalogue 4.6</ref>
              </catDesc>
              <catDesc>Does the project offer texts of an acceptable quality (typos, errors, etc.)?</catDesc>
              <catDesc>
                <num type="boolean" value="1"/>
              </catDesc>
            </category>
            <category xml:id="indices">
              <catDesc>
                <ref target="#K4.5">cf. Catalogue 4.5</ref>
              </catDesc>
              <catDesc>Does the project feature compilations indices, registers or visualisations that offer alternative ways to access the material?</catDesc>
              <catDesc>
                <num type="boolean" value="1"/>
              </catDesc>
            </category>
            <category xml:id="documents">
              <category xml:id="doc_type">
                <catDesc>
                  <ref target="#K1.3 #K2.1">cf. Catalogue 1.3 and 2.1</ref>
                </catDesc>
                <catDesc>Which kinds of documents are at the basis of the project?</catDesc>
                <category xml:id="single_manuscript">
                  <catDesc>
                    <num type="boolean" value="0"/>
                  </catDesc>
                </category>
                <category xml:id="single_work">
                  <catDesc>
                    <num type="boolean" value="0"/>
                  </catDesc>
                </category>
                <category xml:id="collection_of_texts">
                  <catDesc>
                    <num type="boolean" value="1"/>
                  </catDesc>
                </category>
                <category xml:id="collected_works">
                  <catDesc>
                    <num type="boolean" value="0"/>
                  </catDesc>
                </category>
                <category xml:id="papers">
                  <catDesc>
                    <num type="boolean" value="0"/>
                  </catDesc>
                </category>
                <category xml:id="archival_holding">
                  <catDesc>
                    <num type="boolean" value="0"/>
                  </catDesc>
                </category>
                <category xml:id="charters">
                  <catDesc>
                    <num type="boolean" value="0"/>
                  </catDesc>
                </category>
                <category xml:id="letters">
                  <catDesc>
                    <num type="boolean" value="0"/>
                  </catDesc>
                </category>
                <category xml:id="diary">
                  <catDesc>
                    <num type="boolean" value="1"/>
                  </catDesc>
                </category>
                <category corresp="#other">
                  <catDesc>
                    <num type="boolean" value="1"/>
                  </catDesc>
                  <category corresp="#free">
                    <gloss>40+ volumes of manuscripts of case records</gloss>
                  </category>
                </category>
              </category>
              <category xml:id="doc_time">
                <catDesc>
                  <ref target="#K1.3 #K2.1">cf. Catalogue 1.3 and 2.1</ref>
                </catDesc>
                <catDesc>What era(s) do the documents belong to?</catDesc>
                <category xml:id="classics">
                  <catDesc>
                    <num type="boolean" value="0"/>
                  </catDesc>
                </category>
                <category xml:id="medieval">
                  <catDesc>
                    <num type="boolean" value="0"/>
                  </catDesc>
                </category>
                <category xml:id="early_modern">
                  <catDesc>
                    <num type="boolean" value="1"/>
                  </catDesc>
                </category>
                <category xml:id="modern">
                  <catDesc>
                    <num type="boolean" value="1"/>
                  </catDesc>
                </category>
              </category>
            </category>
            <category xml:id="subject">
              <catDesc>
                <ref target="#K1.3">cf. Catalogue 1.3</ref>
              </catDesc>
              <catDesc>Which perspective(s) do the editors take towards the edited material? How can the edition be classified in general terms?</catDesc>
              <category xml:id="history">
                <catDesc>
                  <num type="boolean" value="0"/>
                </catDesc>
              </category>
              <category xml:id="philology_literary_studies">
                <catDesc>
                  <num type="boolean" value="0"/>
                </catDesc>
              </category>
              <category xml:id="philosophy_theology">
                <catDesc>
                  <num type="boolean" value="0"/>
                </catDesc>
              </category>
              <category xml:id="history_of_science">
                <catDesc>
                  <num type="boolean" value="1"/>
                </catDesc>
              </category>
              <category xml:id="musicology">
                <catDesc>
                  <num type="boolean" value="0"/>
                </catDesc>
              </category>
              <category xml:id="art_history">
                <catDesc>
                  <num type="boolean" value="0"/>
                </catDesc>
              </category>
              <category corresp="#other">
                <catDesc>
                  <num type="boolean" value="0"/>
                </catDesc>
                <category corresp="#free">
                  <gloss/>
                </category>
              </category>
            </category>
          </category>
          <category xml:id="presentation">
            <category xml:id="spin_offs">
              <catDesc>
                <ref target="#K4.11">cf. Catalogue 4.11</ref>
              </catDesc>
              <catDesc>Does the project offer any spin-offs?</catDesc>
              <category xml:id="app">
                <catDesc>
                  <num type="boolean" value="0"/>
                </catDesc>
              </category>
              <category xml:id="mobile">
                <catDesc>
                  <num type="boolean" value="0"/>
                </catDesc>
              </category>
              <category xml:id="PDF">
                <catDesc>
                  <num type="boolean" value="0"/>
                </catDesc>
              </category>
              <category corresp="#other">
                <catDesc>
                  <num type="boolean" value="0"/>
                </catDesc>
                <category corresp="#free">
                  <gloss/>
                </category>
              </category>
              <category corresp="#none">
                <catDesc>
                  <num type="boolean" value="1"/>
                </catDesc>
              </category>
            </category>
            <category xml:id="browse_by">
              <catDesc>
                <ref target="#K4.3">cf. Catalogue 4.3</ref>
              </catDesc>
              <catDesc>By which categories does the project offer to browse the contents?</catDesc>
              <category xml:id="authors">
                <catDesc>
                  <num type="boolean" value="1"/>
                </catDesc>
              </category>
              <category xml:id="works">
                <catDesc>
                  <num type="boolean" value="1"/>
                </catDesc>
              </category>
              <category xml:id="versions">
                <catDesc>
                  <num type="boolean" value="0"/>
                </catDesc>
              </category>
              <category xml:id="structure">
                <catDesc>
                  <num type="boolean" value="1"/>
                </catDesc>
              </category>
              <category xml:id="pages">
                <catDesc>
                  <num type="boolean" value="1"/>
                </catDesc>
              </category>
              <category xml:id="browse_by_documents">
                <catDesc>
                  <num type="boolean" value="1"/>
                </catDesc>
              </category>
              <category xml:id="type_of_material">
                <catDesc>
                  <num type="boolean" value="0"/>
                </catDesc>
              </category>
              <category xml:id="browse_by_images">
                <catDesc>
                  <num type="boolean" value="0"/>
                </catDesc>
              </category>
              <category xml:id="dates">
                <catDesc>
                  <num type="boolean" value="1"/>
                </catDesc>
              </category>
              <category xml:id="persons">
                <catDesc>
                  <num type="boolean" value="1"/>
                </catDesc>
              </category>
              <category xml:id="places">
                <catDesc>
                  <num type="boolean" value="1"/>
                </catDesc>
              </category>
              <category corresp="#other">
                <catDesc>
                  <num type="boolean" value="1"/>
                </catDesc>
                <category corresp="#free">
                  <gloss>Metadata from cases</gloss>
                </category>
              </category>
            </category>
          </category>
          <category xml:id="search">
            <category xml:id="simple">
              <catDesc>
                <ref target="#K4.4">cf. Catalogue 4.4</ref>
              </catDesc>
              <catDesc>Does the project offer a simple search?</catDesc>
              <catDesc>
                <num type="boolean" value="1"/>
              </catDesc>
            </category>
            <category xml:id="advanced">
              <catDesc>
                <ref target="#K4.4">cf. Catalogue 4.4</ref>
              </catDesc>
              <catDesc>Does the project offer an advanced search?</catDesc>
              <catDesc>
                <num type="boolean" value="1"/>
              </catDesc>
            </category>
            <category xml:id="wildcard">
              <catDesc>
                <ref target="#K4.4">cf. Catalogue 4.4</ref>
              </catDesc>
              <catDesc>Does the search support the use of wildcards?</catDesc>
              <catDesc>
                <num type="booleanX" value="2"/>
              </catDesc>
            </category>
            <category xml:id="index">
              <catDesc>
                <ref target="#K4.4">cf. Catalogue 4.4</ref>
              </catDesc>
              <catDesc>Does the search offer an index of the searched field?</catDesc>
              <catDesc>
                <num type="booleanX" value="0"/>
              </catDesc>
            </category>
            <category xml:id="suggest">
              <catDesc>
                <ref target="#K4.4">cf. Catalogue 4.4</ref>
              </catDesc>
              <catDesc>Does the search offer autocompletion or suggest functionalities?</catDesc>
              <catDesc>
                <num type="booleanX" value="0"/>
              </catDesc>
            </category>
            <category xml:id="helptext">
              <catDesc>
                <ref target="#K4.4">cf. Catalogue 4.4</ref>
              </catDesc>
              <catDesc>Does the project offer help texts for the search?</catDesc>
              <catDesc>
                <num type="booleanX" value="1"/>
              </catDesc>
            </category>
          </category>
          <category xml:id="aim">
            <category xml:id="audience">
              <catDesc>
                <ref target="#K3.3">cf. Catalogue 3.3</ref>
              </catDesc>
              <catDesc>Who is the intended audience of the project?</catDesc>
              <category xml:id="scholars">
                <catDesc>
                  <num type="boolean" value="1"/>
                </catDesc>
              </category>
              <category xml:id="interested_public">
                <catDesc>
                  <num type="boolean" value="1"/>
                </catDesc>
              </category>
            </category>
            <category xml:id="typology">
              <catDesc>
                <ref target="#K3.3 #K5.1">cf. Catalogue 3.3 and 5.1</ref>
              </catDesc>
              <catDesc>Which type fits best for the reviewed project?</catDesc>
              <category xml:id="facsimile_edition">
                <catDesc>
                  <num type="boolean" value="0"/>
                </catDesc>
              </category>
              <category xml:id="archive_edition">
                <catDesc>
                  <num type="boolean" value="0"/>
                </catDesc>
              </category>
              <category xml:id="documentary_edition">
                <catDesc>
                  <num type="boolean" value="0"/>
                </catDesc>
              </category>
              <category xml:id="diplomatic_edition">
                <catDesc>
                  <num type="boolean" value="0"/>
                </catDesc>
              </category>
              <category xml:id="genetic_edition">
                <catDesc>
                  <num type="boolean" value="0"/>
                </catDesc>
              </category>
              <category xml:id="work_critical_edition">
                <catDesc>
                  <num type="boolean" value="0"/>
                </catDesc>
              </category>
              <category xml:id="text_critical_edition">
                <catDesc>
                  <num type="boolean" value="0"/>
                </catDesc>
              </category>
              <category xml:id="enriched_edition">
                <catDesc>
                  <num type="boolean" value="0"/>
                </catDesc>
              </category>
              <category xml:id="database_edition">
                <catDesc>
                  <num type="boolean" value="0"/>
                </catDesc>
              </category>
              <category xml:id="digital_library">
                <catDesc>
                  <num type="boolean" value="0"/>
                </catDesc>
              </category>
              <category xml:id="typology_collection_of_texts">
                <catDesc>
                  <num type="boolean" value="0"/>
                </catDesc>
              </category>
              <category corresp="#other">
                <catDesc>
                  <num type="boolean" value="1"/>
                </catDesc>
                <category corresp="#free">
                  <gloss>None of these fit; equal parts Database and Diplomatic Edition perhaps best fits</gloss>
                </category>
              </category>
              <category corresp="#none">
                <catDesc>
                  <num type="boolean" value="0"/>
                </catDesc>
              </category>
            </category>
          </category>
          <category xml:id="method">
            <catDesc rend="label">Method</catDesc>
            <category xml:id="critical_editing">
              <catDesc>
                <ref target="#K3.6">cf. Catalogue 3.6</ref>
              </catDesc>
              <catDesc>In how far is the text critically edited?</catDesc>
              <category xml:id="transmission_examined">
                <catDesc>
                  <num type="boolean" value="0"/>
                </catDesc>
              </category>
              <category xml:id="palaeographic_annotations">
                <catDesc>
                  <num type="boolean" value="0"/>
                </catDesc>
              </category>
              <category xml:id="normalization">
                <catDesc>
                  <num type="boolean" value="1"/>
                </catDesc>
              </category>
              <category xml:id="variants">
                <catDesc>
                  <num type="boolean" value="0"/>
                </catDesc>
              </category>
              <category xml:id="emendation">
                <catDesc>
                  <num type="boolean" value="0"/>
                </catDesc>
              </category>
              <category xml:id="commentary_notes">
                <catDesc>
                  <num type="boolean" value="0"/>
                </catDesc>
              </category>
              <category corresp="#other">
                <catDesc>
                  <num type="boolean" value="1"/>
                </catDesc>
                <category corresp="#free">
                  <gloss>Descriptions of astrological symbols</gloss>
                </category>
              </category>
              <category corresp="#none">
                <catDesc>
                  <num type="boolean" value="0"/>
                </catDesc>
              </category>
            </category>
            <category xml:id="standards">
              <catDesc>
                <ref target="#K3.7">cf. Catalogue 3.7</ref>
              </catDesc>
              <category xml:id="XML">
                <catDesc>Is the data encoded in XML?</catDesc>
                <catDesc>
                  <num type="boolean" value="1"/>
                </catDesc>
              </category>
              <category xml:id="standardized_data_model">
                <catDesc>
                  <num type="boolean" value="1"/>
                </catDesc>
                <catDesc>Is the project employing a standardized data model (e.g. TEI)?</catDesc>
              </category>
            </category>
            <category xml:id="text_type">
              <catDesc>
                <ref target="#K3.5">cf. Catalogue 3.5.</ref>
              </catDesc>
              <catDesc>Which kinds or forms of text are presented?</catDesc>
              <category xml:id="facsimiles">
                <catDesc>
                  <num type="boolean" value="0"/>
                </catDesc>
              </category>
              <category xml:id="diplomatic_transcription">
                <catDesc>
                  <num type="boolean" value="1"/>
                </catDesc>
              </category>
              <category xml:id="edited_text">
                <catDesc>
                  <num type="boolean" value="0"/>
                </catDesc>
              </category>
              <category xml:id="translations">
                <catDesc>
                  <num type="boolean" value="0"/>
                </catDesc>
              </category>
              <category xml:id="commentaries">
                <catDesc>
                  <num type="boolean" value="0"/>
                </catDesc>
              </category>
              <category xml:id="semantic_data">
                <catDesc>
                  <num type="boolean" value="0"/>
                </catDesc>
              </category>
            </category>
          </category>
          <category xml:id="technical_accessability">
            <category xml:id="persistent_identification">
              <catDesc>
                <ref target="#K4.8">cf. Catalogue 4.8</ref>
              </catDesc>
              <catDesc>Are there persistent identifiers and an addressing system for the
                                                edition and/or parts/objects of it and which mechanism is used to
                                                that end?</catDesc>
              <category xml:id="DOI">
                <catDesc>
                  <num type="boolean" value="0"/>
                </catDesc>
              </category>
              <category xml:id="ARK">
                <catDesc>
                  <num type="boolean" value="0"/>
                </catDesc>
              </category>
              <category xml:id="URN">
                <catDesc>
                  <num type="boolean" value="0"/>
                </catDesc>
              </category>
              <category xml:id="PURL.ORG">
                <catDesc>
                  <num type="boolean" value="0"/>
                </catDesc>
              </category>
              <category corresp="#other">
                <catDesc>
                  <num type="boolean" value="0"/>
                </catDesc>
                <category corresp="#free">
                  <gloss/>
                </category>
              </category>
              <category xml:id="persistent_URLs">
                <catDesc>
                  <num type="boolean" value="1"/>
                </catDesc>
              </category>
              <category corresp="#none">
                <catDesc>
                  <num type="boolean" value="0"/>
                </catDesc>
              </category>
            </category>
            <category xml:id="interfaces">
              <catDesc>
                <ref target="#K4.9">cf. Catalogue 4.9</ref>
              </catDesc>
              <catDesc>Are there technical interfaces like OAI-PMH, REST etc., which allow the reuse of the data of the project in other contexts?</catDesc>
              <category xml:id="OAI-PMH">
                <catDesc>
                  <num type="boolean" value="0"/>
                </catDesc>
              </category>
              <category xml:id="REST">
                <catDesc>
                  <num type="boolean" value="0"/>
                </catDesc>
              </category>
              <category xml:id="general_API">
                <catDesc>
                  <num type="boolean" value="0"/>
                </catDesc>
              </category>
              <category corresp="#other">
                <catDesc>
                  <num type="boolean" value="1"/>
                </catDesc>
                <category corresp="#free">
                  <gloss>The project's search summaries generate quantitative results from the transcriptions and metadata, but I cannot find any obvious API.</gloss>
                </category>
              </category>
              <category corresp="#none">
                <catDesc>
                  <num type="boolean" value="0"/>
                </catDesc>
              </category>
            </category>
            <category xml:id="open_access">
              <catDesc>Is the edition Open Access?</catDesc>
              <catDesc>
                <num type="boolean" value="1"/>
              </catDesc>
            </category>
            <category xml:id="basic_data_accessible">
              <catDesc>
                <ref target="#K4.12">cf. Catalogue 4.12</ref>
              </catDesc>
              <catDesc>Is the basic data (e.g. the XML) of the project accessible for each part of the edition (e.g. for a page)?</catDesc>
              <catDesc>
                <num type="boolean" value="1"/>
              </catDesc>
            </category>
            <category xml:id="download">
              <catDesc>
                <ref target="#K4.9">cf. Catalogue 4.9</ref>
              </catDesc>
              <catDesc>Can the entire raw data of the project be downloaded (as a whole)?</catDesc>
              <catDesc>
                <num type="boolean" value="1"/>
              </catDesc>
            </category>
            <category xml:id="reuse">
              <catDesc>
                <ref target="#K4.9">cf. Catalogue 4.9</ref>
              </catDesc>
              <catDesc>Can you use the data with other tools useful for this kind of content?</catDesc>
              <catDesc>
                <num type="boolean" value="1"/>
              </catDesc>
            </category>
            <category xml:id="rights">
              <category xml:id="declared">
                <catDesc>
                  <ref target="#K4.13">cf. Catalogue 4.13</ref>
                </catDesc>
                <catDesc>Are the rights to (re)use the content declared?</catDesc>
                <catDesc>
                  <num type="boolean" value="1"/>
                </catDesc>
              </category>
              <category xml:id="license">
                <catDesc>
                  <ref target="#K4.13">cf. Catalogue 4.13</ref>
                </catDesc>
                <catDesc>Under what license are the contents released?</catDesc>
                <category xml:id="CC0">
                  <catDesc>
                    <num type="boolean" value="0"/>
                  </catDesc>
                </category>
                <category xml:id="CC-BY">
                  <catDesc>
                    <num type="boolean" value="0"/>
                  </catDesc>
                </category>
                <category xml:id="CC-BY-ND">
                  <catDesc>
                    <num type="boolean" value="0"/>
                  </catDesc>
                </category>
                <category xml:id="CC-BY-NC">
                  <catDesc>
                    <num type="boolean" value="0"/>
                  </catDesc>
                </category>
                <category xml:id="CC-BY-SA">
                  <catDesc>
                    <num type="boolean" value="0"/>
                  </catDesc>
                </category>
                <category xml:id="CC-BY-NC-ND">
                  <catDesc>
                    <num type="boolean" value="0"/>
                  </catDesc>
                </category>
                <category xml:id="CC-BY-NC-SA">
                  <catDesc>
                    <num type="boolean" value="0"/>
                  </catDesc>
                </category>
                <category xml:id="PDM">
                  <catDesc>
                    <num type="boolean" value="0"/>
                  </catDesc>
                </category>
                <category corresp="#other">
                  <catDesc>
                    <num type="boolean" value="0"/>
                  </catDesc>
                  <category corresp="#free">
                    <gloss/>
                  </category>
                </category>
                <category xml:id="no_license">
                  <catDesc>
                    <num type="boolean" value="1"/>
                  </catDesc>
                </category>
                <category xml:id="multiple_licenses">
                  <catDesc>
                    <num type="boolean" value="0"/>
                  </catDesc>
                </category>
              </category>
            </category>
          </category>
        </taxonomy>
      </classDecl>
    </encodingDesc>
  </teiHeader>
  <text>
    <body>
      <div type="abstract"> This essay reviews <emph>The Casebooks Project</emph>, an ambitious attempt to digitize 80,000 astrological medical records from early modern England. <emph>The Casebooks Project</emph> exemplifies the possibilities of using digital technologies to understand early modern cultural and intellectual history, and offers us insight into the process of creating such a project. However, it remains unclear who the project&#x2019;s audience is, whether to see it purely as a &#x2018;dataset&#x2019; or as a textual-based digital edition, and how public-facing the project wants to be. This review seeks to use the digital edition and Dr. Lauren Kassell&#x2019;s ongoing scholarly and public reflections on the project to highlight the project&#x2019;s successes and suggest further possibilities it may inspire.</div>
      <div type="text">
        <div type="div2">
          <head>Introduction</head>
          <p><emph>The Casebooks Project</emph> highlights the interdisciplinary, qualitative, and quantitative potential digital technologies can offer scholars. It encourages researchers to explore thousands of otherwise indecipherable written records from the early modern era, and aims to focus the reader&#x2019;s attention on the materiality of those records and the performative uses of writing and note-taking. As Lauren Kassell herself puts it, &#x2018;It [<emph>The Casebooks Project</emph>] uses digital technologies to understand what were, in the seventeenth century, new paper technologies&#x2019; (2016, 120). This project stands out not only because of its scope and breadth, but also Kassell&#x2019;s willingness to publically engage in self-critical reflection. In doing so, she allows us to access not only the project but the process of producing it: an invaluable opportunity for both amateurs and novices in the digital humanities.<note xml:id="ftn1" n="1">Joshua Kruchten is a former graduate student of English and American literature at New York University, and a current Erasmus Mundus student at the Université de Strasbourg and the Università di Bologna.</note></p>
          <p>&#x2018;<emph>The Casebooks Project</emph>: A digital edition of Simon Forman&#x2019;s and Richard Napier&#x2019;s medical records 1596-1634&#x2019; is directed by Dr. Lauren Kassell. Kassell, the driving force behind the project, is the current director and a reader in the Department of History and Philosophy of Science and Fellow of Pembrook College, Cambridge. The eight-member team behind this project additionally comprises Dr. Michael Hawkins, the technical director, who has worked on projects such as <ref target="http://web.archive.org/web/20170310223112/http://www.newtonproject.ox.ac.uk/">The Newton Project</ref>, and currently also acts as a consultant to the <ref target="http://web.archive.org/web/20170310223155/https://www.darwinproject.ac.uk/">Darwin Correspondence Project</ref>. Senior Editors include Dr. Robert Rally, responsible for independently transcribing and editing Forman&#x2019;s guide to astrology, and Dr. John Young, who is responsible for the site&#x2019;s transcription guidelines. Dr. Joanna Edge and Janet Yvonne Martin-Portugues are current assistant editors; Boyd Brogan and Natalie Kaoukji are current research fellows.<note xml:id="ftn2" n="2">Information about staff for this project can be found</note></p>
          <p>The project was originally released on January 15, 2012, comprising approximately 10,000 entries, and has subsequently undergone 11 total releases. The last modification was on June 13, 2016, which added nearly 15,800 further cases, color images, and refinements to search and visualization functions on the site. The project is located at <ref target="http://www.magicandmedicine.hps.cam.ac.uk/">http://www.magicandmedicine.hps.cam.ac.uk</ref>.</p>
        </div>
        <div type="div2">
          <head>What are Casebooks?</head>
          <p>Early modern medical writing conforms to a variety of specific genres; Gianna Pomata, historian of medicine, suggests these genres are &#x2018;highly structured and clearly recognizable textual conventions&#x2019; (2010, 197). By noticing changes in what she sees as &#x2018;the disappearance, emergence, and transformation of epistemic genres,&#x2019; researchers can track &#x2018;profound transformations in ways of thinking, collective and individual&#x2019; (Pomata 2010, 198). Pomata tracks the late-Renaissance genre of <emph>observationes</emph>, or collections of narrated medical cases, which first appear in connection to the astral sciences and move into law and medicine in the 16th century (2010, 204).</p>
          <p>Kassell focuses on a slightly different genre, casebooks, which she describes as &#x2018;material and intellectual artifacts of medical practice,&#x2019; often the only surviving trace of the early modern medical encounter itself (2014, 596). To differentiate them from other forms of note-taking or narrative records, she describes casebooks as primarily &#x2018;serial records of practice&#x2019; (Kassell 2014, 600). Casebooks are thus emblematic of changing medical practice and cultural attitudes towards patients and disease (Kassell 2014, 603, Hess and Mendelsohn 2010).</p>
          <p>The first practitioner in England whose astrological records survive are those of Richard Trewythian, who kept several dozen calculations between 1442 and 1458 (Kassell 2014, 608). Between 1450 and 1700, Kassell identifies thirty-six extant sets of medical casebooks and eleven sets of astrological casebooks in England (2014, 600). Her survey of astrological casebooks suggests several early figures, such as Johannes Sch&#xF6;ner, Thomas Bodier, and an anonymous astrologer who recorded, respectively, from several dozen cases to several dozen pages of cases and questions (Kassell 2014, 608, 609).</p>
          <p>One astrologer in particular, Simon Forman, occupies a central place in the history of casebooks, and more broadly, the history of medicine, the history of astrology, and intellectual history. Forman was &#x2018;probably the most popular astrologer in Elizabethan London,&#x2019; and his records show a &#x2018;practice of alchemy, natural magic, astrology, and medicine&#x2019; (Kassell 1999, 3, 4). Yet Forman, who was not formally educated and was in frequent conflict with the College of Physicians, enough to at one point even require leaving London to continue his practice, &#x2018;figures in all of these accounts, sometimes as a charlatan, sometimes as a womanizer, and sometimes as a testament to the popularity of astrology; he has not been considered in his own right as an influence on the history of astrology or medicine&#x2019; (Kassell 1999). Countering this misconception, Kassell notes, &#x2018;his and Napier [his successor]&#x2019;s records are more systematic and extensive than anything else that survives&#x2019; (2014, 610). Their notebooks, spanning from 1596 to 1603, offer themselves up as a rich and unparalleled source of biographical, medical, and local information.</p>
          <p>In the encounter, Forman and Napier would record the querent&#x2019;s name and the exact time of the consultation, occasionally biographical information, and whether or not the querent was asking on behalf of someone else (Kassell 1999, 4). A chart was often drawn up, using techniques appropriate to astrology, geomancy, or numerology,<note xml:id="ftn3" n="3">Types of astrology in the Casebooks are described <ref target="http://www.magicandmedicine.hps.cam.ac.uk/using-our-edition/editorial-policies/coding-reference/a-guide-to-the-source#sort_chart">here</ref>.</note> and then a set of conclusions were made and perhaps therapeutic treatment was recorded (Kassell 1999, 4).</p>
          <p>As such, the casebooks are particularly interesting not just for how they recorded, but also shaped, the medical encounter. For example, Kassell states, &#x2018;The astrologer and his patient negotiated an exchange of trust for true judgments. Casebooks were central to this dynamic. They were instruments for judging the causes of disease, status objects demonstrating the astrologer&#x2019;s expertise, and records of these practices. With pen and paper, the astrologer located each patient within the cosmos and signaled his authority to do so&#x2019; (Kassell 2014, 598). In turn, encountering these books through digital technologies can offer a window into what early modern medical practitioners&#x2019; lives were like, what the personal and medical lives of average, everyday men and women were like, and how early modern medical practitioners used paper and writing as tools for memory assistance and authority.</p>
        </div>
        <div type="div2">
          <head>Subject and Content</head>
          <p><emph>The Casebooks Project</emph>, then, seeks to digitize, tag, and render searchable the astrological casebooks of both Forman and his successor, Richard Napier, which is the largest collection of such encounters in the history of early modern medicine. It specifically aims to provide researchers with quantitative and qualitative data generated from encoding the medical encounter. Because of the rich data this project generates, this scholarly digital edition lends itself to use not only by historians of medicine, but historians of science, local historians, and intellectual and social historians.</p>
          <p>Aims and methods of the project are publically available, and include generating freely accessible, searchable transcriptions of both normalized and diplomatic versions, providing a platform for users to search the entire corpus or browse the entries sequentially, providing tabular CSV displays of the metadata, tracking specific individuals in the records and locating them within networks of relationships, and providing files in multiple formats, such as XHTML or even as a downloadable PDF.<note xml:id="ftn4" n="4">Aims and methods are available <ref target="http://web.archive.org/web/20170310223631/http://www.magicandmedicine.hps.cam.ac.uk/about-us/aims">here</ref>.</note></p>
          <p>Kassell sees the project as building on the content and methodology of Michael MacDonald&#x2019;s <emph>Mystical Bedlam: Madness, Anxiety and Healing in Seventeenth-Century England</emph>, and changing trends towards recovering lost patient voices; &#x2018;MacDonald used a mainframe, in my initial work on Forman I used a laptop and a spreadsheet, the Casebooks Project uses XML and programs for processing its data and metadata. This is an example of what Tim Hitchcock has referred to as the use of computers to address the &#x2018;human contents&#x2019; of the past, to recover the voices of ordinary people&#x2026;&#x2019; (2016, 217). This project is, in other words, not merely an attempt to reconstruct written records and better understand practitioners and practice, but to reach a more nuanced understanding of patients and their experiences.</p>
          <p>Of the 80,000 cases, 48,514 are currently available to browse or search as fully transcribed entries with associated images. An additional 1,992 cases have been &#x2018;calendared,&#x2019; or in other words, dates, as well as names of querents and consultants, have been provided, but no other data has been transcribed. For transcribed cases, the editors focus on the &#x2018;question&#x2019; component of the medical encounter, which includes the date and time, biographical information about the patient, and detailed information about the medical consultation. Other information is included on an as-needed basis, and specific editorial policies are publicly available.</p>
          <figure>
            <head>Fig. 1: Transcription of Case No. 19512, a case of &#x2018;fairy pinching&#x2019;. The transcription is displayed on the left, while the high-resolution image is displayed on the right. Options to toggle between normalized and diplomatic editions and to hide images are located above.</head>
            <graphic url="wp-content/uploads/issue_7/casebooks/pictures/picture-1.png"/>
          </figure>
          <p>Transcriptions are viewable as either normalized or diplomatic texts. Diplomatic view allows the user to see original symbols, abbreviation indicators, and archaic letter forms, such as zodiac symbols, which are explained by a pop-up box on mouseover. The normalized text is also available. Users can choose to see the transcription alone, with categories of information broken down into toggle-able text boxes (text, querent, patient, occupations, topics). Users can see the transcription alongside the exact page the case occurs on, with instructions in the source information as to the precise location of the case on the page. These images are high-resolution, clear, zoomable images made available by the Bodleian Library.</p>
          <p>Several other manuscripts have been transcribed and are available on the site. The project publishes a transcription of Simon Forman&#x2019;s <emph>The Astrologicalle Judgmentes of phisick and other Questions</emph>, a guide to Forman&#x2019;s astrological and medical practice. This transcription also offers the option to toggle between a diplomatic and a normalized version. High quality images are made available when necessary in the transcription, such as examples of Forman&#x2019;s astrological charts. There are also transcriptions of other texts by Forman, &#x2018;To Knowe where a woman be with child of a man or a woman&#x2019; &#x2018;Rueles and observances before youe give Judgment&#x2019;, &#x2018;A Treatise touching the defense of Astrology&#x2019;, and &#x2018;Howe you shall knowe which vivent longest of a man vel muliere.&#x2019;</p>
        </div>
        <div type="div2">
          <head>Publication and Presentation</head>
          <figure>
            <head>Fig. 2: The current home page contains a rotating slider and links to key introductory materials.</head>
            <graphic url="wp-content/uploads/issue_7/casebooks/pictures/picture-2.png"/>
          </figure>
          <p>The site itself is simple and easy to navigate. A rotating slider on the home page welcomes a user and shifts between an animated introduction and announcements about current projects. Colorful images link out to help users navigate the site, to &#x2018;meet the astrologers,&#x2019; spend &#x2018;a day with the astrologers: 26 February 1599,&#x2019; learn how to use the search functionality, and to see current news and events. Information about the staff and funding, as well as a citation and privacy statement, are immediately available on the home page.</p>
          <figure>
            <head>Fig. 3: One of Forman&#x2019;s journals, MS Ashmore 411, viewed through the browsing interface.</head>
            <graphic url="wp-content/uploads/issue_7/casebooks/pictures/picture-3.png"/>
          </figure>
          <p>Information is divided into five sections: The Casebooks, Using Our Edition, The Manuscripts, On Astrological Medicine, and About Us. The first section, The Casebooks, allows a user to browse or search the Casebooks. Users can browse cases either as edited transcriptions, on a case-by-case basis, or as page images from scanned volumes. Users can also browse the four additional calendared&#x2014;but not transcribed&#x2014;volumes, as well as other supplementary materials. Browsing allows a user to open high-resolution images of an entire volume at once from the Bodleian Library and to move through page by page.</p>
          <figure>
            <head>Fig. 4: Search Module, with options for querent, case details, topic, and volume selected.</head>
            <graphic url="wp-content/uploads/issue_7/casebooks/pictures/picture-4.png"/>
          </figure>
          <p>Searching, by comparison, is an incredibly powerful tool developed as part of this project. Users can filter the cases by date and time ranges, specific named parties in the medical encounter, biographical information about a patient, consultation or diagnostic information, and even by a concise list of topics. Users can combine qualifying criteria, and view the results as individual cases or as a summarized, quantified result.</p>
          <p>The second section, Using our Edition, instructs the user how to use the site and read the cases. Dedicated subpages explain how the topics were derived and what contemporary meaning they had, detailed instructions on how to use the search function, and a glossary of unfamiliar terms. Finally, all editorial policies are publically available here, including the project&#x2019;s transcription guidelines, an element set, and coding references for users who want to use the raw XML files. Coding references are expansive and include handwriting, topics, and other entities, as well as other issues specifically related to the casebooks, and the project appears to follow common standards for TEI guidelines, all of which are available to browse.</p>
          <figure>
            <head>Fig. 5: A Page from Richard Napier&#x2019;s Casebooks&#x2019; dissects one single case into its component parts, alongside a high-resolution image of the case in its context.</head>
            <graphic url="wp-content/uploads/issue_7/casebooks/pictures/picture-5.png"/>
          </figure>
          <p>The third section, The Manuscripts, provides useful information to introduce a user to astrological medicine, Forman and Napier, their practice, and the material objects the cases are written in. One notable sub-section is &#x2018;A Page from Richard Napier&#x2019;s Casebooks&#x2019;, where the editors have visually dissected a single case into its component parts with an accompanying high-resolution image from MS Ashmole 228. This visual allows a user to quickly identify the typical key components of any given case.</p>
          <figure>
            <head>Fig. 6: &#x2018;A Page in Full&#x2019; provides careful explanation of how to read several sample astrological charts.</head>
            <graphic url="wp-content/uploads/issue_7/casebooks/pictures/picture-6.png"/>
          </figure>
          <p>A subsequent page, A page in full, explains, with images, how diplomatic transcriptions are generated. Further, this section also provides samples of handwriting and links out to introductions to paleography, for users who are less familiar, and a carefully reconstructed single day in the life of each astrologer, Monday the 26th of February 1599. These materials, taken together, allow both novices and experts alike access to the source materials and the process of transcribing them.</p>
          <p>The fourth section, On Astrological Medicine, provides information to navigate the practice of astrology, as well as transcribed versions of Napier and Forman&#x2019;s guides to their practice, biographical information, and further reading and bibliographic information for users looking for more scholarship or contextual information.</p>
          <p>Finally, the last section, About Us, is a repository of crucial project information, such as aims and methods, release information, staff details, links to news and events, funding sources, and permissions.</p>
        </div>
        <div type="div2">
          <head>Editorial Decisions and Audience</head>
          <figure>
            <head>Fig. 7: &#x2018;Results Summary&#x2019; for &#x2018;Lunatic&#x2019; in the Casebooks.</head>
            <graphic url="wp-content/uploads/issue_7/casebooks/pictures/picture-7.png"/>
          </figure>
          <p>One curious part of the editorial policies and sampling policies is their decision to exclude &#x2018;extraneous material,&#x2019; such as &#x2018;remarks about the day&#x2019;s weather, lists of expenses or medicines, news about the recovery or death of former patients, records of events in the practitioner&#x2019;s own life, and so forth&#x2019;.<note xml:id="ftn5" n="5">For editorial policies, see: <ptr target="http://web.archive.org/web/20170310223812/http://www.magicandmedicine.hps.cam.ac.uk/using-our-edition/editorial-policies"/>.</note> Transcribing 80,000 records is already a formidable task, and as the editorial team poignantly remarks, &#x2018;a full-text critical edition of the entire corpus is &#x2018;logistically and financially impossible.&#x2019;&#x2019;<note xml:id="ftn6" n="6">See <ref target="#ftn4">note 4</ref>.</note> I wonder, however, what kinds of rich information this extraneous material might provide us not only about the economics of early modern medical practice and biographical information for Forman, Napier, and their patients, but also the interactions between practitioner and patient which occurred outside of the boundaries of the casebook. Though we might desire to hunt for traces of patients&#x2019; voices and their extra-textual interactions, however, Kassell cautions that the casebooks only represent one side of the story: &#x2018;we do not have a single patient&#x2019;s account of a consultation with Forman&#x2019; (1999, 18). She continues, in a more recent discussion of the <emph>Casebooks: </emph>&#x2018;The records were framed within conventions of writing narratives and collecting data; they are not, as we will see, unmediated records of experiences of illness and healing&#x2019; (Kassell 2016, 126). Regardless, the already-transcribed material contains extensive biographical and medical information available for research.</p>
          <figure>
            <head>Fig. 8: Breakdown of &#x2018;Lunatics&#x2019; by age.</head>
            <graphic url="wp-content/uploads/issue_7/casebooks/pictures/picture-8.png"/>
          </figure>
          <p>In addition, the editorial team conceives of this project as more of a &#x2018;data set&#x2019; rather than a &#x2018;textual edition&#x2019;, despite its textual roots. This quantitative approach is one of the more exciting features the project offers. After searching by a wide range of topics (both medical and non-medical alike) or limiting factors, the project offers its users the ability to generate a &#x2018;results summary&#x2019; for any given search. For example: a quick search for the topic of &#x2018;lunatic&#x2019; underneath the category &#x2018;illnesses of the mind&#x2019; generates 152 cases.<note xml:id="ftn7" n="7">I performed a search using the topic for &#x2018;lunatic.&#x2019; Those results are available <ref target="http://web.archive.org/web/20170310223843/http://www.magicandmedicine.hps.cam.ac.uk/the-casebooks/search/cases/results/summarise?t=166&amp;tm=10&amp;nt1=1">here</ref></note> Results include the percentage of querents asking on someone else&#x2019;s behalf, the date range of the cases, a summary of cases by practice and practitioner, the type and number of topics associated with the selected cases, and information about the querent and patient, including ages, genders, and information about frequent patients. These quantitative data seems immediately useful; for example, it appears most querents were female, rather than male, and younger, rather than older; there are entries for 15 male subjects between 20-29 in contrast to 46 female subjects. Immediately we could imagine how even this cursory search might be useful for a researcher working out the story of gender and madness in the early modern period. At the same time, whether these results are statistically significant is still up for discussion, and there does not appear to be an option to download these data directly from the search interface. To do so would require software and training to sift through the raw XML files, available at <ptr target="http://web.archive.org/web/20170310223514/https://github.com/CasebooksProject"/>, or some kind of technical interface or API, which currently does not exist.</p>
          <p>Who is the audience for the <emph>Casebooks</emph> project? Kassell states that this is not a public engagement project, but instead designed to &#x2018;make sense of archives at the highest possible level&#x2019;.<note xml:id="ftn8" n="8">These are remarks by Dr. Kassell from a panel given at NYU, ‘Inscription, Digitization and the Shape of Knowledge,’ for the NYU Center for the Humanities. The event was recorded and archived, and is publicly available on the NYU Center for the Humanities’ YouTube channel: <ptr target="https://www.youtube.com/watch?v=hxgFqx06IrI"/></note> Yet while Kassell has written explicitly to a scholarly audience about Forman and the <emph>Casebooks</emph>, she has also written to a more public audience in the UK magazine <emph>History Today</emph> in September 2011 (Kassell 2011). In her review in <emph>The Edinburgh Companion to the Critical Medical Humanities, </emph>she defines the project&#x2019;s audience as &#x2018;users, not readers, and one of the challenges of the project is to tutor them in engaging critically with the casebooks&#x2019; (Kassell 2016, 127); in her earlier article in <emph>History Today</emph> she suggests that &#x2018;it [the project] will also coach its users in the nature of these records&#x2026;allowing scholars to explore the ways in which matters of health and questions about fortune more generally were socially constituted&#x2019; (Kassell 2011, 25). Yet the reach of this project has grown beyond only &#x2018;scholarly&#x2019; limitations; the team maintains a humorous Twitter account to which over 1200 people are currently subscribed.<note xml:id="ftn9" n="9">The Twitter account, @hpscasebooks, can be found <ref target="http://web.archive.org/web/20170310223927/https://twitter.com/hpscasebooks?ref_src=twsrc%5Egoogle%7Ctwcamp%5Eserp%7Ctwgr%5Eauthor">here</ref>.</note> A variety of other outreach efforts or tangential projects are listed on the main site, including a feature of the project in the <emph>Guardian</emph>&#x2019;s cryptic crossword<note xml:id="ftn10" n="10"><ptr target="http://web.archive.org/web/20170310224014/https://www.theguardian.com/crosswords/prize/25107"/></note> interviews in <emph>Der Spiegel</emph>,<note xml:id="ftn11" n="11"><ptr target="http://web.archive.org/web/20170310224108/http://www.spiegel.de/spiegel/print/d-83180880.html"/></note> <emph>The Sydney Morning Harold</emph>,<note xml:id="ftn12" n="12"><ptr target="http://web.archive.org/web/20170310224204/http://www.smh.com.au/world/science/astrologers-medical-records-a-star-turn-20111014-1lp4u.html"/></note> and <emph>The Atlantic</emph>.<note xml:id="ftn13" n="13"><ptr target="http://web.archive.org/web/20170310224239/https://www.theatlantic.com/health/archive/2013/11/your-zodiac-sign-your-health/281358/"/></note> Elements of the research project are also being developed into a video game, as part of the Epic Games and Wellcome Trust Big Data Challenge,<note xml:id="ftn14" n="14"><ptr target="http://web.archive.org/web/20170310224315/https://www.unrealengine.com/blog/epic-games-and-wellcome-trust-reveal-20000-big-data-vr-challenge-winner"/></note> and Natalie Kaoukji, research fellow for the project, is developing a public arts project based on the casebooks at the gallery Ambika P3, as six contemporary artists respond to the project, expanding the scope of this project from paper and pen and digital technologies to &#x2018;sculpture, video and audio installation, live performance, robotics and artificial intelligence&#x2019;.<note xml:id="ftn15" n="15">See the <ref target="http://web.archive.org/web/20170310224355/http://www.p3exhibitions.com/">AmbikaP3 site</ref>.</note></p>
          <figure><head>Fig. 9: A representative sample of some humorous tweets on Valentine&#x2019;s Day, 2017.</head><graphic url="wp-content/uploads/issue_7/casebooks/pictures/picture-9.png"/></figure>
          <p>On the one hand, the issue of &#x2018;public engagement&#x2019; and audience may be far less contentious than I have outlined here. The Wellcome Trust, the largest source of funding for the project, may not simply define the project as such in its rubrics and assessments for funding: without direct access to funding documentation, I could not say for sure. Nevertheless, the question of audience raises serious issues about the impact of the project and its core vision. Said otherwise, the audience for a project dictates which elements of the casebooks are transcribed and edited and which are excluded. By reproducing these extensive and rare manuscripts as a digital edition for an academic audience, the editors can more easily and efficiently navigate thorny issues of reproducing extinct symbols and the rich astrological charts Forman and Napier drew. A scholarly digital edition, unlike a print edition, allows researchers to index, search, and manipulate robust quantitative data from an otherwise unpublished body of subjective case entries. Although the specific day-to-day content in Forman and Napier&#x2019;s journals may not be different from other extant astrological casebooks or medical records, the sheer quantity of entries may provide rich biographical, social, or medical data for a researcher. Yet distilling the qualitative content of the 80,000 cases in the manuscripts into quantitative data already presents methodological and epistemological questions. A &#x201C;tweet" summary of a medical case complicates this problematic even further. Can one represent the rich quantitative results of a custom search, or even the complicated metadata from a single case, in less than 280 characters? What lessons are followers of the Twitter account learning from these case summaries? Careful attention needs to be paid to the represenation of scholarly editions on social media platforms, and this example highlights just how radically different the experience of reading a tweet, or even a single case summary, is from handling the manuscript or a printed facsimile of it.</p>
          <p>The question of how to link research tools with social media is not a problem uniquely for the <emph>Casebooks Project</emph> to answer, but is one scholarly projects will increasingly need to grapple with in the future. Obviously, scholars will need different resources than a public audience, and if this project ultimately conceives of itself as an academic &#x2018;dataset&#x2019; and not a public engagement project, then we should ask what non-scholarly users would <emph>do</emph> with the data generated. Or, if the project does wish to eventually develop a sustainable public-facing component, one must ask; can creative, public initiatives like the partnership with Ambika P3 inform or push the boundaries of scholarly research? In this case, can artistic or extra scholarly efforts help the scholarly digital editon represent the experiential and material nature of these books in a way that transcription alone cannot?</p>
        </div>
        <div type="div2">
          <head>Conclusion and Further Directions</head>
          <p>This project&#x2014;despite unresolved tension as to whether it conceives of itself as primarily a textually-based edition or a &#x2018;dataset&#x2019;&#x2014;still conforms to scholarly standards and should be considered a scholarly digital edition; the textual tradition is clearly documented, editorial decisions are transparent, and the work is of excellent scholarly quality. Further, this edition has clearly accomplished most of its ambitious aims and methods, even though the complete 80,000 records are not yet transcribed.</p>
          <p>In a panel discussion of her work at New York University this past February, Kassell acknowledged some of the tensions mentioned in this review, through a framework of seven key questions about her own work: what does it mean to create a new archive from an old archive? What is a casebook? Is the project editing what the astrologer wrote, or the narrated encounter itself? How do we help readers navigate? What is the tension between front-end presentation and durability? How can the site be made appealing? And how can users navigate &#x2018;flattened&#x2019; data which may not be necessarily statistically significant?</p>
          <p>In this discussion, Kassell clarified several editorial decisions and processes not necessarily evident from the main site itself. In terms of durability, for example, the front-end of the project is currently moving to a new home at the University of Cambridge Libraries. Kassell&#x2019;s main points of pride are not the front-end developments, but instead the XML and encoded case files, currently available from GitHub, and an index developed by the editorial team. The index is of particular interest, because the contemporary early modern invention of the index radically altered how cases were organized and conceptualized. That Forman and Napier&#x2019;s work itself was <emph>not</emph> indexed gives as insight into how digital technologies can help us recreate and understand conceptual shifts in informational management strategies and shifts in early modern reading and writing habits.</p>
          <p>I was also struck by Kassell&#x2019;s ruminations on what exactly is being edited: the written material, or the medical encounter. This scholarly digital edition is a remarkable accomplishment for the qualitative and quantitative data generated from the written material, but there is much material from the encounter still unrepresented, particularly the performative elements of the casebooks. One example is the astrological chart, which is not reconstructed in any fashion in the transcriptions. Without presenting or representing the original charts, a key part of the casebooks&#x2019; essence would surely be lost if users only encountered the casebooks through the transcription, divorced from the page of the journal. Extra-textual encounters with patients are another example of unrepresented material. When asked in February about both these points, Kassell replied that while software developers can accurately use software to generate astrological charts, they are not always true to the charts in the book as Forman drew them, and that she believed the video game in development would capture the performative nature of astrological readings better than the site could. She further suggested that there is current ongoing effort to &#x2018;encode reported speech&#x2019; and to record social encounters outside of the case. While this is exciting, as of this review those elements are not currently searchable. I also wish that metadata pertaining to the materiality of the text and elements of the writing itself&#x2014;other than the location of the case within the volumes&#x2014;were searchable, since their materiality clearly played a role in shaping the encounter and giving the astrologers authority.<note xml:id="ftn16" n="16">Kassell states, for example, &#x2018;Treating casebooks as found objects highlights how medical practitioners used writing as a tool for marking details or constructing narratives&#x2026;the format of the notebook&#x2026;should vary depending on the case&#x2026;placing each casebook requires attention to the level of learning of the author, format of the paper, layout of the page, ordering of the records, and whether the script is rough or fair&#x2019; (2014, 615).</note></p>
          <p>One can imagine how this project could evolve to study other samples of early modern medical writing, such as the many examples of <emph>observationes</emph> described by Pomata. This development could be used not only to generate local historical data, but broad, internationally-oriented information about humanist networks, circulation of medical information, and similarities and differences in medical and astrological practice across the continent. The ability to track cases, many of which were collected and recycled in various publications of <emph>observationes </emph>and casebooks in the late 17th-century, could offer insight into the history of reading and the history of publishing. The unique focus on the <emph>case</emph> also lends this type of project to adaptation for legal and other medical projects across many different time periods. In the meantime, however, this project is a remarkable accomplishment, both for the data it generates and its transparency. As it migrates to a new library host and hones its relationship to its audience(s), I hope we will continue to better understand the casebooks&#x2019; performative and material nature, as well as the lives of the patients and practitioners contained within them.</p>
        </div>
      </div>
      <div type="references">
        <listBibl>
          <bibl>Hess, Volker, and J. Andrew Mendelsohn. 2010. &#x2018;Case and Series: Medical Knowledge and Paper Technology, 1600-1900.&#x2019; <emph>History of Science</emph> 48:287-314.</bibl>
          <bibl>Kassell, Lauren. 1999. &#x2018;How to Read Simon Forman's Casebooks: Medicine, Astrology, and Gender in Elizabethan London.&#x2019; <emph>Social History of Medicine</emph> 12 (1):3-18.</bibl>
          <bibl>Kassell, Lauren. 2011. &#x2018;The Astrologer's Tables.&#x2019; <emph>History Today</emph>, September 2011, 18-25.</bibl>
          <bibl>Kassell, Lauren. 2014. &#x2018;Casebooks in Early Modern England: Medicine, Astrology, and Written Records.&#x2019; <emph>Bulletin of the History of Medicine</emph> 88 (4):595-625. doi: 10.1353/bhm.2014.0066.</bibl>
          <bibl>Kassell, Lauren. 2016. &#x2018;Paper Technologies, Digital Technologies: Working with Early Modern Medical Records.&#x2019; In <emph>The Edinburgh Companion to the Critical Medical Humanities.</emph>, edited by A Whitehead and A Woods, 120-135. Edinburgh: Edinburgh University Press.</bibl>
          <bibl>Pomata, Gianna. 2010. &#x2018;Sharing Cases: The Observationes in Early Modern Medicine.&#x2019; <emph>Early Science and Medicine</emph> 15 (3):193-236. doi: 10.1163/157338210x493932.</bibl>
        </listBibl>
      </div>
    </body>
  </text>
</TEI>
