<?xml version="1.0"?>
<TEI xmlns="http://www.tei-c.org/ns/1.0" xmlns:xsi="http://www.w3.org/2001/XMLSchema-instance" xsi:schemaLocation="http://www.tei-c.org/ns/1.0 http://ride.i-d-e.de/wp-content/uploads/downloads/schema/ride.xsd">
  <teiHeader>
    <fileDesc>
      <titleStmt>
        <title/>
        <respStmt>
          <resp>author</resp>
          <name>
            <persName>
              <forename>D&#xE1;niel</forename>
              <surname>Koz&#xE1;k</surname>
            </persName>
            <affiliation>
              <orgName>E&#xF6;tv&#xF6;s Lor&#xE1;nd University, Dept. of Latin</orgName>
              <placeName>Budapest</placeName>
            </affiliation>
            <email>kozak.daniel (at) btk.elte.hu</email>
          </name>
        </respStmt>
      </titleStmt>
      <publicationStmt>
        <publisher>Institut f&#xFC;r Dokumentologie und Editorik</publisher>
        <date when="2018-02">February 2018</date>
        <idno type="issue">8</idno>
        <idno type="URI">http://ride.i-d-e.de/issue-8/PHI</idno>
        <idno type="DOI">10.18716/ride.a.8.2</idno>
        <availability>
          <licence>
            <ref target="http://creativecommons.org/licenses/by/4.0/"/>
          </licence>
        </availability>
      </publicationStmt>
      <notesStmt>
        <relatedItem>
          <biblStruct>
            <monogr>
              <title xml:id="resource_title">Classical Latin Texts. A Resource Prepared by The Packard Humanities Institute (PHI)</title>
              <editor xml:id="resource_editors">Packard Humanities Institute</editor>
              <respStmt>
                <resp>Editor</resp>
                <persName>
                  <name>Packard Humanities Institute</name>
                </persName>
              </respStmt>
              <imprint>
                <date xml:id="resource_date_publication">2015</date>
              </imprint>
            </monogr>
            <idno xml:id="resource_uri">http://latin.packhum.org/</idno>
          </biblStruct>
        </relatedItem>
        <note>
          <date xml:id="resource_date_access">2018-01-31</date>
        </note>
      </notesStmt>
      <sourceDesc>
        <p>Auf der Basis von
                                            <ref>http://www.i-d-e.de/publikationen/weitereschriften/criteria-text-collections-version-1-0</ref>
                </p>
      </sourceDesc>
    </fileDesc>
    <encodingDesc>
      <classDecl>
        <taxonomy xml:base="https://www.i-d-e.de/publikationen/weitereschriften/criteria-text-collections-version-1-0/">
          <category xml:id="general_information">
            <category xml:id="bibl_desc">
              <catDesc>
                <ref target="#K1.1">cf. Catalogue 1.1</ref>
              </catDesc>
              <catDesc>Can the text collection be identified in
                                                  terms similar to traditional bibliographic
                                                  descriptions (title, responsible editors,
                                                  institution, date(s) of publication,
                                                  identifier/address)?</catDesc>
              <catDesc>
                <num type="boolean" value="0"/>
              </catDesc>
            </category>
            <category xml:id="contributors">
              <catDesc>
                <ref target="#K1.3">cf. Catalogue 1.3</ref>
              </catDesc>
              <catDesc>Are the contributors (editors,
                                                  institutions, associates) of the project
                                                  documented?</catDesc>
              <catDesc>
                <num type="boolean" value="1"/>
              </catDesc>
            </category>
            <category xml:id="contacts">
              <catDesc>
                <ref target="#K1.4">cf. Catalogue 1.4</ref>
              </catDesc>
              <catDesc>Is contact information given?</catDesc>
              <catDesc>
                <num type="boolean" value="1"/>
              </catDesc>
            </category>
          </category>
          <category xml:id="aims">
            <category xml:id="doc_contents">
              <catDesc>
                <ref target="#K2.1">cf. Catalogue 2.1</ref>
              </catDesc>
              <catDesc>Is there a description of the aims and
                                                  contents of the text collection?</catDesc>
              <catDesc>
                <num type="boolean" value="1"/>
              </catDesc>
            </category>
            <category xml:id="purpose">
              <catDesc>
                <ref target="#K2.2">cf. Catalogue 2.2</ref>
              </catDesc>
              <catDesc>What is the purpose of the text
                                                  collection?</catDesc>
              <category xml:id="research">
                <catDesc>
                  <num type="boolean" value="1"/>
                </catDesc>
              </category>
              <category xml:id="teaching">
                <catDesc>
                  <num type="boolean" value="0"/>
                </catDesc>
              </category>
              <category xml:id="general_purpose">
                <catDesc>
                  <num type="boolean" value="0"/>
                </catDesc>
              </category>
              <category corresp="#other">
                <catDesc>
                  <num type="boolean" value="0"/>
                </catDesc>
                <category corresp="#free">
                  <gloss/>
                </category>
              </category>
            </category>
            <category xml:id="research_type">
              <catDesc>
                <ref target="#K3.1.8">cf. Catalogue 3.1.8</ref>
              </catDesc>
              <catDesc>What kind of research does the collection
                                                    allow to conduct primarily?</catDesc>
              <category xml:id="qualitative">
                <catDesc>
                  <num type="boolean" value="1"/>
                </catDesc>
              </category>
              <category xml:id="quantitative">
                <catDesc>
                  <num type="boolean" value="0"/>
                </catDesc>
              </category>
              <category corresp="#none">
                <catDesc>
                  <num type="boolean" value="0"/>
                </catDesc>
              </category>
            </category>
            <category xml:id="classification">
              <catDesc>
                <ref target="#K2.3">cf. Catalogue 2.3</ref>
              </catDesc>
              <catDesc>How does the text collection classify
                                                  itself (e.g. in its title or
                                                  documentation)?</catDesc>
              <category xml:id="collection">
                <catDesc>
                  <num type="boolean" value="0"/>
                </catDesc>
              </category>
              <category xml:id="corpus">
                <catDesc>
                  <num type="boolean" value="0"/>
                </catDesc>
              </category>
              <category xml:id="digital_archive">
                <catDesc>
                  <num type="boolean" value="0"/>
                </catDesc>
              </category>
              <category xml:id="digital_library">
                <catDesc>
                  <num type="boolean" value="0"/>
                </catDesc>
              </category>
              <category xml:id="digital_edition">
                <catDesc>
                  <num type="boolean" value="0"/>
                </catDesc>
              </category>
              <category xml:id="portal">
                <catDesc>
                  <num type="boolean" value="0"/>
                </catDesc>
              </category>
              <category xml:id="database">
                <catDesc>
                  <num type="boolean" value="0"/>
                </catDesc>
              </category>
              <category xml:id="no_classification">
                <catDesc>
                  <num type="boolean" value="1"/>
                </catDesc>
              </category>
              <category corresp="#other">
                <catDesc>
                  <num type="boolean" value="0"/>
                </catDesc>
                <category corresp="#free">
                  <gloss/>
                </category>
              </category>
            </category>
            <category xml:id="research_fields">
              <catDesc>
                <ref target="#K2.2">cf. Catalogue 2.2</ref>
              </catDesc>
              <catDesc>To which field(s) of research does the text
                                                  collection contribute?</catDesc>
              <category xml:id="field_history">
                <catDesc>
                  <num type="boolean" value="1"/>
                </catDesc>
              </category>
              <category xml:id="field_literary_studies">
                <catDesc>
                  <num type="boolean" value="1"/>
                </catDesc>
              </category>
              <category xml:id="field_linguistics">
                <catDesc>
                  <num type="boolean" value="1"/>
                </catDesc>
              </category>
              <category xml:id="field_musicology">
                <catDesc>
                  <num type="boolean" value="0"/>
                </catDesc>
              </category>
              <category xml:id="field_art_history">
                <catDesc>
                  <num type="boolean" value="1"/>
                </catDesc>
              </category>
              <category xml:id="field_archaeology">
                <catDesc>
                  <num type="boolean" value="1"/>
                </catDesc>
              </category>
              <category xml:id="field_philosophy">
                <catDesc>
                  <num type="boolean" value="1"/>
                </catDesc>
              </category>
              <category xml:id="field_religious_studies">
                <catDesc>
                  <num type="boolean" value="1"/>
                </catDesc>
              </category>
              <category xml:id="field_sociology">
                <catDesc>
                  <num type="boolean" value="0"/>
                </catDesc>
              </category>
              <category corresp="#other">
                <catDesc>
                  <num type="boolean" value="0"/>
                </catDesc>
                <category corresp="#free">
                  <gloss/>
                </category>
              </category>
              <category corresp="#none">
                <catDesc>
                  <num type="boolean" value="0"/>
                </catDesc>
              </category>
            </category>
          </category>
          <category xml:id="content">
            <category xml:id="era">
              <catDesc>
                <ref target="#K2.5">cf. Catalogue 2.5</ref>
              </catDesc>
              <catDesc>What era(s) do the texts belong
                                                  to?</catDesc>
              <category xml:id="era_classics">
                <catDesc>
                  <num type="boolean" value="1"/>
                </catDesc>
              </category>
              <category xml:id="era_medieval">
                <catDesc>
                  <num type="boolean" value="0"/>
                </catDesc>
              </category>
              <category xml:id="era_early_modern">
                <catDesc>
                  <num type="boolean" value="0"/>
                </catDesc>
              </category>
              <category xml:id="era_modern">
                <catDesc>
                  <num type="boolean" value="0"/>
                </catDesc>
              </category>
              <category xml:id="era_contemporary">
                <catDesc>
                  <num type="boolean" value="0"/>
                </catDesc>
              </category>
            </category>
            <category xml:id="language">
              <catDesc>
                <ref target="#K2.5">cf. Catalogue 2.5</ref>
              </catDesc>
              <catDesc>What languages are the texts in?</catDesc>
              <category xml:id="arabic">
                <catDesc>
                  <num type="boolean" value="0"/>
                </catDesc>
              </category>
              <category xml:id="chinese">
                <catDesc>
                  <num type="boolean" value="0"/>
                </catDesc>
              </category>
              <category xml:id="danish">
                <catDesc>
                  <num type="boolean" value="0"/>
                </catDesc>
              </category>
              <category xml:id="english">
                <catDesc>
                  <num type="boolean" value="0"/>
                </catDesc>
              </category>
              <category xml:id="finnish">
                <catDesc>
                  <num type="boolean" value="0"/>
                </catDesc>
              </category>
              <category xml:id="french">
                <catDesc>
                  <num type="boolean" value="0"/>
                </catDesc>
              </category>
              <category xml:id="german">
                <catDesc>
                  <num type="boolean" value="0"/>
                </catDesc>
              </category>
              <category xml:id="greek">
                <catDesc>
                  <num type="boolean" value="1"/>
                </catDesc>
              </category>
              <category xml:id="hebrew">
                <catDesc>
                  <num type="boolean" value="0"/>
                </catDesc>
              </category>
              <category xml:id="hindi">
                <catDesc>
                  <num type="boolean" value="0"/>
                </catDesc>
              </category>
              <category xml:id="italian">
                <catDesc>
                  <num type="boolean" value="0"/>
                </catDesc>
              </category>
              <category xml:id="japanese">
                <catDesc>
                  <num type="boolean" value="0"/>
                </catDesc>
              </category>
              <category xml:id="latin">
                <catDesc>
                  <num type="boolean" value="1"/>
                </catDesc>
              </category>
              <category xml:id="norwegian">
                <catDesc>
                  <num type="boolean" value="0"/>
                </catDesc>
              </category>
              <category xml:id="polish">
                <catDesc>
                  <num type="boolean" value="0"/>
                </catDesc>
              </category>
              <category xml:id="portuguese">
                <catDesc>
                  <num type="boolean" value="0"/>
                </catDesc>
              </category>
              <category xml:id="russian">
                <catDesc>
                  <num type="boolean" value="0"/>
                </catDesc>
              </category>
              <category xml:id="spanish">
                <catDesc>
                  <num type="boolean" value="0"/>
                </catDesc>
              </category>
              <category xml:id="swedish">
                <catDesc>
                  <num type="boolean" value="0"/>
                </catDesc>
              </category>
              <category xml:id="turkish">
                <catDesc>
                  <num type="boolean" value="0"/>
                </catDesc>
              </category>
              <category corresp="#other">
                <catDesc>
                  <num type="boolean" value="0"/>
                </catDesc>
                <category corresp="#free">
                  <gloss/>
                </category>
              </category>
              <category corresp="#free" xml:id="language_note">
                <gloss/>
              </category>
            </category>
            <category xml:id="text_type">
              <catDesc>
                <ref target="#K2.5">cf. Catalogue 2.5</ref>
              </catDesc>
              <catDesc>What kind of texts are in the
                                                  collection?</catDesc>
              <category xml:id="literary_works">
                <catDesc>
                  <num type="boolean" value="1"/>
                </catDesc>
              </category>
              <category xml:id="private_documents">
                <catDesc>
                  <num type="boolean" value="0"/>
                </catDesc>
              </category>
              <category xml:id="essays">
                <catDesc>
                  <num type="boolean" value="0"/>
                </catDesc>
              </category>
              <category xml:id="newspaper_articles">
                <catDesc>
                  <num type="boolean" value="0"/>
                </catDesc>
              </category>
              <category xml:id="charters">
                <catDesc>
                  <num type="boolean" value="0"/>
                </catDesc>
              </category>
              <category xml:id="inscriptions">
                <catDesc>
                  <num type="boolean" value="0"/>
                </catDesc>
              </category>
              <category xml:id="files_records">
                <catDesc>
                  <num type="boolean" value="0"/>
                </catDesc>
              </category>
              <category xml:id="protocols">
                <catDesc>
                  <num type="boolean" value="0"/>
                </catDesc>
              </category>
              <category xml:id="scientific_papers">
                <catDesc>
                  <num type="boolean" value="0"/>
                </catDesc>
              </category>
              <category xml:id="speech_transcripts">
                <catDesc>
                  <num type="boolean" value="0"/>
                </catDesc>
              </category>
              <category corresp="#other">
                <catDesc>
                  <num type="boolean" value="0"/>
                </catDesc>
                <category corresp="#free">
                  <gloss/>
                </category>
              </category>
            </category>
            <category xml:id="add_information">
              <catDesc>
                <ref target="#K2.5">cf. Catalogue 2.5</ref>
              </catDesc>
              <catDesc>What kind of information is published in
                                                  addition to the texts?</catDesc>
              <category xml:id="introduction">
                <catDesc>
                  <num type="boolean" value="0"/>
                </catDesc>
              </category>
              <category xml:id="commentary">
                <catDesc>
                  <num type="boolean" value="0"/>
                </catDesc>
              </category>
              <category xml:id="context_material">
                <catDesc>
                  <num type="boolean" value="0"/>
                </catDesc>
              </category>
              <category xml:id="bibliography">
                <catDesc>
                  <num type="boolean" value="0"/>
                </catDesc>
              </category>
              <category xml:id="facsimile">
                <catDesc>
                  <num type="boolean" value="0"/>
                </catDesc>
              </category>
              <category corresp="#other">
                <catDesc>
                  <num type="boolean" value="0"/>
                </catDesc>
                <category corresp="#free">
                  <gloss/>
                </category>
              </category>
              <category corresp="#none">
                <catDesc>
                  <num type="boolean" value="1"/>
                </catDesc>
              </category>
            </category>
          </category>
          <category xml:id="composition">
            <category xml:id="documentation_methods">
              <catDesc>
                <ref target="#K3.1.1">cf. Catalogue
                                                  3.1.1-3.1.3</ref>
              </catDesc>
              <catDesc>Are the principles and decisions regarding
                                                  the design of the text collection, its composition
                                                  and the selection of texts documented?</catDesc>
              <catDesc>
                <num type="boolean" value="0"/>
              </catDesc>
            </category>
            <category xml:id="selection">
              <catDesc>
                <ref target="#K3.1">cf. Catalogue 3.1</ref>
              </catDesc>
              <catDesc>What selection criteria have been chosen
                                                  for the text collection?</catDesc>
              <category xml:id="selection_language">
                <catDesc>
                  <num type="boolean" value="1"/>
                </catDesc>
              </category>
              <category xml:id="selection_author">
                <catDesc>
                  <num type="boolean" value="0"/>
                </catDesc>
              </category>
              <category xml:id="selection_country">
                <catDesc>
                  <num type="boolean" value="0"/>
                </catDesc>
              </category>
              <category xml:id="selection_epoch">
                <catDesc>
                  <num type="boolean" value="1"/>
                </catDesc>
              </category>
              <category xml:id="selection_genre">
                <catDesc>
                  <num type="boolean" value="0"/>
                </catDesc>
              </category>
              <category xml:id="selection_topic">
                <catDesc>
                  <num type="boolean" value="0"/>
                </catDesc>
              </category>
              <category xml:id="selection_style">
                <catDesc>
                  <num type="boolean" value="0"/>
                </catDesc>
              </category>
              <category xml:id="selection_linguistic_characteristics">
                <catDesc>
                  <num type="boolean" value="0"/>
                </catDesc>
              </category>
              <category corresp="#other">
                <catDesc>
                  <num type="boolean" value="0"/>
                </catDesc>
                <category corresp="#free">
                  <gloss/>
                </category>
              </category>
            </category>
            <category xml:id="size">
              <category xml:id="size_texts">
                <catDesc>
                  <ref target="#K3.1.4">cf. Catalogue 3.1.4</ref>
                </catDesc>
                <catDesc>How large is the text collection in
                                                  number of texts/records?</catDesc>
                <category xml:id="texts_le10">
                  <catDesc>
                    <num type="boolean" value="0"/>
                  </catDesc>
                </category>
                <category xml:id="texts_11-50">
                  <catDesc>
                    <num type="boolean" value="0"/>
                  </catDesc>
                </category>
                <category xml:id="texts_51-100">
                  <catDesc>
                    <num type="boolean" value="0"/>
                  </catDesc>
                </category>
                <category xml:id="texts_gt100_">
                  <catDesc>
                    <num type="boolean" value="1"/>
                  </catDesc>
                </category>
                <category xml:id="texts_gt1000">
                  <catDesc>
                    <num type="boolean" value="0"/>
                  </catDesc>
                </category>
                <category corresp="#unknown">
                  <catDesc>
                    <num type="boolean" value="0"/>
                  </catDesc>
                </category>
              </category>
              <category xml:id="size_tokens">
                <catDesc>
                  <ref target="#K3.1.4">cf. Catalogue 3.1.4</ref>
                </catDesc>
                <catDesc>How large is the text collection in
                                                  number of tokens?</catDesc>
                <category xml:id="tokens_lt100.000">
                  <catDesc>
                    <num type="boolean" value="0"/>
                  </catDesc>
                </category>
                <category xml:id="tokens_100.000-1mio">
                  <catDesc>
                    <num type="boolean" value="0"/>
                  </catDesc>
                </category>
                <category xml:id="tokens_gt1mio">
                  <catDesc>
                    <num type="boolean" value="0"/>
                  </catDesc>
                </category>
                <category xml:id="tokens_gt10mio">
                  <catDesc>
                    <num type="boolean" value="0"/>
                  </catDesc>
                </category>
                <category corresp="#unknown">
                  <catDesc>
                    <num type="boolean" value="1"/>
                  </catDesc>
                </category>
              </category>
            </category>
            <category xml:id="structure">
              <catDesc>
                <ref target="#K3.1.5">cf. Catalogue 3.1.5</ref>
              </catDesc>
              <catDesc>Does the text collection have identifiable
                                                  sub-collections or components?</catDesc>
              <catDesc>
                <num type="boolean" value="0"/>
              </catDesc>
            </category>
            <category xml:id="acquisition">
              <category xml:id="text_recording">
                <catDesc>
                  <ref target="#K3.1.6">cf. Catalogue 3.1.6</ref>
                </catDesc>
                <catDesc>Does the text collection record or
                                                  transcribe the textual data for the first
                                                  time?</catDesc>
                <catDesc>
                  <num type="boolean" value="0"/>
                </catDesc>
              </category>
              <category xml:id="text_integration">
                <catDesc>
                  <ref target="#K3.1.6">cf. Catalogue 3.1.6</ref>
                </catDesc>
                <catDesc>What kind of material has been taken over
                                                  from other sources?</catDesc>
                <category xml:id="full_text">
                  <catDesc>
                    <num type="boolean" value="1"/>
                  </catDesc>
                </category>
                <category xml:id="reuse_metadata">
                  <catDesc>
                    <num type="boolean" value="0"/>
                  </catDesc>
                </category>
                <category xml:id="reuse_annotation">
                  <catDesc>
                    <num type="boolean" value="0"/>
                  </catDesc>
                </category>
                <category corresp="#other">
                  <catDesc>
                    <num type="boolean" value="0"/>
                  </catDesc>
                  <category corresp="#free">
                    <gloss/>
                  </category>
                </category>
                <category corresp="#none">
                  <catDesc>
                    <num type="boolean" value="0"/>
                  </catDesc>
                </category>
              </category>
            </category>
            <category xml:id="quality">
              <catDesc>
                <ref target="#K3.1.7">cf. Catalogue 3.1.7</ref>
              </catDesc>
              <catDesc>Has the quality of the data
                                                  (transcriptions, metadata, annotations, etc.) been
                                                  checked?</catDesc>
              <catDesc>
                <num type="boolean" value="1"/>
              </catDesc>
            </category>
            <category xml:id="typology">
              <catDesc>
                <ref target="#K3.1.8">cf. Catalogue 3.1.8</ref>
              </catDesc>
              <catDesc>Considering aims and methods of the text collection, 
                                                    how would you classify it further? For definitions please 
                                                    consider the help-texts.</catDesc>
              <category xml:id="typology_general_purpose">
                <catDesc>
                  <num type="boolean" value="0"/>
                </catDesc>
              </category>
              <category xml:id="typology_corpus">
                <catDesc>
                  <num type="boolean" value="0"/>
                </catDesc>
              </category>
              <category xml:id="typology_collection_records">
                <catDesc>
                  <num type="boolean" value="0"/>
                </catDesc>
              </category>
              <category xml:id="typology_canon">
                <catDesc>
                  <num type="boolean" value="0"/>
                </catDesc>
              </category>
              <category xml:id="typology_oeuvre">
                <catDesc>
                  <num type="boolean" value="0"/>
                </catDesc>
              </category>
              <category xml:id="typology_reference_corpus">
                <catDesc>
                  <num type="boolean" value="0"/>
                </catDesc>
              </category>
              <category xml:id="typology_contrastive_corpus">
                <catDesc>
                  <num type="boolean" value="0"/>
                </catDesc>
              </category>
              <category xml:id="typology_parallel_corpus">
                <catDesc>
                  <num type="boolean" value="0"/>
                </catDesc>
              </category>
              <category xml:id="typology_diachronic_corpus">
                <catDesc>
                  <num type="boolean" value="1"/>
                </catDesc>
              </category>
              <category corresp="#other">
                <catDesc>
                  <num type="boolean" value="0"/>
                </catDesc>
                <category corresp="#free">
                  <gloss/>
                </category>
              </category>
            </category>
          </category>
          <category xml:id="data_modelling">
            <category xml:id="text_treatment">
              <catDesc>
                <ref target="#K3.2.1">cf. Catalogue 3.2.1</ref>
              </catDesc>
              <catDesc>How are the textual sources represented in the digital collection?</catDesc>
              <category xml:id="normalized_transcription">
                <catDesc>
                  <num type="boolean" value="0"/>
                </catDesc>
              </category>
              <category xml:id="orthographic_transcription">
                <catDesc>
                  <num type="boolean" value="0"/>
                </catDesc>
              </category>
              <category xml:id="phonetic_transcription">
                <catDesc>
                  <num type="boolean" value="0"/>
                </catDesc>
              </category>
              <category xml:id="diplomatic_transcription">
                <catDesc>
                  <num type="boolean" value="0"/>
                </catDesc>
              </category>
              <category xml:id="transliteration">
                <catDesc>
                  <num type="boolean" value="0"/>
                </catDesc>
              </category>
              <category xml:id="edited_text">
                <catDesc>
                  <num type="boolean" value="1"/>
                </catDesc>
              </category>
              <category xml:id="translated_text">
                <catDesc>
                  <num type="boolean" value="0"/>
                </catDesc>
              </category>
              <category xml:id="summarized_text">
                <catDesc>
                  <num type="boolean" value="0"/>
                </catDesc>
              </category>
              <category xml:id="sampled_text">
                <catDesc>
                  <num type="boolean" value="0"/>
                </catDesc>
              </category>
              <category corresp="#other">
                <catDesc>
                  <num type="boolean" value="0"/>
                </catDesc>
                <category corresp="#free">
                  <gloss/>
                </category>
              </category>
            </category>
            <category xml:id="basic_format">
              <catDesc>
                <ref target="#K3.2.4">cf. Catalogue 3.2.4</ref>
              </catDesc>
              <catDesc>In which basic format are the texts
                                                  encoded?</catDesc>
              <category xml:id="plain_text">
                <catDesc>
                  <num type="boolean" value="0"/>
                </catDesc>
              </category>
              <category xml:id="xml">
                <catDesc>
                  <num type="boolean" value="0"/>
                </catDesc>
              </category>
              <category xml:id="html">
                <catDesc>
                  <num type="boolean" value="0"/>
                </catDesc>
              </category>
              <category corresp="#other">
                <catDesc>
                  <num type="boolean" value="1"/>
                </catDesc>
                <category corresp="#free">
                  <gloss>Beta Code (probably)</gloss>
                </category>
              </category>
            </category>
            <category xml:id="annotation">
              <category xml:id="annotation_type">
                <catDesc>
                  <ref target="#K3.2.2">cf. Catalogue 3.2.2</ref>
                </catDesc>
                <catDesc>With what information are the texts further enriched?</catDesc>
                <category xml:id="semantic_annotations">
                  <catDesc>
                    <num type="boolean" value="0"/>
                  </catDesc>
                </category>
                <category xml:id="linguistic_annotations">
                  <catDesc>
                    <num type="boolean" value="0"/>
                  </catDesc>
                </category>
                <category xml:id="editorial_annotations">
                  <catDesc>
                    <num type="boolean" value="0"/>
                  </catDesc>
                </category>
                <category xml:id="structural_information">
                  <catDesc>
                    <num type="boolean" value="1"/>
                  </catDesc>
                </category>
                <category corresp="#other">
                  <catDesc>
                    <num type="boolean" value="0"/>
                  </catDesc>
                  <category corresp="#free">
                    <gloss/>
                  </category>
                </category>
                <category corresp="#none">
                  <catDesc>
                    <num type="boolean" value="0"/>
                  </catDesc>
                </category>
              </category>
              <category xml:id="annotation_integration">
                <catDesc>
                  <ref target="#K3.2.2">cf. Catalogue 3.2.2</ref>
                </catDesc>
                <catDesc>How are the annotations linked to the
                                                  texts themselves?</catDesc>
                <category xml:id="embedded">
                  <catDesc>
                    <num type="boolean" value="0"/>
                  </catDesc>
                </category>
                <category xml:id="stand-off">
                  <catDesc>
                    <num type="boolean" value="0"/>
                  </catDesc>
                </category>
                <category corresp="#other">
                  <catDesc>
                    <num type="boolean" value="0"/>
                  </catDesc>
                  <category corresp="#free">
                    <gloss/>
                  </category>
                </category>
                <category corresp="#not_applicable">
                  <catDesc>
                    <num type="boolean" value="1"/>
                  </catDesc>
                </category>
              </category>
            </category>
            <category xml:id="metadata">
              <category xml:id="metadata_type">
                <catDesc>
                  <ref target="#K3.2.3">cf. Catalogue 3.2.3</ref>
                </catDesc>
                <catDesc>What kind of metadata are included in the
                                                  text collection?</catDesc>
                <category xml:id="descriptive">
                  <catDesc>
                    <num type="boolean" value="0"/>
                  </catDesc>
                </category>
                <category xml:id="structural">
                  <catDesc>
                    <num type="boolean" value="1"/>
                  </catDesc>
                </category>
                <category xml:id="administrative">
                  <catDesc>
                    <num type="boolean" value="0"/>
                  </catDesc>
                </category>
                <category corresp="#other">
                  <catDesc>
                    <num type="boolean" value="0"/>
                  </catDesc>
                  <category corresp="#free">
                    <gloss/>
                  </category>
                </category>
                <category corresp="#none">
                  <catDesc>
                    <num type="boolean" value="0"/>
                  </catDesc>
                </category>
              </category>
              <category xml:id="metadata_level">
                <catDesc>
                  <ref target="#K3.2.2">cf. Catalogue 3.2.2</ref>
                </catDesc>
                <catDesc>On which level are the metadata
                                                  included?</catDesc>
                <category xml:id="whole_collection">
                  <catDesc>
                    <num type="boolean" value="0"/>
                  </catDesc>
                </category>
                <category xml:id="collection_parts">
                  <catDesc>
                    <num type="boolean" value="0"/>
                  </catDesc>
                </category>
                <category xml:id="individual_texts">
                  <catDesc>
                    <num type="boolean" value="1"/>
                  </catDesc>
                </category>
                <category corresp="#other">
                  <catDesc>
                    <num type="boolean" value="0"/>
                  </catDesc>
                  <category corresp="#free">
                    <gloss/>
                  </category>
                </category>
                <category corresp="#not_applicable">
                  <catDesc>
                    <num type="boolean" value="0"/>
                  </catDesc>
                </category>
              </category>
            </category>
            <category xml:id="data_standards">
              <category xml:id="data_schema">
                <catDesc>
                  <ref target="#K3.2.4">cf. Catalogue 3.2.4</ref>
                </catDesc>
                <catDesc>What kind of data/metadata/annotation
                                                  schemas are used for the text
                                                  collection?</catDesc>
                <category xml:id="standardized_schema">
                  <catDesc>
                    <num type="boolean" value="0"/>
                  </catDesc>
                </category>
                <category xml:id="customized_standard_schema">
                  <catDesc>
                    <num type="boolean" value="0"/>
                  </catDesc>
                </category>
                <category xml:id="project_specific">
                  <catDesc>
                    <num type="boolean" value="1"/>
                  </catDesc>
                </category>
                <category corresp="#none">
                  <catDesc>
                    <num type="boolean" value="0"/>
                  </catDesc>
                </category>
                <category corresp="#unknown">
                  <catDesc>
                    <num type="boolean" value="0"/>
                  </catDesc>
                </category>
              </category>
              <category xml:id="standard_format">
                <catDesc>
                  <ref target="#K3.2.4">cf. Catalogue 3.2.4</ref>
                </catDesc>
                <catDesc>Which standards for text encoding,
                                                  metadata and annotation are used in the text
                                                  collection?</catDesc>
                <category xml:id="tei">
                  <catDesc>
                    <num type="boolean" value="0"/>
                  </catDesc>
                </category>
                <category xml:id="cei">
                  <catDesc>
                    <num type="boolean" value="0"/>
                  </catDesc>
                </category>
                <category xml:id="ead">
                  <catDesc>
                    <num type="boolean" value="0"/>
                  </catDesc>
                </category>
                <category xml:id="xces">
                  <catDesc>
                    <num type="boolean" value="0"/>
                  </catDesc>
                </category>
                <category xml:id="dublin_core">
                  <catDesc>
                    <num type="boolean" value="0"/>
                  </catDesc>
                </category>
                <category xml:id="edm">
                  <catDesc>
                    <num type="boolean" value="0"/>
                  </catDesc>
                </category>
                <category xml:id="mets">
                  <catDesc>
                    <num type="boolean" value="0"/>
                  </catDesc>
                </category>
                <category xml:id="mods">
                  <catDesc>
                    <num type="boolean" value="0"/>
                  </catDesc>
                </category>
                <category xml:id="skos">
                  <catDesc>
                    <num type="boolean" value="0"/>
                  </catDesc>
                </category>
                <category xml:id="owl">
                  <catDesc>
                    <num type="boolean" value="0"/>
                  </catDesc>
                </category>
                <category xml:id="imdi">
                  <catDesc>
                    <num type="boolean" value="0"/>
                  </catDesc>
                </category>
                <category xml:id="cmdi">
                  <catDesc>
                    <num type="boolean" value="0"/>
                  </catDesc>
                </category>
                <category xml:id="tcf">
                  <catDesc>
                    <num type="boolean" value="0"/>
                  </catDesc>
                </category>
                <category xml:id="olac">
                  <catDesc>
                    <num type="boolean" value="0"/>
                  </catDesc>
                </category>
                <category xml:id="eagles">
                  <catDesc>
                    <num type="boolean" value="0"/>
                  </catDesc>
                </category>
                <category xml:id="pos_tagsets">
                  <catDesc>
                    <num type="boolean" value="0"/>
                  </catDesc>
                </category>
                <category corresp="#other">
                  <catDesc>
                    <num type="boolean" value="1"/>
                  </catDesc>
                  <category corresp="#free">
                    <gloss>Beta Code</gloss>
                  </category>
                </category>
                <category corresp="#none">
                  <catDesc>
                    <num type="boolean" value="0"/>
                  </catDesc>
                </category>
              </category>
            </category>
          </category>
          <category xml:id="provision">
            <category xml:id="basic_data_accessible">
              <catDesc>
                <ref target="#K4.1">cf. Catalogue 4.1</ref>
              </catDesc>
              <catDesc>Is the textual data accessible in a source
                                                  format (e.g. XML, TXT)?</catDesc>
              <catDesc>
                <num type="boolean" value="0"/>
              </catDesc>
            </category>
            <category xml:id="download">
              <catDesc>
                <ref target="#K4.2">cf. Catalogue 4.2</ref>
              </catDesc>
              <catDesc>Can the entire raw data of the project be
                                                  downloaded (as a whole)?</catDesc>
              <catDesc>
                <num type="boolean" value="0"/>
              </catDesc>
            </category>
            <category xml:id="technical_interfaces">
              <catDesc>
                <ref target="#K4.2">cf. Catalogue 4.2</ref>
              </catDesc>
              <catDesc>Are there technical interfaces which allow
                                                  the reuse of the data of the text collection in
                                                  other contexts?</catDesc>
              <category xml:id="OAI-PMH">
                <catDesc>
                  <num type="boolean" value="0"/>
                </catDesc>
              </category>
              <category xml:id="REST">
                <catDesc>
                  <num type="boolean" value="0"/>
                </catDesc>
              </category>
              <category xml:id="SPARQL_endpoint">
                <catDesc>
                  <num type="boolean" value="0"/>
                </catDesc>
              </category>
              <category xml:id="general_API">
                <catDesc>
                  <num type="boolean" value="0"/>
                </catDesc>
              </category>
              <category corresp="#other">
                <catDesc>
                  <num type="boolean" value="0"/>
                </catDesc>
                <category corresp="#free">
                  <gloss/>
                </category>
              </category>
              <category corresp="#none">
                <catDesc>
                  <num type="boolean" value="1"/>
                </catDesc>
              </category>
            </category>
            <category xml:id="analytical_data">
              <catDesc>
                <ref target="#K4.3">cf. Catalogue 4.3</ref>
              </catDesc>
              <catDesc>Besides the textual data, does the project
                                                  provide analytical data (e.g. statistics) to
                                                  download or harvest?</catDesc>
              <catDesc>
                <num type="boolean" value="1"/>
              </catDesc>
            </category>
            <category xml:id="reuse">
              <catDesc>
                <ref target="#K4.4">cf. Catalogue 4.4</ref>
              </catDesc>
              <catDesc>Can you use the data with other tools
                                                  useful for this kind of content?</catDesc>
              <catDesc>
                <num type="boolean" value="0"/>
              </catDesc>
            </category>
          </category>
          <category xml:id="user_interface">
            <category xml:id="interface_provision">
              <catDesc>
                <ref target="#K5.1">cf. Catalogue 5.1</ref>
              </catDesc>
              <catDesc>Does the text collection have a dedicated
                                                  user interface designed for the collection at hand
                                                  in which the texts of the collection are
                                                  represented and/or in which the data is
                                                  analyzable?</catDesc>
              <catDesc>
                <num type="boolean" value="1"/>
              </catDesc>
            </category>
            <category xml:id="user_interface_sub">
              <category xml:id="usability">
                <catDesc>
                  <ref target="#K5.3">cf. Catalogue 5.3</ref>
                </catDesc>
                <catDesc>From your point of view, is the interface
                                                  of the text collection clearly arranged and easy to navigate so that
                                                  the user can quickly identify the purpose, the
                                                  content and the main access methods of the
                                                  resource?</catDesc>
                <catDesc>
                  <num type="boolean" value="1"/>
                </catDesc>
              </category>
              <category xml:id="access_modes">
                <category xml:id="browsing">
                  <catDesc>
                    <ref target="#K5.4">cf. Catalogue 5.4</ref>
                  </catDesc>
                  <catDesc>Does the project offer the possibility to
                                                  browse the contents by simple browsing options or advanced structured access
                                                  via indices (e.g. by author, year,
                                                  genre)?</catDesc>
                  <catDesc>
                    <num type="boolean" value="1"/>
                  </catDesc>
                </category>
                <category xml:id="full_text_search">
                  <catDesc>
                    <ref target="#K5.4">cf. Catalogue 5.4</ref>
                  </catDesc>
                  <catDesc>Does the project offer a fulltext
                                                  search?</catDesc>
                  <catDesc>
                    <num type="boolean" value="1"/>
                  </catDesc>
                </category>
                <category xml:id="advanced_search">
                  <catDesc>
                    <ref target="#K5.4">cf. Catalogue 5.4</ref>
                  </catDesc>
                  <catDesc>Does the project offer an advanced
                                                  search?</catDesc>
                  <catDesc>
                    <num type="boolean" value="1"/>
                  </catDesc>
                </category>
              </category>
              <category xml:id="analysis">
                <category xml:id="analysis_tools">
                  <catDesc>
                    <ref target="#K5.5">cf. Catalogue 5.5</ref>
                  </catDesc>
                  <catDesc>Does the text collection integrate tools
                                                  for analyses of the data?</catDesc>
                  <catDesc>
                    <num type="boolean" value="0"/>
                  </catDesc>
                </category>
                <category xml:id="analysis_customization">
                  <catDesc>
                    <ref target="#K5.5">cf. Catalogue 5.5</ref>
                  </catDesc>
                  <catDesc>Can the user alter the interface in order
                                                  to affect the outcomes of representation and
                                                  analysis of the text collection (besides basic
                                                  search functionalities), e.g. by applying his or
                                                  her own queries or by choosing analysis
                                                  parameters?</catDesc>
                  <catDesc>
                    <num type="boolean" value="0"/>
                  </catDesc>
                </category>
              </category>
              <category xml:id="visualization">
                <catDesc>
                  <ref target="#K5.6">cf. Catalogue 5.6</ref>
                </catDesc>
                <catDesc>Does the text collection provide
                                                  particular visualizations of the data?</catDesc>
                <category xml:id="networks">
                  <catDesc>
                    <num type="boolean" value="0"/>
                  </catDesc>
                </category>
                <category xml:id="charts">
                  <catDesc>
                    <num type="boolean" value="0"/>
                  </catDesc>
                </category>
                <category xml:id="treemaps">
                  <catDesc>
                    <num type="boolean" value="0"/>
                  </catDesc>
                </category>
                <category xml:id="wordclouds">
                  <catDesc>
                    <num type="boolean" value="0"/>
                  </catDesc>
                </category>
                <category corresp="#other">
                  <catDesc>
                    <num type="boolean" value="0"/>
                  </catDesc>
                  <category corresp="#free">
                    <gloss/>
                  </category>
                </category>
                <category xml:id="no_visualization">
                  <catDesc>
                    <num type="boolean" value="1"/>
                  </catDesc>
                </category>
              </category>
              <category xml:id="personalization">
                <catDesc>
                  <ref target="#K5.7">cf. Catalogue 5.7</ref>
                </catDesc>
                <catDesc>Is there a personalisation mode that
                                                  enables the users e.g. to create their own
                                                  sub-collections of the existing text
                                                  collection?</catDesc>
                <catDesc>
                  <num type="boolean" value="0"/>
                </catDesc>
              </category>
            </category>
          </category>
          <category xml:id="preservation">
            <category xml:id="documentation_project">
              <catDesc>
                <ref target="#K6.1">cf. Catalogue 6.1</ref>
              </catDesc>
              <catDesc>Does the text collection provide sufficient documentation about the project in
                                                    general as well as about the aims, contents and methods of the text collection?</catDesc>
              <catDesc>
                <num type="boolean" value="0"/>
              </catDesc>
            </category>
            <category xml:id="open_access">
              <catDesc>
                <ref target="#K6.2">cf. Catalogue 6.2</ref>
              </catDesc>
              <catDesc>Is the text collection Open Access?</catDesc>
              <catDesc>
                <num type="boolean" value="1"/>
              </catDesc>
            </category>
            <category xml:id="rights">
              <category xml:id="rights_declared">
                <catDesc>
                  <ref target="#K6.2">cf. Catalogue 6.2</ref>
                </catDesc>
                <catDesc>Are the rights to (re)use the content declared?</catDesc>
                <catDesc>
                  <num type="boolean" value="1"/>
                </catDesc>
              </category>
              <category xml:id="rights_license">
                <catDesc>
                  <ref target="#K6.2">cf. Catalogue 6.2</ref>
                </catDesc>
                <catDesc>Under what license are the contents released?</catDesc>
                <category xml:id="CC0">
                  <catDesc>
                    <num type="boolean" value="0"/>
                  </catDesc>
                </category>
                <category xml:id="CC-BY_only">
                  <catDesc>
                    <num type="boolean" value="0"/>
                  </catDesc>
                </category>
                <category xml:id="CC-BY-ND">
                  <catDesc>
                    <num type="boolean" value="0"/>
                  </catDesc>
                </category>
                <category xml:id="CC-BY-NC">
                  <catDesc>
                    <num type="boolean" value="0"/>
                  </catDesc>
                </category>
                <category xml:id="CC-BY-SA">
                  <catDesc>
                    <num type="boolean" value="0"/>
                  </catDesc>
                </category>
                <category xml:id="CC-BY-NC-ND">
                  <catDesc>
                    <num type="boolean" value="0"/>
                  </catDesc>
                </category>
                <category xml:id="CC-BY-NC-SA">
                  <catDesc>
                    <num type="boolean" value="0"/>
                  </catDesc>
                </category>
                <category xml:id="PDM">
                  <catDesc>
                    <num type="boolean" value="0"/>
                  </catDesc>
                </category>
                <category corresp="#other">
                  <catDesc>
                    <num type="boolean" value="1"/>
                  </catDesc>
                  <category corresp="#free">
                    <gloss>"Fair use"</gloss>
                  </category>
                </category>
                <category xml:id="no_license">
                  <catDesc>
                    <num type="boolean" value="0"/>
                  </catDesc>
                </category>
              </category>
            </category>
            <category xml:id="persistent_identification">
              <catDesc>
                <ref target="#K6.3">cf. Catalogue 6.3</ref>
              </catDesc>
              <catDesc>Are there persistent identifiers and an addressing system for the text
                                                    collection and/or parts/objects of it and which mechanism is used to that
                                                    end?</catDesc>
              <category xml:id="DOI">
                <catDesc>
                  <num type="boolean" value="0"/>
                </catDesc>
              </category>
              <category xml:id="ARK">
                <catDesc>
                  <num type="boolean" value="0"/>
                </catDesc>
              </category>
              <category xml:id="URN">
                <catDesc>
                  <num type="boolean" value="0"/>
                </catDesc>
              </category>
              <category xml:id="PURL.ORG">
                <catDesc>
                  <num type="boolean" value="0"/>
                </catDesc>
              </category>
              <category corresp="#other">
                <catDesc>
                  <num type="boolean" value="0"/>
                </catDesc>
                <category corresp="#free">
                  <gloss/>
                </category>
              </category>
              <category xml:id="persistent_URLs">
                <catDesc>
                  <num type="boolean" value="1"/>
                </catDesc>
              </category>
              <category corresp="#none">
                <catDesc>
                  <num type="boolean" value="0"/>
                </catDesc>
              </category>
            </category>
            <category xml:id="citation">
              <catDesc>
                <ref target="#K6.3">cf. Catalogue 6.3</ref>
              </catDesc>
              <catDesc>Does the text collection supply citation guidelines?</catDesc>
              <catDesc>
                <num type="boolean" value="0"/>
              </catDesc>
            </category>
            <category xml:id="archiving">
              <catDesc>
                <ref target="#K6.4">cf. Catalogue 6.4</ref>
              </catDesc>
              <catDesc>Does the documentation include information about the long term sustainability
                                                    of the basic data (archiving of the data)?</catDesc>
              <catDesc>
                <num type="boolean" value="0"/>
              </catDesc>
            </category>
            <category xml:id="curation">
              <catDesc>
                <ref target="#K6.4">cf. Catalogue 6.4</ref>
              </catDesc>
              <catDesc>Does the project provide information about institutional support for the
                                                    curation and sustainability of the project?</catDesc>
              <catDesc>
                <num type="boolean" value="0"/>
              </catDesc>
            </category>
            <category xml:id="completion">
              <catDesc>
                <ref target="#K6.4">cf. Catalogue 6.4</ref>
              </catDesc>
              <catDesc>Is the text collection completed?</catDesc>
              <catDesc>
                <num type="boolean" value="1"/>
              </catDesc>
            </category>
          </category>
        </taxonomy>
      </classDecl>
    </encodingDesc>
  </teiHeader>
  <text>
    <body>
      <div type="abstract">PHI Latin Texts (PHI, in short), although published online in 2015, provides access to the contents of the 1998 CD-ROM version of the same database. It has a minimalistic user interface which allows users to browse the collection and run full-text searches on selected works or the whole collection. The texts are taken from reliable critical editions, but without introduction and critical apparatus. Although technologically obsolete by today&#x2019;s standards (e. g. TEI/XML are not used), PHI is still one of the most widely used open access text collections of Roman literature.</div>
      <div type="text">
        <p>With the emergence of computers, classical philologists had quickly recognized the enormous value a consistently encoded digital corpus of ancient Greek and Latin texts would offer for them. Two databases of similar design were the result of work started already in the 1970&#x2019;s: <emph>Thesaurus Linguae Graecae</emph> (TLG), containing ancient Greek texts, and the Packard Humanities Institute database of ancient Latin texts (henceforth, PHI).<note xml:id="ftn1" n="1">For the (early) history of &#x2018;digital classics&#x2019; see Brunner 1993, Crane 2004, and &#x2018;The History of the TLG&#x2019; on the project&#x2019;s website (<ptr target="https://web.archive.org/web/20170228114133/http://stephanus.tlg.uci.edu/history.php"/>). Some of the more recent developments are discussed in Bernstein&#x2014;Coffee 2016.</note> Up to the end of the 1990&#x2019;s, subsequent versions of these databases were distributed on CD-ROM, to be accessed with various free and commercial applications available for different platforms.<note xml:id="ftn2" n="2">A list of applications for Windows and Mac can be found on the TLG website (<ptr target="https://web.archive.org/web/20160427153442/http://www.tlg.uci.edu:80/about/cd_soft.php"/>); missing from this list is Diogenes, a free and especially versatile application developed by Peter Heslin (Dept. of Classics and Ancient History at Durham University,</note></p>
        <p>In the early 2000&#x2019;s, however, the paths of TLG and PHI separated. TLG was made available online in 2001, with a full version by subscription and a limited set of texts for free.<note xml:id="ftn3" n="3"><ptr target="https://web.archive.org/web/20171005010120/http://stephanus.tlg.uci.edu/"/></note> It is constantly updated with the addition of more texts and new search options. PHI, on the other hand, had remained for another decade in the offline world, with no new versions of the database produced (the latest being version 5.3, published in 1991). Finally, in 2015, the latest version of PHI was made freely accessible online.<note xml:id="ftn4" n="4"><ptr target="https://web.archive.org/web/20171011020849/http://latin.packhum.org/"/></note> The online version specifically is the subject of this review, written from the perspective of a classical philologist rather than that of an expert in digital humanities.<note xml:id="ftn5" n="5">For another recent review of the online PHI, see Matthew Loar&#x2019;s post (Apr. 17, 2017) on the Society for Classical Studies blog (<ptr target="https://web.archive.org/web/20171005124235/https://classicalstudies.org/scs-blog/matthew-loar/review-packard-humanities-institute-phi%E2%80%94classical-latin-texts"/>).</note></p>
        <p>I cannot offer a comprehensive comparison of all currently available databases containing ancient Latin texts; but I will compare some features offered by PHI with free databases such as <emph>Perseus Digital Library</emph> (henceforth, PDL) or <emph>The Latin Library</emph> (LL), and paid databases such as Brepols&#x2019; <emph>Library of Latin Texts</emph> (LLT) or De Gruyter&#x2019;s <emph>Bibliotheca Teubneriana Latina Online</emph> (BTL).<note xml:id="ftn6" n="6">PDL: <ptr target="https://web.archive.org/web/20171023204545/http://www.perseus.tufts.edu/hopper/"/> (reviewed for this issue of ride by Sarah Lang); LL: <ptr target="https://web.archive.org/web/20171011020819/http://www.thelatinlibrary.com/"/>; LLT: <ptr target="https://web.archive.org/web/20170927031541/http://www.brepolis.net/"/>; BTL: <ptr target="https://web.archive.org/web/20160317074929/http://www.degruyter.com:80/view/db/btl"/>. In this review, I will not consider the excellent <emph>Musisque Deoque</emph> database (<ptr target="https://web.archive.org/web/20171029101055/http://www.mqdq.it/public/"/>), as it is a genre-specific collection of Latin poetic texts.</note></p>
        <p>Although there is no general documentation (apart from three sentences on the &#x2018;About PHI Latin&#x2019; page),<note xml:id="ftn7" n="7"><ptr target="https://web.archive.org/web/20170705080503/http://latin.packhum.org/about"/></note> the above outlined history makes it clear that PHI has always been a research tool designed primarily for professional classicists. The online version contains nearly all surviving literary texts (&#x2018;literary&#x2019; in the broad sense of having been written for public circulation), including not just complete works, but also fragments (in many cases, only a couple of words) from the beginnings of Latin literature in the 3rd century BC up to AD 200 (concerning the editions used, see below). A few late antique texts, however, are also present, such as Servius&#x2019; (4&#x2013;5th c.) commentaries on Vergil. In all, 836 works by 362 authors are represented. PHI does not (and was to my knowledge never intended to) contain texts from inscriptions and papyri (except for a few literary works not known otherwise, such as Augustus&#x2019; <emph>Res gestae</emph>). The only difference between the coverage of texts in the online PHI and the latest CD-ROM version is that the latter also contains several (not just Latin) versions of the <emph>Bible</emph> and John Milton&#x2019;s <emph>Paradise Lost</emph> and <emph>Defensio pro populo Anglicano (First Defence)</emph>. Actually, the removal of these texts made the online PHI a more uniform textual corpus with regard to language and period.</p>
        <p>The limit of AD 200, of course, remains arbitrary, and the addition of just a few later texts such as Claudian&#x2019;s epic <emph>De raptu Proserpinae</emph> or Ammianus Marcellinus&#x2019; <emph>Res gestae</emph> covering later Roman history (both 4th c. works) would have improved the coverage of the respective genres of (non-Christian) Roman literature considerably. Nevertheless, the virtually complete coverage of literary texts for the selected period is remarkable, and makes PHI (to my knowledge) the only freely available database allowing representative and reliable corpus-wide searches for that much of surviving Roman literature. To include late antique texts in the research, one either has to use paid databases with greater period coverage (such as LLT and BTL), or consult individual texts in other free databases (Ammianus and Claudian, for example, are both included in PDL and LL).<note xml:id="ftn8" n="8">Another option for non-Christian late-antique Latin texts is <emph>Biblioteca digitale di testi latini tardoantichi</emph> (digilibLT), a resource I am not (yet) familiar with: <ptr target="https://web.archive.org/web/20170331001634/http://digiliblt.lett.unipmn.it/index.php"/>.</note></p>
        <p>Another strength of PHI, when compared to other free databases of similar nature, is that its texts are based on high-quality transcriptions from reliable and, if possible, recent critical editions available at the time of building the database. (By comparison, PDL offers reliably transcribed texts from earlier, out of copyright editions; LL offers texts which are sometimes transcribed with many typos, often from obsolete, unreliable or unidentified editions.) Only the established text itself is included in PHI; introduction, <emph>apparatus criticus</emph> and any additional material must still be consulted in the print editions themselves.</p>
        <p>The only &#x2013; but crucially important &#x2013; kind of metadata or annotation accompanying the texts themselves are the standard numeric markers which are used in classical philology for consistent and (mostly) edition-independent citation of even short passages (e.g. 23.45.4.2 referring to a given book/chapter/sub-chapter/line in a lengthy prose work such as Livy&#x2019;s monumental history of Rome, <emph>Ab Urbe Condita</emph>). PHI can also handle URL&#x2019;s containing such references.<note xml:id="ftn9" n="9">E. g. <ptr target="https://web.archive.org/web/20171029102206/http://latin.packhum.org/cit/Liv/AUC/23.45.4.2"/> for the above example.</note> This URL scheme, however, is undocumented and unfortunately not employed by PHI when navigating through the user interface; still, it allows other LOD-services like the <emph>Classical Works Knowledge Base</emph><note xml:id="ftn10" n="10"><ptr target="https://web.archive.org/web/20170912044046/http://cwkb.org/"/></note> (a parser for such standard citations) to include links to PHI alongside other databases.</p>
        <p>Texts can be displayed in Unicode (the default) or Beta code<note xml:id="ftn11" n="11">For documentation on Beta code, see <ptr target="https://web.archive.org/web/20170228090504/http://stephanus.tlg.uci.edu/encoding.php"/>.</note> (designed during the 1980&#x2019;s to allow precise encoding of Ancient Greek, originally, but used in both TLG and PHI). It is not stated in which format the texts are stored; but it seems more probable that it is (some derivation of) the original format used on the PHI CD-ROM rather than TEI/XML (the use of the latter is one of the strengths of PDL).</p>
        <p>The CD-ROM version of PHI (and TLG) contains only the database itself. The online version, by contrast, is tied to its own user interface; there is no (documented) way to access the data by different means. There is also no option to download a formatted list of search results or particular passages of text (not to speak about the ability to download whole texts or the whole corpus for textual analysis done by other tools).<note xml:id="ftn12" n="12">However, if one has access to the PHI CD-ROM, the corpus can be imported into and analyzed by the <emph>Classical Language Toolkit</emph>: <ptr target="https://web.archive.org/web/20170911143801/http://cltk.org/"/>.</note> However, since virtually every view PHI can display is represented by a distinct URL, one can easily bookmark or share links to specific queries or passages.</p>
        <p>PHI has a minimalistic user interface with some undocumented and (in my view) unintuitively accessible features; however, after some experimentation, it can be used quite efficiently. There are three modes of operation: Browse, Search and Concordance.</p>
        <figure>
          <head>Fig. 1: Browsing by authors.</head>
          <graphic url="wp-content/uploads/issue_8/PHI/pictures/picture-1.png"/>
        </figure>
        <figure>
          <head>Fig. 2: Selected author.</head>
          <graphic url="wp-content/uploads/issue_8/PHI/pictures/picture-2.png"/>
        </figure>
        <p>After accepting a simple licence agreement (allowing &#x2018;fair use&#x2019;) on the opening page, the user is taken to the &#x2018;Browse&#x2019; page,<note xml:id="ftn13" n="13"><ptr target="https://web.archive.org/web/20170705080758/http://latin.packhum.org/browse"/></note> where an author can be selected from a list (in addition to scrolling, one can also begin to type in a name, see Fig. 1). Another page lists the texts &#x2013; particular works and/or collections of fragments &#x2013; by the selected author; hovering a title brings up the citation of the edition upon which the digital text is based (see Fig. 2). Unfortunately, this vital information is only accessible from here (and the &#x2018;Canon of Latin Authors&#x2019; page),<note xml:id="ftn14" n="14"><ptr target="https://web.archive.org/web/20170308033140/http://latin.packhum.org:80/canon"/></note> not while viewing a particular passage. This is an inconvenience, especially when the user is going through a list of search results including various authors and texts. Also displayed on the author&#x2019;s page (in square brackets) are abbreviations for both author and texts, which can be used in search mode to filter results (see below).<note xml:id="ftn15" n="15">These abbreviations correspond to numerical codes which make up the link to the text itself: e.g. Vergil&#x2019;s <emph>Aeneid</emph> = [Verg:A] = 690/3, <ptr target="https://web.archive.org/web/20161125054248/http://latin.packhum.org:80/loc/690/3/0"/>.</note></p>
        <figure>
          <head>Fig. 3: Display of a text, here <emph>Ab Urbe Condita</emph> by Titus Livius.</head>
          <graphic url="wp-content/uploads/issue_8/PHI/pictures/picture-3.png"/>
        </figure>
        <p>Except for the shortest ones, texts are displayed on several pages (see Fig. 3). The length of segments making up a single page, however, is inconsistent and varies to a large degree, even between texts of similar genre and dimensions (e.g. for Vergil&#x2019;s 12 book epic <emph>Aeneid</emph> one page equals one book, an average of 825 lines; the 15 books of Ovid&#x2019;s <emph>Metamorphoses</emph> are segmented as pages of 30&#x2013;40 lines). This inconsistency can be especially problematic for search operations (see below). For navigation, there are links pointing at the previous and the next page; a slider for jumping to any page; and the slider arrows for jumping to the beginning of major textual segments (usually, books). Apart from the fact that the slider arrows have sometimes different, sometimes the same function as the labeled links (a side effect of the above mentioned inconsistency in page lengths), the slider is not always convenient to use. Let us suppose, for example, that the user is looking for passage 23.45.4 in Livy (already used as an example above). Since this text is made up of 1765 pages in PHI (one page for each <emph>caput</emph>/chapter), it is very difficult to precisely select the right page. The navigation interface could be made much more convenient to use by the addition of a text field where one would simply enter &#x201C;23.45.4&#x201D; and jump to the page containing the passage. Given that PHI, as discussed above, can already handle URLs based on this standard citation scheme, this seems to be an improvement easy to implement.</p>
        <p>A very concise Latin/English dictionary can be opened for type-in search by clicking the &#x2018;PHI Latin Texts&#x2019; logo in the upper right corner. I find the placement of this link quite unintuitive (especially given that this feature is undocumented), and it is not stated anywhere which dictionary is being used.</p>
        <figure>
          <head>Fig. 4: Display of search results.</head>
          <graphic url="wp-content/uploads/issue_8/PHI/pictures/picture-4.png"/>
        </figure>
        <figure>
          <head>Fig. 5: Search results as 'Statistics'.</head>
          <graphic url="wp-content/uploads/issue_8/PHI/pictures/picture-5.png"/>
        </figure>
        <figure>
          <head>Fig. 6: Search results as 'Concordance'.</head>
          <graphic url="wp-content/uploads/issue_8/PHI/pictures/picture-6.png"/>
        </figure>
        <p>The other main mode of operation is Search.<note xml:id="ftn16" n="16"><ptr target="https://web.archive.org/web/20170705045034/http://latin.packhum.org/search"/></note> The search page, again, is quite minimalistic: all parameters must be specified as part of the search phrase through logical operators. A short list of them can be displayed by clicking the cogwheel icon; a longer description of search operations (with more examples) is found on a separate page.<note xml:id="ftn17" n="17"><ptr target="https://web.archive.org/web/20170102185851/http://latin.packhum.org:80/help/search"/></note> Queries are corpus-wide by default, but one can narrow them down to specific authors and/or texts by adding the above discussed abbreviations in square brackets (for example, &#x201C;Romulus [Verg Ov:Met]&#x201D; limits a query to Vergil&#x2019;s <emph>oeuvre</emph> and Ovid&#x2019;s <emph>Metamorphoses</emph>); the selection of abbreviations is helped by type-in search. Results are displayed as a list of passages with the citation and the immediate context (3 lines) by default (also serving as links to the full passage in browsing mode, see Fig. 4); or, by clicking the &#x2018;Statistics&#x2019; icon, as a re-sortable table listing absolute counts and weighted frequencies of occurrences by author (see Fig. 5). (Concordance mode<note xml:id="ftn18" n="18"><ptr target="https://web.archive.org/web/20170705072055/http://latin.packhum.org/concordance"/></note> can be considered basically as a third way to display search results, and will not be discussed separately, see Fig. 6).</p>
        <figure>
          <head>Fig. 7: Advanced search options.</head>
          <graphic url="wp-content/uploads/issue_8/PHI/pictures/picture-7.png"/>
        </figure>
        <p>By default, PHI looks for character strings rather than words; word boundaries must be signalled with the # operator. It is also not possible to search for all inflected forms of a word, unless the user types them in one by one, separated by | standing for the OR operator, or truncates words (which in most cases leads to a very high number of false positives, given the high inflection rate of Latin). The AND operator (&amp;) looks for occurrences on the same page; and there is a proximity operator (~) as well to look for occurrences within about 100 characters (on the same page), in any relative order (the degree of proximity cannot be changed, see Fig. 7). In my experience, proximity search is perhaps the most useful feature of PHI, as it allows the user to efficiently look up noun phrases, for example, whose constituent words &#x2013; given the relatively free word order of Latin &#x2013; might not be found next to each other in a sentence. The reliability of proximity search, however, is somewhat limited by the fact that PHI is only looking for the co-occurrence of two strings on the same page. Page boundaries always correspond to sentence boundaries, thus noun phrases will always be found; but if one is looking for the thematic co-occurrence (rather than the grammatical conjunction) of two words, contexts where one word occurs in the last line of a page, the other in the first line of the next will not be found.</p>
        <p>These limitations notwithstanding, with some experimentation one can formulate very efficient search phrases; for example, &#x201C;(#mos|#more|#mori)~#maiorum&#x201D; returns all occurrences of the phrase <emph>mos maiorum</emph> (&#x2018;ancestral customs&#x2019;, an important catchword in traditional Roman ideology), taking into regard inflected forms while minimizing the number of false positives. (Not surprisingly, by far the most occurrences for this phrase happen to be found in Cicero). Alternatively, if one has access to the CD-ROM version of PHI, Diogenes<note xml:id="ftn19" n="19"><ptr target="https://web.archive.org/web/20171019132903/http://community.dur.ac.uk/p.j.heslin/Software/Diogenes/"/></note> can be used to run even more complex queries, as it allows the use of regular expressions, can search for inflected forms (at least in single-word queries), and offers proximity search with a greater set of tunable parameters, not limited by the above discussed problem with page boundaries.</p>
        <p>PHI, as I hope to have shown in the review above, is a double-faced project. On the one hand, it is the late incarnation of a database designed three decades ago. As such, it is not based on up-to-date standards for the digital encoding, access and presentation of textual data. It is also not well documented and shows no signs of being developed further. The institutional background of PHI makes one hope that the database will remain online on the long term; but there is no indication on the website whether or not the corpus is safely archived. (An email address is provided on the website to contact the Institute with questions and comments; however, I have received no reply to my inquiries by the time this review is published.) Modernization of the whole underlying database would require substantial human and financial resources, of course; but at least some fine-tuning of the user interface (perhaps with community help) seems feasible and would be very welcome. On the other hand, PHI has proven to be in practice a wonderful tool (especially in intertextual research), widely used by classical philologists for decades now; and the generosity of the Packard Humanities Institute in making it freely accessible through an online interface deserves our gratitude. It will remain an important tool at least until the new generation of classical Latin <emph>corpora</emph><note xml:id="ftn20" n="20">See e. g. the <emph>Open Greek and Latin Project</emph> (<ptr target="https://web.archive.org/web/20171210182145/http://www.dh.uni-leipzig.de/wo/projects/open-greek-and-latin-project/"/>), aiming at producing XML versions of at least one print edition of each work; the <emph>Digital Latin Library</emph> of the Society for Classical Studies (<ptr target="https://web.archive.org/web/20180122103901/https://digitallatin.org/"/>) is planned to be a series of new digital critical editions.</note> become available.<note xml:id="ftn21" n="21">This review was written with support by the &#xDA;NKP-17-4 <emph>New National Excellence Program</emph> of the Ministry of Human Capacities (Hungary).</note></p>
      </div>
      <div type="references">
        <listBibl>
          <bibl>Brunner, Theodore F. 1993. “Classics and the Computer: The History.” <emph>Accessing Antiquity. The Computerization of Classical Databases</emph>, edited by Jon Solomon, Tucson: University of Arizona Press, 10&#x2013;33.</bibl>
          <bibl>Crane, Gregory. 2004. “Classics and the Computer: An End of the History.” <emph>A Companion to Digital Humanities</emph>, edited by Susan Schreibman, Ray Siemens, John Unsworth, Oxford: Blackwell Publishing, 46&#x2013;55 and online at: <ptr target="https://web.archive.org/web/20160506084849/http://www.digitalhumanities.org/companion/view?docId=blackwell/9781405103213/9781405103213.xml&amp;chunk.id=ss1-2-4&amp;toc.depth=1&amp;toc.id=ss1-2-4&amp;brand=default"/></bibl>
          <bibl>Bernstein, Neil and Coffee, Neil (eds.). 2016. <emph>Digital Methods and Classical Studies</emph> = <emph>Digital Humanities Quarterly</emph> 10.2, <ptr target="https://web.archive.org/web/20170707073624/http://www.digitalhumanities.org/dhq/vol/10/2/index.html"/></bibl>
        </listBibl>
      </div>
    </body>
  </text>
</TEI>
